subject_uuid,Date,Time,Device,Mode,Test,Direction,Position,L Reps,R Reps,L Max Force (N),R Max Force (N),Max Imbalance,L Max Ratio,R Max Ratio,L Avg Force (N),R Avg Force (N),Avg Imbalance,L Avg Ratio,R Avg Ratio,L Max Impulse (Ns),R Max Impulse (Ns),Impulse Imbalance (%),L Max Force Per kg (N/kg),R Max Force Per kg (N/kg),L Avg Force Per kg (N/kg),R Avg Force Per kg (N/kg),L Max RFD (N/s),R Max RFD (N/s),L Avg RFD (N/s),R Avg RFD (N/s),L Min Time To Peak Force (s),R Min Time To Peak Force (s),L Avg Time To Max Force (s),R Avg Time To Max Force (s),L Max RFD 50ms (N/s),R Max RFD 50ms (N/s),L Avg RFD 50ms (N/s),R Avg RFD 50ms (N/s),L Max RFD 100ms (N/s),R Max RFD 100ms (N/s),L Avg RFD 100ms (N/s),R Avg RFD 100ms (N/s),L Max RFD 150ms (N/s),R Max RFD 150ms (N/s),L Avg RFD 150ms (N/s),R Avg RFD 150ms (N/s),L Max RFD 200ms (N/s),R Max RFD 200ms (N/s),L Avg RFD 200ms (N/s),R Avg RFD 200ms (N/s),L Max RFD 250ms (N/s),R Max RFD 250ms (N/s),L Avg RFD 250ms (N/s),R Avg RFD 250ms (N/s),L Max Impulse 50ms (Ns),R Max Impulse 50ms (Ns),L Avg Impulse 50ms (Ns),R Avg Impulse 50ms (Ns),L Max Impulse 100ms (Ns),R Max Impulse 100ms (Ns),L Avg Impulse 100ms (Ns),R Avg Impulse 100ms (Ns),L Max Impulse 150ms (Ns),R Max Impulse 150ms (Ns),L Avg Impulse 150ms (Ns),R Avg Impulse 150ms (Ns),L Max Impulse 200ms (Ns),R Max Impulse 200ms (Ns),L Avg Impulse 200ms (Ns),R Avg Impulse 200ms (Ns),L Max Impulse 250ms (Ns),R Max Impulse 250ms (Ns),L Avg Impulse 250ms (Ns),R Avg Impulse 250ms (Ns),Notes
68ba208c-e483-496b-a380-3330f1c8d1f2,08/25/2026,7:41 AM,ForceFrame-3057,Bar + Frame,Hip AD/AB,Pull,Hip AD/AB - 45,3,3,224.75,229.75,2.1762785636561532,1.16,1.16,210.83333333333334,216.25,2.5048169556840083,1.18,1.16,1963.0896874995856,2024.9028125005502,3.0526465082357013,,,,,970.5882352936194,900.000000000179,776.4705882353534,766.6666666671517,1.067499999999999,1.012500000000001,1.9016666666666662,1.9108333333333334,655.000000000014,554.9999999999922,433.33333333333354,466.66666666664963,662.5000000000024,647.5000000000023,512.4999999999967,547.5000000000024,666.6666666666572,634.9999999999985,529.9999999999973,554.999999999996,618.7499999999912,608.7500000000022,516.249999999996,532.9166666666646,582,569,469.6666666666667,476,3.1828124999993666,3.9206250000075773,1.6983333333328572,2.54854166666871,8.133437499998381,9.004062500017401,4.8030208333324085,6.518645833337658,14.602499999997095,15.042187500029073,9.329791666665184,11.996979166673205,22.384687499995547,21.92718750004238,15.204062499997766,18.76447916667537,30.879374999993857,29.406874999994148,22.034479166663527,26.390208333344106,
68ba208c-e483-496b-a380-3330f1c8d1f2,08/25/2026,7:41 AM,ForceFrame-3057,Bar + Frame,Hip AD/AB,Squeeze,Hip AD/AB - 45,3,3,260,265.5,2.0715630885122405,1.16,1.16,249.5,250.75,0.49850448654037427,1.18,1.16,2134.4356250006904,2146.8396875001763,0.5777824292939826,,,,,641.1764705882513,652.9411764705994,490.196078431237,513.7254901960451,1.6575000000000024,1.7475000000000005,2.4433333333333347,2.49,204.99999999999892,180.00000000000065,174.99999999999815,133.33333333333388,344.9999999999997,282.500000000001,269.16666666666436,214.1666666666665,428.3333333333336,383.33333333333354,332.2222222222208,285.55555555555713,409.99999999999966,430.00000000000057,334.16666666666634,321.25000000000085,411,437,340.6666666666667,337.3333333333333,2.244687499999952,1.604374999999966,1.846145833333879,1.4047916666667675,5.329999999999886,3.889687499999917,4.344062500001276,3.348229166666893,9.83781249999979,7.400624999999843,7.911875000002301,6.2012500000003845,15.601249999999668,12.421249999999736,12.50208333333696,10.143020833333948,22.224687499999526,18.678437499999603,17.935416666671895,15.107916666667585,
0953475b-4ec0-4605-bb8c-c08c74308d1f,08/25/2026,7:38 AM,ForceFrame-3451,Bar + Frame,Hip AD/AB,Pull,Hip AD/AB - 45,3,3,296.25,301,1.5780730897009931,0.94,0.86,280.9166666666667,284.0833333333333,1.114696391903769,0.89,0.84,2418.7918749989617,2457.2396875006552,1.564674895056739,,,,,1688.2352941191818,1729.4117647049993,1500.000000000032,1611.7647058818648,0.8175000000000008,0.7349999999999994,1.1633333333333322,1.0133333333333343,274.9999999999961,820.0000000000175,215.0000000000057,281.66666666667237,832.500000000003,902.5000000000032,515.8333333333394,464.1666666666654,894.9999999999978,1023.333333333343,634.444444444447,629.4444444444435,918.7499999999951,977.5000000000035,748.3333333333334,776.6666666666615,880,919,769.6666666666666,795,1.2246875000006265,1.5956249999996825,0.5730208333333923,0.5601041666665753,4.707812500002408,5.509687499998904,2.450104166666668,2.601145833333359,11.173437500005717,12.634999999997486,6.381458333332823,6.2965625000002285,20.177812500010322,22.435624999995536,12.896874999997827,12.966041666667985,31.443750000016088,33.942187499993246,21.786145833328415,22.350937500003397,
0953475b-4ec0-4605-bb8c-c08c74308d1f,08/25/2026,7:38 AM,ForceFrame-3451,Bar + Frame,Hip AD/AB,Squeeze,Hip AD/AB - 45,3,3,278.25,259,-6.91823899371069,0.94,0.86,250,238.58333333333334,-4.566666666666663,0.89,0.84,2364.743750000358,2211.446875000357,-6.482599858863258,,,,,1417.6470588233144,1399.9999999992838,1229.4117647057221,1249.0196078426493,1.375,0.4200000000000008,2.0483333333333333,1.0583333333333333,344.9999999999951,385.0000000000082,198.33333333333053,298.33333333333366,649.9999999999966,850.0000000000031,504.166666666664,611.6666666666647,838.3333333333313,774.9999999999982,655.5555555555519,676.1111111111073,859.9999999999992,789.9999999999993,666.666666666666,654.1666666666679,740,701,591,599.3333333333334,1.2540625000001961,0.8659375000001354,0.7501041666668161,0.6321875000001161,4.260000000000666,3.2537499999993527,2.675520833333827,2.8650000000003115,9.753437500001525,8.127499999998383,6.994375000001122,7.232395833334148,18.387500000002873,15.85937500000248,13.475000000002105,13.626250000001695,28.095625000004393,24.62031250000385,21.02614583333656,20.796875000002714,
8171e469-2cf0-4495-a162-28523f1c37b8,08/25/2026,7:38 AM,ForceFrame-3057,Bar + Frame,Hip AD/AB,Pull,Hip AD/AB - 45,3,3,245,236.25,-3.57142857142857,0.93,0.96,235.16666666666666,232.25,-1.2402551381998528,0.89,0.91,2116.6315624995714,2081.716562499585,-1.6495549163386025,,,,,1070.5882352920469,994.1176470597273,856.8627450972602,813.7254901962893,0.9774999999999991,1.0124999999999993,1.3658333333333328,1.211666666666665,354.99999999999494,255.0000000000145,276.66666666667214,218.3333333333384,545.000000000031,435.00000000000153,405.83333333334764,259.99999999999926,668.3333333333396,473.3333333333378,507.2222222222258,341.66666666666816,716.2500000000152,488.75000000000176,528.3333333333394,406.66666666666987,670,491,511,421.6666666666667,3.36218750000172,2.6100000000013353,1.9641666666669384,1.7965625000001328,8.11093750000415,5.967812500003053,4.953020833333659,4.2233333333336756,14.530312500007433,10.993125000005623,9.502187499999984,7.869479166667208,22.313437500011414,17.640937500009024,15.679166666665774,12.98895833333376,31.253437500015988,25.64718750001312,23.237187499997805,19.509062499999867,
8171e469-2cf0-4495-a162-28523f1c37b8,08/25/2026,7:38 AM,ForceFrame-3057,Bar + Frame,Hip AD/AB,Squeeze,Hip AD/AB - 45,3,3,227.5,225.75,-0.7692307692307665,0.93,0.96,210.41666666666666,212.33333333333334,0.9026687598116312,0.89,0.91,1879.685000000632,1866.54875000017,-0.6988537973361297,,,,,2470.5882352928547,2652.941176473001,1503.9215686270848,1509.8039215693213,0.9549999999999998,1.2525,1.5741666666666678,1.6824999999999992,309.9999999999956,1169.9999999999834,281.66666666666373,669.9999999999967,1014.9999999999856,947.4999999999866,639.1666666666601,672.4999999999957,793.3333333333221,846.6666666666547,665.5555555555512,682.7777777777737,727.4999999999897,727.4999999999993,612.083333333329,613.3333333333303,635.9999999999994,659,553.6666666666665,559.6666666666666,1.506875000000771,1.3912499999997232,0.7971875000002885,1.0014583333333105,4.097500000002096,5.275312500002698,3.678437500001447,4.4080208333339685,9.3837500000048,10.98187500000562,8.234166666669758,9.340520833334692,15.998125000008184,17.715624999999623,14.467604166671928,15.507916666668777,23.49718750001202,26.004062499999446,21.557187500007714,22.601145833336304,
8ebb21d1-84ab-4846-a228-fdcf1f9a34b9,08/25/2026,7:36 AM,ForceFrame-3451,Bar + Frame,Hip AD/AB,Pull,Hip AD/AB - 45,3,3,297.25,315.5,5.784469096671952,1.33,1.31,289.3333333333333,297.75,2.8267562272600077,1.32,1.33,2352.581562499539,2440.225312500065,3.5916253122844966,,,,,2752.941176469181,2223.5294117651483,1876.470588234905,1721.5686274512134,0.5775000000000006,0.504999999999999,0.8683333333333341,0.8141666666666669,254.99999999997826,160.0000000000091,136.66666666665867,121.66666666666873,1147.500000000004,974.9999999999861,706.6666666666634,341.6666666666618,901.6666666666539,658.3333333333318,684.4444444444417,227.77777777777735,979.9999999999861,608.7499999999967,758.3333333333261,271.2499999999994,970,780,827.6666666666666,411.3333333333333,1.5978124999985468,1.2793749999988364,0.5564583333328522,0.46447916666629824,3.9237499999964314,2.369374999997845,2.139583333332313,1.3041666666662115,8.281249999992468,5.749687500002942,6.6141666666648,3.2466666666664943,15.421562499985974,10.885312500005568,13.31354166666371,5.655937500000267,25.03937500001281,18.702500000009568,22.75802083332881,10.028958333334899,
8ebb21d1-84ab-4846-a228-fdcf1f9a34b9,08/25/2026,7:36 AM,ForceFrame-3451,Bar + Frame,Hip AD/AB,Squeeze,Hip AD/AB - 45,3,3,394.75,411.75,4.128718882817239,1.33,1.31,383.3333333333333,394.75,2.8921258180282905,1.32,1.33,3609.794999997508,3705.6359375014936,2.586356002597645,,,,,1894.1176470578598,2029.4117647077355,1780.392156862213,1852.941176470804,1.3774999999999977,1.1724999999999994,1.537499999999998,1.4066666666666665,220.0000000000125,329.99999999999534,191.66666666667015,188.3333333333313,667.5000000000142,492.499999999993,444.16666666667334,314.99999999999727,1045.00000000001,920.0000000000088,678.3333333333381,583.8888888888921,1027.5000000000036,1006.2500000000035,752.0833333333361,772.9166666666682,961,976,800,846.6666666666666,3.184374999997104,3.750625000001919,2.577187499998263,2.8132291666677944,7.038437499993599,7.969375000004077,6.231145833329133,6.353333333335885,12.879687499988286,12.474062500006381,12.209062499991896,11.776562500004696,23.920624999978244,22.194062500011356,20.920104166652994,20.479687500008072,36.92468749996642,35.228125000018025,32.03312499997897,32.31958333334608,
18a1b661-49ee-482f-b4cb-af6185688d3e,08/25/2026,7:35 AM,ForceFrame-3057,Bar + Frame,Hip AD/AB,Pull,Hip AD/AB - 45,3,3,357.25,333.5,-6.6480055983205055,0.93,0.95,333.1666666666667,310.8333333333333,-6.703351675837932,0.90,0.93,3740.1834375010003,3474.368125000926,-7.107012715870398,,,,,1364.705882352726,1400.0000000002785,1274.5098039205566,1250.9803921576681,0.572499999999998,0.6449999999999996,1.8608333333333322,1.6091666666666677,729.9999999999897,370.0000000000013,493.3333333333283,276.666666666665,945.0000000000201,397.4999999999944,567.5000000000049,238.33333333333147,1048.3333333333433,591.6666666666582,639.4444444444453,299.44444444444156,1008.7500000000036,736.2500000000026,639.5833333333353,359.58333333333434,914,800,602.6666666666632,383.3333333333333,3.2749999999993484,3.26749999999935,2.3991666666671185,1.5791666666667006,8.358750000004276,7.2140624999985645,6.344687500001502,3.7247916666668637,16.88406250000864,11.557187499997701,12.103645833336685,6.6976041666673565,28.022187500014336,16.296562499996757,19.64322916667266,10.808645833335001,40.99062500002097,22.625625000011574,28.54479166667602,16.222083333336666,
18a1b661-49ee-482f-b4cb-af6185688d3e,08/25/2026,7:35 AM,ForceFrame-3057,Bar + Frame,Hip AD/AB,Squeeze,Hip AD/AB - 45,3,3,333,315.25,-5.3303303303303355,0.93,0.95,300,287.6666666666667,-4.11111111111111,0.90,0.93,2630.1653125002395,2587.489374999176,-1.6225572323625315,,,,,1264.7058823529662,1341.1764705881415,905.8823529411178,913.7254901959826,1.4024999999999999,1.4049999999999994,2.0433333333333334,1.9833333333333334,285.0000000000061,244.99999999999653,178.333333333335,195.00000000000023,449.9999999999996,375.0000000000013,348.33333333333275,319.16666666666947,646.6666666666671,401.6666666666663,438.88888888888914,390.5555555555563,773.7500000000002,604.9999999999994,530.000000000001,488.3333333333341,699,722,520,549,1.965312499999958,1.5281250000001032,1.1744791666667078,1.0551041666663832,4.903749999999896,3.604687500000243,3.2341666666667614,2.9955208333323924,10.241249999999782,7.001562500000473,6.817916666666876,6.131562499998047,18.405312499999607,12.788750000000864,12.125000000000421,10.881458333329947,28.373437499999394,21.78312500000147,19.07562500000077,17.70239583332806,
c3a96b0a-98b0-4c5c-8cf0-e29c80251e93,08/25/2026,7:33 AM,ForceFrame-3057,Bar + Frame,Hip AD/AB,Pull,Hip AD/AB - 45,3,3,280.75,272.5,-2.9385574354407806,0.93,0.94,266.75,263.0833333333333,-1.3745704467354014,0.96,0.96,2368.8637499995234,2371.900624999504,0.1280355073889905,,,,,1735.294117648639,1988.2352941194547,1350.98039215686,1554.9019607854086,0.8324999999999996,1.0350000000000001,1.168333333333332,1.159999999999999,1234.9999999999825,1729.9999999999754,543.3333333333304,669.999999999997,1212.4999999999827,1207.499999999983,819.9999999999932,614.1666666666729,1038.3333333333433,946.6666666666532,805.5555555555597,531.1111111111086,852.5000000000031,827.500000000003,727.0833333333388,476.66666666667174,734,694,636.6666666666666,413.6666666666667,1.6590625000008488,2.202500000001127,1.2893749999998585,1.23208333333332,7.099687500003633,7.872812500004027,4.999791666666506,4.126145833333462,14.794062500007568,15.133125000007741,11.122291666666051,8.372916666666454,23.56875000001206,23.468750000012008,18.73343749999857,13.352499999999287,32.8412500000168,32.49250000001662,27.27270833333081,18.887604166665252,
c3a96b0a-98b0-4c5c-8cf0-e29c80251e93,08/25/2026,7:33 AM,ForceFrame-3057,Bar + Frame,Hip AD/AB,Squeeze,Hip AD/AB - 45,3,3,260.25,256.25,-1.5369836695485084,0.93,0.94,256.1666666666667,253.58333333333334,-1.008458035133375,0.96,0.96,2280.26687500076,2277.95062500076,-0.10157802252859227,,,,,2494.1176470584332,1811.7647058823923,2307.843137254017,1633.3333333335274,1.2624999999999993,1.1499999999999986,1.54,1.7708333333333333,74.99999999999893,599.9999999999968,59.99999999999951,478.3333333333283,1174.9999999999989,1119.999999999999,735.833333333328,944.1666666666582,966.6666666666672,993.3333333333339,843.888888888887,883.3333333333321,906.2499999999992,897.4999999999992,766.6666666666634,803.7499999999967,795,789,675.6666666666666,695,0.060937500000031175,0.7218750000003693,0.03666666666667854,0.5778125000001813,3.3524999999999285,4.792499999999897,2.021145833333772,3.9882291666678555,10.144999999999783,11.762499999999749,7.0171875000017865,10.027291666669708,18.134687499999615,20.08999999999957,14.003333333337276,17.53885416667207,27.549062499999412,29.59281249999937,21.994270833339687,26.06239583334141,
4d7548fb-1fdb-4d4f-9ba6-1620af9f1d2f,08/25/2026,7:33 AM,ForceFrame-3451,Bar + Frame,Hip AD/AB,Pull,Hip AD/AB - 45,3,3,326.75,350,6.642857142857139,1.16,1.05,321.25,344.3333333333333,6.703775411423029,1.14,1.05,3440.4184374998476,3656.902187499872,5.91986711430279,,,,,1582.3529411756601,1770.588235295732,1505.8823529410984,1698.0392156878206,0.5075000000000003,0.7874999999999979,0.6925000000000002,1.1166666666666647,359.9999999999949,579.9999999999918,173.33333333333383,289.999999999997,852.4999999999878,964.9999999999862,459.9999999999934,579.9999999999973,983.3333333333427,1143.3333333333171,665.5555555555563,854.9999999999991,1027.5000000000036,1108.7500000000039,806.2499999999997,959.5833333333318,928,986,817.3333333333334,923.6666666666666,1.9203125000009824,2.812500000001439,1.7293750000002337,2.1800000000003457,5.997812500003068,7.990000000004088,4.55062500000093,5.697708333334385,13.44750000000688,17.093750000008747,9.67083333333566,12.225729166668936,23.915625000012234,29.10593750001489,17.753854166670774,22.17677083333686,36.526250000018685,43.130625000022064,28.534166666672338,34.744895833338,
4d7548fb-1fdb-4d4f-9ba6-1620af9f1d2f,08/25/2026,7:33 AM,ForceFrame-3451,Bar + Frame,Hip AD/AB,Squeeze,Hip AD/AB - 45,3,3,378,367.25,-2.8439153439153486,1.16,1.05,366.4166666666667,363.1666666666667,-0.8869683875369572,1.14,1.05,3605.767812498452,3603.7396874992805,-0.05624668876740291,,,,,2282.3529411769296,2141.176470588658,1784.3137254905012,1735.294117648132,0.7325000000000017,1.5625,1.2300000000000004,2.2958333333333343,494.99999999999295,504.99999999999284,311.66666666667265,286.66666666666737,1247.4999999999823,919.9999999999869,907.499999999996,766.6666666666603,1381.6666666666633,1166.666666666664,1102.7777777777826,1059.4444444444407,1208.7499999999936,1098.7500000000039,1109.1666666666608,1042.9166666666695,1063,1025,1037.3333333333333,972.6666666666666,3.3940625000017364,2.8003124999994427,1.7646875000000026,1.7160416666663565,9.876562500005052,7.153437499998577,5.69677083333283,5.267708333332645,21.503437500011,16.219999999996773,13.636770833331118,12.653437499998281,35.7765625000183,28.840312499994262,24.882083333327653,23.332812499996567,51.45593750002632,43.049062499991436,38.42354166665609,36.1289583333277,
06c71e5c-cd0f-430a-bb03-3baa86430007,08/25/2026,7:31 AM,ForceFrame-3057,Bar + Frame,Hip AD/AB,Pull,Hip AD/AB - 45,3,3,345,348.25,0.933237616654703,1.02,1.01,339.4166666666667,338,-0.41738276454702516,1.02,1.03,3351.8550000032874,3264.235312499332,-2.6140655697776127,,,,,2994.1176470530368,2988.235294120364,2643.1372548997283,2805.8823529425204,1.2625000000000028,0.5349999999999966,1.4400000000000013,1.0758333333333325,1919.9999999999727,2020.000000000043,1243.3333333333146,936.6666666666928,1607.4999999999773,1655.000000000006,1063.3333333333273,1035.8333333333285,1350.0000000000127,1383.3333333333464,1195.5555555555475,893.8888888888973,1217.4999999999934,1253.7500000000045,1103.3333333333283,1033.3333333333403,1179,1129,1071.6666666666667,971.6666666666666,2.5300000000012943,3.0093749999994013,1.2004166666673033,1.1539583333330758,9.07125000000464,9.876874999998035,5.583750000002914,5.380937499997593,18.348125000009386,19.75624999999607,13.07833333334186,11.64177083332766,29.78375000001524,31.742812499993686,23.213541666683962,20.216041666657286,43.3934375000222,45.45874999999096,35.598645833361694,31.663437499986923,
06c71e5c-cd0f-430a-bb03-3baa86430007,08/25/2026,7:31 AM,ForceFrame-3057,Bar + Frame,Hip AD/AB,Squeeze,Hip AD/AB - 45,3,3,350.5,353.25,0.7784854918612916,1.02,1.01,344.6666666666667,348,0.9578544061302652,1.02,1.03,3004.6596874988254,3045.3628125003415,1.336560781344065,,,,,2088.2352941180675,2564.705882353452,1588.2352941180916,1903.921568627843,0.9175000000000004,0.8300000000000001,1.7341666666666657,1.7000000000000004,580.000000000033,134.9999999999981,386.6666666666769,103.33333333333219,932.4999999999992,922.5000000000033,709.1666666666719,798.3333333333329,996.6666666666644,954.9999999999977,877.2222222222239,767.2222222222191,808.7499999999993,771.2500000000027,748.7500000000015,701.6666666666684,705,731,671.3333333333334,663.6666666666666,3.1749999999971124,0.12249999999997563,1.3085416666656762,0.09666666666667795,8.439062499992325,2.0384374999999566,4.660729166663955,1.9033333333334912,15.40499999998599,8.482187499998313,10.762395833328126,7.090520833333604,24.21031249997798,15.767812499996863,18.816979166658225,13.396666666667251,34.07687499996901,24.217812499995183,27.710833333321293,21.178437500001127,
d20d7d1f-63fb-43ac-a866-7d8623852f18,08/25/2026,7:31 AM,ForceFrame-3451,Bar + Frame,Hip AD/AB,Pull,Hip AD/AB - 45,3,3,421,425.5,1.0575793184488869,0.84,0.87,415.9166666666667,407.25,-2.0837507513524423,0.85,0.88,4186.870937497194,4118.554375001098,-1.631685416530504,,,,,3799.9999999980546,3582.3529411797276,3086.2745098043724,2941.1764705903606,1.134999999999998,0.9574999999999996,1.868333333333333,1.1533333333333349,3105.0000000001764,2569.9999999999636,1583.3333333334042,1638.333333333311,1802.5000000000384,1630.0000000000348,785.0000000000136,1005.0000000000051,1726.666666666683,1445.0000000000136,1160.5555555555666,1097.2222222222201,1575.0000000000057,1462.5000000000052,1174.1666666666708,1028.3333333333292,1350,1292,1109,1040.3333333333333,4.11218749999626,1.2325000000006305,1.5802083333320402,0.6215625000003066,11.950312499989131,7.8256250000040035,5.379791666662752,4.933541666669164,22.8681249999792,17.213437500008805,10.994270833325546,11.118854166672074,37.15312499996621,29.98375000001534,21.238749999985355,20.1170833333426,53.44687499995139,45.19187500002312,34.07656249997701,31.6486458333472,
d20d7d1f-63fb-43ac-a866-7d8623852f18,08/25/2026,7:31 AM,ForceFrame-3451,Bar + Frame,Hip AD/AB,Squeeze,Hip AD/AB - 45,3,3,354.25,368.75,3.932203389830513,0.84,0.87,351.9166666666667,359.25,2.0412897239619476,0.85,0.88,3511.2634374985046,3566.3909374988934,1.545750338829921,,,,,1911.764705882734,1764.705882353296,1570.5882352941117,1529.4117647056821,2.5249999999999986,1.2124999999999986,2.8416666666666663,2.744999999999999,324.9999999999954,1200.0000000000682,221.6666666666654,826.666666666695,827.500000000003,1120.000000000004,468.33333333333644,962.5000000000094,831.6666666666696,1038.3333333333433,693.3333333333353,920.5555555555607,931.2499999999992,957.4999999999992,762.9166666666656,865.833333333335,915,929,790.6666666666666,847.0000000000022,0.3296874999999344,4.4931249999959135,0.1688541666666318,2.427916666665188,2.682812499999466,11.796562499989271,1.4999999999996352,7.762187499996091,7.524687499998503,20.47312499998138,5.0579166666649575,15.207187499993184,15.345312499996947,30.557499999972208,11.454479166662656,24.779791666656546,25.68406249999489,41.98156249996182,20.178333333326027,36.15489583331951,
41d77c54-30d6-487d-9328-741ed16ca4a0,08/25/2026,7:29 AM,ForceFrame-3057,Bar + Frame,Hip AD/AB,Pull,Hip AD/AB - 45,3,3,282.25,293,3.668941979522189,1.08,1.12,278.5,291.3333333333333,4.405034324942781,1.04,1.05,3063.466250002305,3348.7493750026247,8.519094535108229,,,,,1076.4705882362832,1082.3529411774596,921.5686274512533,964.7058823531821,1.147499999999999,1.4350000000000005,2.380000000000001,2.858333333333336,374.99999999996805,134.9999999999981,296.6666666666536,78.33333333333199,504.99999999999284,112.5000000000004,284.9999999999987,69.16666666666634,668.3333333333396,90.00000000000085,362.22222222222445,47.77777777777792,706.24999999999,46.25000000000016,340.41666666666373,26.24999999999999,644,61,317.3333333333333,40.666666666666664,3.745312500001916,3.7012500000071533,3.5152083333359863,3.5651041666694323,8.179375000015808,7.496562500014488,7.72770833333944,7.3405208333389185,14.950937500028896,11.240312500021723,12.966041666677521,11.135208333341744,23.89843750004619,15.140937500007746,19.150729166683657,14.926354166677937,34.607500000066885,19.189687500009818,26.04062500002425,18.726875000014065,
41d77c54-30d6-487d-9328-741ed16ca4a0,08/25/2026,7:29 AM,ForceFrame-3057,Bar + Frame,Hip AD/AB,Squeeze,Hip AD/AB - 45,3,3,304.75,327.25,6.875477463712754,1.08,1.12,290.8333333333333,304.75,4.566584632212201,1.04,1.05,3093.1131250010194,3173.0737499994907,2.519973732047176,,,,,1117.6470588229529,1170.5882352941467,945.0980392153884,978.4313725492599,1.1350000000000016,1.2025000000000006,2.1241666666666688,1.8391666666666657,449.99999999999363,240.00000000001364,266.66666666666407,135.00000000000404,634.999999999991,417.5000000000089,346.6666666666629,234.16666666666902,753.3333333333227,613.3333333333392,400.5555555555514,320.5555555555569,832.4999999999882,736.2500000000026,412.49999999999613,354.16666666666765,814,764,380,359.3333333333333,3.844687499999918,3.7478125000019173,3.1437500000009257,2.214479166666876,8.287187499999824,7.790937500003986,7.163333333335526,5.048020833333465,13.66156249999971,12.279375000006283,12.415729166670593,8.946562499999523,19.951874999999575,17.036562500008717,18.898750000006125,13.998124999998153,29.918750000015308,25.0699999999772,26.18791666667541,20.084374999996054,
87e2d9bf-dadc-4202-b483-2e3fee35834a,08/25/2026,7:29 AM,ForceFrame-3451,Bar + Frame,Hip AD/AB,Pull,Hip AD/AB - 45,4,5,231.75,229,-1.1866235167206085,1.10,1.10,185.5,163.05,-12.10242587601078,1.30,1.48,2142.74812500158,2105.627812500998,-1.7323693843182997,,,,,1023.5294117627291,1352.9411764698955,688.2352941170565,823.5294117639799,0.10000000000000142,0.10000000000000142,1.1662500000000016,1.1654999999999993,269.9999999999962,884.9999999999245,162.49999999999574,371.9999999999862,309.9999999999956,627.4999999999911,191.2499999999984,321.49999999999756,434.9999999999938,539.9999999999987,216.2499999999989,343.6666666666687,445.0000000000016,509.99999999999727,233.1250000000006,282.74999999999847,399,497,212.75,278.2,3.860312500001975,6.117812500011824,3.031562500002459,3.250375000003797,8.332500000004263,13.68656250002645,6.550156250005068,7.347562500008257,12.792187500006545,22.094375000042703,10.655078125007677,12.126687500012935,16.932812500008662,31.208750000060316,15.330468750010198,17.617812500017596,22.73312499999548,40.654062500078574,20.296015625012537,23.598812500022188,
87e2d9bf-dadc-4202-b483-2e3fee35834a,08/25/2026,7:29 AM,ForceFrame-3451,Bar + Frame,Hip AD/AB,Squeeze,Hip AD/AB - 45,3,3,255,251.75,-1.274509803921564,1.10,1.10,240.75,242.08333333333334,0.5507745266781439,1.30,1.48,2206.863125001129,2215.294999999539,0.3806208653209464,,,,,1364.7058823532107,994.1176470597273,903.9215686275182,829.4117647064073,0.6000000000000014,0.9450000000000003,0.9300000000000009,1.0133333333333336,954.9999999999865,264.99999999999625,464.99999999999346,226.66666666666347,849.999999999988,377.5000000000081,463.33333333333104,306.6666666666687,806.6666666666648,501.6666666666655,468.33333333333303,389.99999999999983,739.999999999996,547.5000000000019,462.4999999999995,447.50000000000006,591,593,431,432,3.6596875000018723,3.3784375000017284,2.4488541666679193,2.2099999999999542,9.740625000004982,7.372187500003772,6.188125000003166,5.249791666666283,17.601875000009006,11.868437500006072,11.074062500005667,9.41041666666556,27.292500000013963,17.10156250000875,17.170625000008783,15.117291666664286,37.498437500019186,22.939375000011736,24.163437500012364,22.010624999995944,
d04a8cf7-1b14-4ecc-96a0-7c60b8181f80,08/25/2026,7:28 AM,ForceFrame-3057,Bar + Frame,Hip AD/AB,Pull,Hip AD/AB - 45,3,3,379,371.5,-1.978891820580475,0.89,0.90,367.1666666666667,366.75,-0.11348161597821704,0.88,0.85,3370.0234374993443,3411.259374999334,1.2088185906414028,,,,,1411.7647058836376,1482.352941175717,1303.9215686277396,1405.8823529401586,0.8350000000000009,0.8099999999999987,1.2375,1.0874999999999977,525.0000000000018,735.0000000000418,178.33333333333414,560.0000000000125,722.5000000000026,902.4999999999872,420.83333333333167,740.833333333327,838.3333333333363,988.3333333333427,570.5555555555569,902.7777777777846,874.9999999999992,1010.0000000000215,701.6666666666723,925.4166666666746,821,905,748.3333333333334,861.3333333333334,3.2231249999970686,4.402812499995996,2.8321874999992294,3.5495833333323827,7.758437499998457,11.107187499989898,6.753854166664847,8.969062499997552,15.12718749999699,20.762812499981116,12.569062499996548,17.192395833328813,25.22687499999498,33.16187499996984,20.943958333327448,28.239895833326198,37.25531249999259,47.37031249995692,31.93260416665778,41.20479166665663,
d04a8cf7-1b14-4ecc-96a0-7c60b8181f80,08/25/2026,7:28 AM,ForceFrame-3057,Bar + Frame,Hip AD/AB,Squeeze,Hip AD/AB - 45,3,3,337,332.75,-1.261127596439171,0.89,0.90,323,313.1666666666667,-3.0443756449948345,0.88,0.85,2912.1906249988892,2883.5237499990258,-0.984374949695277,,,,,1547.058823528623,1658.823529413274,1331.372549019421,1405.882352941767,0.8075000000000001,0.8225000000000002,1.385,1.305,355.00000000000125,404.99999999999966,225.00000000000568,376.6666666666672,847.5000000000181,990.0000000000211,559.1666666666731,754.1666666666739,933.3333333333421,948.3333333333325,677.7777777777816,791.6666666666689,1015.0000000000002,1019.9999999999991,744.5833333333348,812.5000000000014,967,952,753,782.3333333333334,1.2940624999999724,1.365312500000092,0.6905208333331737,0.8202083333331913,4.380312499999906,4.7578125000003215,2.7319791666656976,3.6684374999988356,10.528124999999775,11.207812500000756,7.072291666663854,9.02364583333019,19.947499999999575,20.845000000001406,13.81385416666111,16.537708333327586,32.02281249999932,33.03500000000223,22.75968749999082,25.98156249999107,
8f9a1d5c-813d-4196-8a5e-37138d85343d,08/25/2026,7:26 AM,ForceFrame-3451,Bar + Frame,Hip AD/AB,Pull,Hip AD/AB - 45,3,3,338,330.25,-2.2928994082840215,1.07,1.10,328.1666666666667,326.1666666666667,-0.6094464195022908,1.09,1.09,2779.8406249994787,2725.8196875006993,-1.9433105989228983,,,,,1429.4117647051528,1441.1764705875003,1245.09803921548,1158.823529411172,0.8399999999999999,0.9024999999999999,0.8658333333333333,2.0400000000000005,719.9999999999898,1300.0000000000277,466.66666666666,766.6666666666712,740.0000000000158,1112.5000000000039,530.8333333333354,806.6666666666619,916.6666666666754,918.3333333333203,593.3333333333334,785.5555555555557,886.2500000000032,880.0000000000032,667.5000000000024,758.7499999999976,815,810,653.6666666666666,729.6666666666666,3.4003125000017396,5.17874999999897,2.006874999999797,2.9252083333336034,8.663750000004432,13.145312499997384,5.31885416666603,8.048333333334337,15.51875000000794,22.93312499999544,10.345416666665038,15.133541666668975,23.461562499978662,34.36312499999316,17.504791666663163,24.089479166670852,34.71093749996843,47.44624999999056,26.373020833327544,34.61427083333981,
8f9a1d5c-813d-4196-8a5e-37138d85343d,08/25/2026,7:26 AM,ForceFrame-3451,Bar + Frame,Hip AD/AB,Squeeze,Hip AD/AB - 45,3,3,362.25,364.5,0.6172839506172867,1.07,1.10,356.6666666666667,356,-0.18691588785046953,1.09,1.09,3152.584062500524,3182.289375000336,0.9334573006833713,,,,,1482.3529411767645,1476.4705882345374,1117.6470588233908,1174.509803921451,2.1425,2.1724999999999994,2.9899999999999998,2.9841666666666673,475.0000000000101,904.9999999999872,358.33333333333536,421.66666666666384,930.0000000000033,849.999999999988,701.6666666666634,525.8333333333293,966.6666666666644,853.3333333333212,735.0000000000013,628.888888888884,958.7500000000034,853.7500000000031,754.5833333333353,700.8333333333352,788,817,672.6666666666666,696.6666666666666,1.0793750000001687,0.9106249999999806,1.0307291666668426,0.7336458333334251,4.387499999999127,4.450625000002277,3.9233333333339124,2.980104166667282,10.76374999999786,9.720000000004973,9.125520833334619,7.063958333334564,19.820937499996056,17.408437500008905,16.406354166668937,13.361250000002057,30.01062499999403,26.815312500013718,25.119791666670213,21.67312500000298,
6024b985-9db2-4625-855c-a8902b28e287,08/25/2026,7:25 AM,ForceFrame-3057,Bar + Frame,Hip AD/AB,Pull,Hip AD/AB - 45,3,3,263.5,231.25,-12.239089184060726,0.89,1.02,237.83333333333334,216.33333333333334,-9.039943938332161,0.81,0.87,2029.8496875000926,1789.9065624996097,-11.820733647326875,,,,,1376.4705882345886,1035.2941176472639,1039.2156862740546,899.9999999999158,0.8649999999999949,0.9100000000000001,1.397499999999999,1.5366666666666664,640.0000000000364,430.00000000002444,320.00000000001063,346.6666666666759,599.9999999999915,597.5000000000022,254.16666666666302,460.8333333333303,605.0000000000057,656.6666666666652,362.7777777777779,546.6666666666656,552.5000000000118,577.500000000002,437.50000000000136,512.9166666666628,511,584,467.6666666666667,480.6666666666667,2.6018749999976336,1.9118749999982612,1.487291666666195,1.293333333332903,6.909999999993715,5.249687499995225,3.7021874999986206,3.755729166665398,12.604062499988537,9.968749999990933,7.035104166664294,8.016666666664275,19.60562499998217,15.900937499985538,12.048333333330211,13.646562499996314,27.361249999975115,22.533124999979506,18.654895833329917,20.21979166666154,
6024b985-9db2-4625-855c-a8902b28e287,08/25/2026,7:25 AM,ForceFrame-3057,Bar + Frame,Hip AD/AB,Squeeze,Hip AD/AB - 45,3,3,235.5,237,0.6329113924050667,0.89,1.02,193.5,188.08333333333334,-2.7993109388458226,0.81,0.87,1591.5996875001092,1553.1831249995241,-2.4137075925746876,,,,,1964.705882352981,2323.529411764757,1201.9607843137258,1286.274509803933,0.6499999999999986,0.634999999999998,1.0258333333333332,1.525833333333332,224.99999999999682,1229.9999999999934,190.00000000000034,510.00000000000114,994.9999999999991,1284.9999999999989,618.333333333332,690.8333333333353,878.3333333333338,953.3333333333339,622.7777777777757,627.7777777777809,789.9999999999993,842.4999999999992,545.4166666666653,542.5000000000007,676,702,460,451,1.4559374999997103,1.3843749999999706,1.0222916666667277,1.0662499999997055,4.0137499999992015,7.06374999999985,3.576458333333528,4.220520833332407,10.592812499999773,14.307499999999695,8.485729166666994,9.036666666664631,18.27937499999961,22.623749999999518,14.465520833333883,14.88249999999647,27.030624999999425,31.82124999999932,20.86750000000084,21.19072916666146,
9a1b030b-629b-4dd0-b77e-6543ac15dc67,08/25/2026,7:24 AM,ForceFrame-3057,Bar + Frame,Hip AD/AB,Pull,Hip AD/AB - 45,3,3,328.75,315.75,-3.9543726235741428,1.24,1.35,318.6666666666667,308.0833333333333,-3.3211297071129797,1.22,1.30,3057.377187500261,2978.5828124993463,-2.5771885563566133,,,,,2105.8823529400993,1894.1176470578541,1780.392156861837,1654.9019607837515,0.7424999999999997,0.5274999999999999,0.8683333333333335,1.2708333333333321,1735.0000000000987,1060.0000000000603,700.0000000000313,561.66666666669,1687.500000000036,1387.5000000000296,914.1666666666737,1010.0000000000068,1465.0000000000139,1385.0000000000132,971.1111111111098,1136.1111111111095,1282.5000000000045,1220.0000000000043,922.916666666662,1097.9166666666704,1114,1020,851,951,1.7796874999983814,4.07187499999919,1.2906249999998172,1.949479166665969,8.285937499992464,10.144999999997982,5.05218749999866,6.604374999997684,18.40656249998326,18.920624999996235,11.756874999997295,14.990729166662058,30.443124999972312,30.332499999993964,20.735729166662853,26.31385416665941,43.93562499996004,43.54124999999134,31.338229166661886,39.171979166656676,
9a1b030b-629b-4dd0-b77e-6543ac15dc67,08/25/2026,7:24 AM,ForceFrame-3057,Bar + Frame,Hip AD/AB,Squeeze,Hip AD/AB - 45,3,3,407.25,427,4.625292740046838,1.24,1.35,387.5833333333333,399.1666666666667,2.9018789144050205,1.22,1.30,4110.341562500328,4189.691875000331,1.8939414846586122,,,,,3582.3529411746367,2976.4705882380053,2592.1568627446427,2709.8039215690424,0.5,0.4825000000000017,0.915833333333333,1.0191666666666668,2404.999999999966,879.9999999999875,1226.666666666661,451.66666666666487,2144.9999999999695,1827.499999999974,1517.499999999991,1348.3333333333273,1844.9999999999739,1674.9999999999761,1528.3333333333292,1367.2222222222135,1571.2500000000057,1541.2499999999782,1440.4166666666697,1387.0833333333283,1352,1379,1297.6666666666667,1303.3333333333333,1.4615625000007477,0.8790624999999812,1.2262500000001826,0.7048958333334473,10.10500000000517,7.333437500003752,7.2521875000013045,5.094791666667588,21.994062500011253,18.54406250000949,17.224479166669358,14.06260416666889,36.79968750001883,32.93968750001685,30.650312500004304,26.52781250000382,53.201250000027215,49.61718750002538,46.42489583333935,42.021458333338906,
27695e1e-45aa-49e4-822b-c38be9fdf949,08/25/2026,7:23 AM,ForceFrame-3451,Bar + Frame,Hip AD/AB,Pull,Hip AD/AB - 45,3,3,300.25,306.5,2.0391517128874437,1.15,1.15,293.5833333333333,296.9166666666667,1.1226494527084019,1.09,1.09,2754.1774999995637,2740.0859375002165,-0.5116432219546274,,,,,3341.1764705865253,1729.4117647049993,2203.9215686267103,1678.4313725493423,0.6000000000000014,0.5925000000000011,0.8133333333333331,0.7333333333333343,954.9999999999865,949.9999999999865,418.3333333333274,359.9999999999948,1179.9999999999832,1157.5000000000248,579.1666666666619,531.6666666666729,1126.6666666666506,981.666666666676,659.9999999999941,560.555555555558,1036.2500000000036,933.7500000000033,665.4166666666689,648.7499999999995,926,947,731.3333333333334,747.6666666666666,2.1740625000011122,1.8887499999982822,1.0707291666669605,1.5399999999998932,7.722500000003951,5.765937499994756,3.6503125000010797,4.0239583333326605,16.2193750000083,12.58843749998855,8.165833333335515,8.322187499998295,26.887812500013755,21.15343749998076,14.64947916667006,14.648229166664139,38.662500000019776,31.712187499971158,23.741041666670096,23.599479166663716,
27695e1e-45aa-49e4-822b-c38be9fdf949,08/25/2026,7:23 AM,ForceFrame-3451,Bar + Frame,Hip AD/AB,Squeeze,Hip AD/AB - 45,4,4,346,353.5,2.121640735502117,1.15,1.15,318.8125,325,1.903846153846156,1.09,1.09,3690.775625000253,3749.828750000256,1.5748219168675082,,,,,2600.0000000000555,2158.823529411814,1789.7058823528146,1679.4117647058083,0.27749999999999986,0.24,0.7424999999999999,1.0737499999999995,1150.000000000004,575.000000000002,365.00000000000045,420,1467.5000000000052,1292.4999999999989,606.8750000000007,820.6250000000023,1600.000000000001,1441.6666666666674,855.8333333333333,968.7500000000009,1443.7500000000018,1370.0000000000018,872.5000000000014,896.5625000000015,1280,1255,807,834.25,1.4431249999999691,1.780312499999962,0.9635937499999444,0.8998437499999989,6.4921874999998614,6.525312499999861,3.582890624999925,3.9961718750000235,16.064374999999657,15.804687499999662,8.919218749999986,10.377421875000055,29.667812499999368,27.082812499999424,17.276562499999976,19.142265625000007,45.240624999999035,40.82156249999913,27.526093750000044,29.418515625000087,
a0df75c5-ae50-43af-9b2a-41855646740c,08/25/2026,7:21 AM,ForceFrame-3451,Bar + Frame,Hip AD/AB,Pull,Hip AD/AB - 45,3,3,287,303.75,5.514403292181069,1.15,1.03,282.6666666666667,300.6666666666667,5.986696230598665,1.14,1.03,1904.9368750005056,1996.374374999561,4.580178003891455,,,,,1735.2941176461702,2747.058823528006,1450.9803921569376,1686.2745098030573,0.6700000000000017,0.817499999999999,1.1408333333333343,1.0391666666666666,1549.999999999978,2289.9999999999673,1153.3333333333221,1013.3333333333239,1249.9999999999823,1389.9999999999802,966.666666666656,844.9999999999994,1059.999999999985,1224.9999999999825,843.8888888888787,846.1111111111095,1077.5000000000039,1231.2500000000043,855.0000000000031,896.6666666666698,929,1028,782.3333333333334,831,2.046875000001047,4.045624999999195,1.6760416666671627,2.3970833333334847,7.226250000003697,8.93375000000457,5.945625000001955,6.966250000000005,14.399375000007367,16.725312500008556,11.952395833337361,13.40885416666597,23.894375000012225,27.57718750001411,19.75104166667353,22.308124999998295,35.41468750001812,40.058750000020495,29.397812500010257,33.212604166663304,
a0df75c5-ae50-43af-9b2a-41855646740c,08/25/2026,7:21 AM,ForceFrame-3451,Bar + Frame,Hip AD/AB,Squeeze,Hip AD/AB - 45,3,3,329.75,313.25,-5.003790750568616,1.15,1.03,321,311.1666666666667,-3.063343717549316,1.14,1.03,2358.576562499519,2231.145624999543,-5.402874747679586,,,,,2294.1176470592795,2699.999999999578,1566.6666666672597,1568.627450980616,1.2800000000000011,1.6624999999999996,1.8525000000000003,2.226666666666666,1330.0000000000048,535.0000000000019,756.6666666666638,389.99999999999756,860.0000000000031,1052.5000000000036,597.500000000005,646.6666666666715,763.3333333333361,648.3333333333318,565.0000000000026,492.2222222222231,672.4999999999994,602.4999999999994,565.4166666666665,518.333333333333,845,797,680.6666666666666,629.3333333333334,1.0462499999997918,0.5743750000002938,0.7647916666664795,0.3927083333332981,5.967499999998813,4.911562499999023,3.8238541666654355,3.1291666666658116,10.915624999997828,9.85031249999804,7.545729166664209,6.7531249999980245,17.073749999996604,15.144374999996987,12.632604166662738,11.192916666663594,25.73781249999488,22.938437499995437,19.81083333332764,17.796041666662212,
9c089293-87ee-4369-9900-179d2b44564d,08/25/2026,7:21 AM,ForceFrame-3057,Bar + Frame,Hip AD/AB,Pull,Hip AD/AB - 45,3,3,344,350.5,1.854493580599148,1.21,1.14,337.6666666666667,345.5833333333333,2.290812635640216,1.18,1.10,2708.3721874993043,2853.025937498116,5.070186993310754,,,,,1788.235294116733,1735.2941176486363,1615.686274509355,1652.9411764709357,1.1799999999999997,1.1499999999999986,1.4499999999999993,1.5008333333333326,1339.999999999981,1484.9999999999789,1096.666666666685,1014.9999999999869,1140.000000000004,1195.0000000000255,846.6666666666703,696.6666666666812,1014.9999999999976,1120.0000000000107,911.6666666666712,812.2222222222299,938.7500000000033,1085.0000000000039,874.5833333333366,837.9166666666697,868,966,835,780.6666666666666,3.976249999999209,4.162812499996214,2.1431249999993773,2.131354166664763,11.321874999997748,11.861874999989212,6.594166666665306,5.9379166666613346,20.984687499995825,21.787499999980184,13.208437499997112,11.890833333322997,32.456562499993545,34.002499999969075,22.083645833328564,19.87593749998311,45.625624999990926,48.153124999956205,32.73531249999304,29.82083333330868,
9c089293-87ee-4369-9900-179d2b44564d,08/25/2026,7:21 AM,ForceFrame-3057,Bar + Frame,Hip AD/AB,Squeeze,Hip AD/AB - 45,3,3,415.25,399,-3.913305237808551,1.21,1.14,399.25,379.8333333333333,-4.863285326654143,1.18,1.10,3430.9128124997756,3267.0368749991303,-4.776452986610424,,,,,4582.352941175754,3482.3529411771683,2613.7254901957936,2601.960784313788,0.682500000000001,0.4875000000000007,1.2874999999999996,1.196666666666666,3880.0000000000136,1554.999999999978,1345.0000000000057,974.9999999999976,1384.9999999999927,1707.5000000000061,616.6666666666664,1234.166666666673,1294.999999999997,1363.33333333333,736.111111111111,956.6666666666662,1386.2499999999989,1353.7500000000048,908.3333333333321,992.0833333333352,1235,1227,889.6666666666666,1023,3.148750000000492,1.2146874999997583,1.119687500000167,0.8386458333332465,11.476250000001794,8.59656249999829,4.311250000000525,6.090729166666155,19.598437500003065,18.151249999996388,8.479687500000601,12.830416666665158,31.805937500004973,30.04218749999402,16.00437500000119,21.260312499996818,46.89468750000733,44.560312499991134,26.42510416666853,32.855729166661234,
a29eddec-b5b1-400f-8bfc-94182622870c,08/25/2026,7:18 AM,ForceFrame-3057,Bar + Frame,Hip AD/AB,Pull,Hip AD/AB - 45,4,4,282.25,266.5,-5.5801594331266635,1.08,1.06,236.125,229.8125,-2.6733721545791456,1.24,1.20,2414.824062501058,2329.8549999989864,-3.5186440213813452,,,,,1058.823529412731,1188.2352941187328,708.8235294118001,825.0000000000523,0.8274999999999997,0.8824999999999994,1.498750000000001,1.4899999999999982,489.9999999999582,595.0000000000339,277.4999999999878,441.2500000000052,604.9999999999914,790.0000000000449,191.24999999999758,501.8750000000133,694.9999999999901,861.6666666666748,219.58333333332962,541.6666666666686,706.24999999999,786.2500000000167,289.68749999999625,509.06250000000523,710,721,309.25,483.25,3.8656249999964842,4.2590625000021785,2.6737499999999366,2.805703124999637,7.70749999999299,9.638437500004931,5.666562499999885,6.936484374998523,11.373749999997738,16.311562500008346,9.428828125000724,12.556874999996504,16.584687500008485,24.41437500001249,14.21226562500291,19.472265624993796,25.6018750000131,33.34281250001706,20.06335937500652,27.43585937499047,
a29eddec-b5b1-400f-8bfc-94182622870c,08/25/2026,7:18 AM,ForceFrame-3057,Bar + Frame,Hip AD/AB,Squeeze,Hip AD/AB - 45,3,3,305.5,283.5,-7.201309328968907,1.08,1.06,293.1666666666667,275.3333333333333,-6.083001705514512,1.24,1.20,2867.388750001467,2690.790625000638,-6.158848359879299,,,,,864.7058823537257,782.352941176075,821.5686274511664,758.8235294115516,2.0600000000000005,1.9774999999999991,2.7800000000000007,2.7399999999999998,454.9999999999935,349.99999999999505,224.99999999999682,246.66666666666492,460.00000000000983,452.4999999999936,292.5000000000013,329.1666666666631,491.66666666667135,433.3333333333272,362.22222222222496,376.6666666666658,545.0000000000019,496.25000000000176,442.50000000000074,434.5833333333349,587,516,484,455.3333333333333,2.0890625000010687,1.8321875000009373,1.4855208333340932,1.3972916666670434,4.957812500002536,4.481562500002292,3.767395833335261,3.6411458333344147,9.294375000004756,8.472500000004334,7.22041666667036,6.989791666668832,15.438750000007898,14.163437500007246,12.102500000006193,11.742187500003666,23.325625000011932,21.280000000010887,18.67229166667622,17.892708333338945,
46b26bb3-5149-460f-bec6-57957b9126e7,08/25/2026,7:18 AM,ForceFrame-3451,Bar + Frame,Hip AD/AB,Pull,Hip AD/AB - 45,3,3,337.75,351.25,3.843416370106767,1.24,1.18,330.5833333333333,343.5833333333333,3.7836526800873127,1.23,1.15,3121.2206250001836,3212.215000001447,2.832761038760556,,,,,2752.941176473092,3805.8823529446368,2423.5294117669105,2570.5882352946046,0.4800000000000004,1.0625,1.1916666666666664,1.244166666666666,1054.999999999985,89.99999999999872,419.99999999999744,61.666666666664604,940.00000000002,77.4999999999989,609.1666666666691,49.99999999999985,1208.3333333333449,906.6666666666323,738.888888888896,494.44444444443474,1238.7500000000043,944.9999999999866,749.9999999999967,577.9166666666632,1111,940,835.3333333333334,688.6666666666666,0.7796875000003989,0.057499999999947704,0.27041666666679776,0.03906250000001229,3.702500000001894,0.09531249999991331,1.8307291666667862,0.07895833333335922,10.447187500005345,4.761875000009203,6.075416666666134,2.2460416666691803,21.154687500010823,13.011875000025148,12.619583333331946,6.796770833339625,34.18718750001749,23.133125000044707,21.018333333330883,13.850208333344256,
46b26bb3-5149-460f-bec6-57957b9126e7,08/25/2026,7:18 AM,ForceFrame-3451,Bar + Frame,Hip AD/AB,Squeeze,Hip AD/AB - 45,3,3,419.75,413,-1.6081000595592587,1.24,1.18,407.6666666666667,395.1666666666667,-3.066230580539653,1.23,1.15,3926.305937502496,3864.871249997584,-1.5646943585855722,,,,,3817.6470588215775,3335.2941176500885,2719.6078431373976,2500.0000000017576,0.620000000000001,0.707499999999996,0.8816666666666672,1.5133333333333312,2344.999999999967,1100.0000000000625,841.666666666651,426.6666666666875,2302.4999999999673,1437.5000000000307,923.3333333333208,1228.3333333333676,1831.666666666684,1595.000000000015,1012.2222222222208,1306.1111111111193,1648.750000000006,1412.500000000005,1119.5833333333296,1260.4166666666788,1412,1285,1076.6666666666667,1182.6666666666667,2.1415625000010956,0.40124999999963507,0.7798958333338165,0.17604166666652707,11.594062500005931,4.928124999995518,4.273333333336002,4.154999999997102,24.359687500012463,13.525937499987698,10.826875000006737,12.218229166658054,39.440937500020176,26.81562499997561,20.209062500012806,23.62781249998326,56.62562500002897,42.040937499961764,32.58854166668848,37.45520833330689,
854f037e-3158-45cf-b5ea-9c709641e417,08/25/2026,7:16 AM,ForceFrame-3451,Bar + Frame,Hip AD/AB,Pull,Hip AD/AB - 45,3,3,325.5,353,7.790368271954673,1.07,1.01,314.4166666666667,347.25,9.45524358051355,1.04,0.97,2860.893125002809,3211.4956250015975,10.917109687752236,,,,,5805.882352938206,5188.235294114992,4982.352941171344,4560.784313726391,0.442499999999999,0.7749999999999986,0.6725000000000007,1.0933333333333326,4544.999999999613,3745.000000000213,1564.9999999998702,2295.0000000000487,2117.500000000045,2980.0000000000637,1486.6666666666706,2527.4999999999995,1611.6666666666056,1865.0000000000177,1398.3333333333164,1787.2222222222324,1412.500000000005,1599.9999999999773,1260.8333333333267,1553.3333333333248,1128,1334,1059.6666666666667,1285,7.937812500015341,4.198437500002148,2.6917708333384702,1.9357291666669683,18.836562500036404,13.932500000007128,9.517083333347125,11.905312500003822,29.824687500057642,27.604062499974894,18.975729166690503,24.870729166676284,42.75718750008264,41.941562499961854,30.537500000035877,39.02458333335007,56.22187500010866,58.302499999946974,43.30010416671545,54.925520833358036,
854f037e-3158-45cf-b5ea-9c709641e417,08/25/2026,7:16 AM,ForceFrame-3451,Bar + Frame,Hip AD/AB,Squeeze,Hip AD/AB - 45,3,3,348.25,357.5,2.5874125874125853,1.07,1.01,325.75,338.4166666666667,3.742920462940169,1.04,0.97,3204.669999998239,3287.021562499666,2.5053551044794897,,,,,1894.1176470585272,2152.9411764710167,1354.9019607843784,1405.8823529419453,0.7324999999999982,0.5925000000000011,1.3716666666666664,1.3550000000000002,1280.0000000000045,1020.0000000000036,731.6666666666855,496.6666666666656,1064.9999999999943,1157.4999999999939,621.6666666666705,649.9999999999976,919.9999999999978,859.999999999998,588.3333333333353,512.7777777777746,797.4999999999993,827.4999999999993,610.8333333333344,539.9999999999972,833,923,652.6666666666666,569.6666666666666,2.5493749999976814,3.7812500000019345,1.9417708333319037,2.2679166666666895,6.612812499993986,8.825312500004515,5.9168749999966215,6.121458333334058,12.048124999989042,15.638750000008,10.996562499994262,10.753854166668527,19.5731249999822,24.39250000001248,17.619999999990878,17.22333333333607,28.83906249997377,34.17687500001748,26.05291666665313,25.443229166670125,
a4203d99-23a3-4d17-83a5-edfbf9a266c0,08/25/2026,7:16 AM,ForceFrame-3057,Bar + Frame,Hip AD/AB,Pull,Hip AD/AB - 45,3,3,371.25,380.25,2.3668639053254448,0.84,0.85,353.5833333333333,360.3333333333333,1.873265494912113,0.79,0.85,3280.771562502452,3397.1868749994355,3.426815090853752,,,,,4752.941176474908,5147.058823526779,3956.862745099166,5027.450980387305,0.6050000000000004,0.9499999999999993,1.3966666666666672,1.409999999999999,4064.9999999996535,3739.999999999947,1413.3333333332168,1776.666666666679,2217.4999999999686,2312.4999999999673,1718.3333333333187,2024.1666666666479,1618.3333333333294,1789.9999999999745,1569.444444444416,1593.888888888884,1534.9999999999782,1401.250000000005,1293.7499999999852,1310.4166666666788,1239,1132,1151.6666666666667,1115.6666666666667,5.555937500010738,7.3368750000037535,1.880833333336916,2.6156250000011387,16.87906250003262,18.299687500009362,7.76208333334414,10.572604166666663,28.27750000005465,30.994375000015857,18.154895833352132,21.915104166664786,41.82312500008083,45.187187500023114,30.54906250002867,34.56447916666286,57.16406250011048,59.57375000003048,44.06572916670635,48.328020833327024,
a4203d99-23a3-4d17-83a5-edfbf9a266c0,08/25/2026,7:16 AM,ForceFrame-3057,Bar + Frame,Hip AD/AB,Squeeze,Hip AD/AB - 45,3,3,311,323.25,3.7896365042536684,0.84,0.85,280.5,306.3333333333333,8.433079434167567,0.79,0.85,2567.307812500567,2889.8418749997027,11.160958850012136,,,,,5229.4117647050725,6411.7647058790735,4723.529411764813,5731.372549017401,0.33500000000000085,0.317499999999999,1.2133333333333345,1.1391666666666664,3684.9999999999477,4720.000000000016,1623.3333333333103,2944.999999999986,2225.0000000000077,2077.499999999989,1905.0000000000057,1940.8333333333337,1463.3333333333385,1551.666666666663,1338.888888888888,1446.6666666666633,1175.000000000004,1209.9999999999989,1086.2500000000039,1154.1666666666622,1001,1089,984.6666666666666,1030.3333333333333,1.315312500000673,6.272187500003209,0.5687500000002874,2.625937500001136,10.723125000005485,15.478437500007919,8.016875000002834,11.723645833334587,19.301875000009876,25.700312500013148,17.758541666671892,22.3316666666673,28.992187500014833,36.61500000001873,28.35364583334123,33.60062499999977,39.885937500020404,49.37093750000772,39.66937500001087,45.76114583333248,
cbe72f8c-5ae1-465a-a3f5-45039d13e470,08/25/2026,7:13 AM,ForceFrame-3057,Bar + Frame,Hip AD/AB,Pull,Hip AD/AB - 45,3,3,251.75,287.25,12.358572671888602,1.46,1.20,245.75,283.9166666666667,13.442911652480195,1.24,0.99,2078.1771875005334,2455.422499998995,15.363763771758876,,,,,1688.2352941167826,1629.4117647050448,1254.9019607843027,1325.4901960784216,1.0225000000000009,1.4299999999999997,1.4875000000000007,1.6508333333333323,554.9999999999922,634.999999999991,256.66666666666305,510.0000000000056,837.4999999999881,980.0000000000209,479.9999999999932,685.0000000000091,805.0000000000076,946.6666666666756,493.33333333333275,740.5555555555607,724.9999999999897,873.7500000000031,484.58333333333076,757.0833333333344,741,788,460.6666666666667,713.6666666666666,1.8378125000009402,2.425624999997794,0.6395833333336575,2.079374999998846,6.148437500003146,7.832499999992876,2.807916666668103,6.155416666663114,12.644062500006468,15.889999999985548,6.234166666669853,12.265312499992861,20.713125000010596,25.920312499976426,10.952187500005586,20.55343749998794,29.78781250001524,37.11187499996625,16.76333333334188,30.61072916664909,
cbe72f8c-5ae1-465a-a3f5-45039d13e470,08/25/2026,7:13 AM,ForceFrame-3057,Bar + Frame,Hip AD/AB,Squeeze,Hip AD/AB - 45,4,4,368,345.5,-6.114130434782606,1.46,1.20,304.4375,282.125,-7.3290905358242675,1.24,0.99,3228.3596874989726,2943.6728125001864,-8.818313402349986,,,,,1341.1764705875457,1382.3529411757625,826.4705882351432,869.1176470587241,0.6549999999999998,0.5050000000000001,1.6356249999999997,1.6531249999999997,210.00000000001194,265.00000000000097,187.5000000000041,155.00000000000043,360.0000000000013,709.9999999999899,278.12500000000193,329.3749999999976,425.00000000000404,530.000000000005,298.3333333333352,308.75000000000114,490.00000000000176,408.7500000000015,308.1250000000007,294.0625000000008,504,374,337,266,3.27968749999993,3.6893749999999215,2.3978124999995067,3.004375000000361,7.3174999999998445,8.887500000004547,5.508203124998786,6.806171875000899,12.149687499999741,16.391250000008384,9.566562499997763,11.689609375001666,17.763124999999622,23.966562500012262,14.440781249996471,17.17257812500237,24.29656249999948,31.682812500016208,20.27421874999483,23.234531250003034,
22254221-cc7b-4ece-831b-7753a96090d1,08/25/2026,7:12 AM,ForceFrame-3451,Bar + Frame,Hip AD/AB,Pull,Hip AD/AB - 45,3,3,280.5,294.25,4.672897196261683,1.09,0.99,255.66666666666666,264.25,3.248186691895305,1.13,1.00,1988.9709374996687,2032.4887499997108,2.1411096371405813,,,,,2864.7058823514762,2029.4117647048402,1950.98039215628,1631.3725490187724,0.5249999999999986,0.46999999999999886,0.6208333333333323,0.5066666666666665,585.0000000000125,1059.999999999985,255.00000000000674,588.333333333325,1127.500000000004,1262.499999999982,827.4999999999994,755.8333333333336,1146.6666666666774,1213.3333333333449,880.0000000000014,895.0000000000063,1032.5000000000036,1071.2500000000039,881.6666666666697,903.3333333333366,917,893,823.6666666666666,810.6666666666666,1.4965624999997023,2.9000000000014836,0.6792708333330856,1.5767708333333779,5.864687499998833,9.404687500004812,3.180104166666158,5.304895833333275,14.131249999997188,18.646250000009537,8.946666666665472,11.377187499999428,24.747499999995078,30.430312500015567,17.078958333330945,20.374999999998522,36.554687499992724,43.2065625000221,27.151145833329462,31.09854166666401,
22254221-cc7b-4ece-831b-7753a96090d1,08/25/2026,7:12 AM,ForceFrame-3451,Bar + Frame,Hip AD/AB,Squeeze,Hip AD/AB - 45,3,3,306.75,291,-5.134474327628357,1.09,0.99,288.5,265.0833333333333,-8.116695551704222,1.13,1.00,2483.275312499197,2277.1034375001573,-8.302417132780404,,,,,2047.0588235294551,1970.5882352941608,1488.2352941176384,1400.0000000003356,0.9349999999999987,0.9550000000000001,1.1516666666666662,1.5775000000000006,1755.0000000000061,269.9999999999962,738.3333333333395,136.66666666666495,1132.499999999999,707.4999999999993,745.0000000000026,578.3333333333322,1176.6666666666674,763.3333333333316,870.5555555555603,657.2222222222197,962.4999999999991,800.0000000000028,782.0833333333345,668.7499999999987,868,673,695.3333333333334,560,1.924687499999959,0.398750000000204,0.9446874999998451,0.21270833333338923,6.915937499999853,1.6593749999996699,4.04895833333265,1.5147916666668308,14.54312499999969,6.2062499999998675,9.564062499998073,5.5563541666669565,23.95062499999949,13.366874999997341,17.024895833329474,11.620937500000439,34.339374999999265,21.66093749999569,25.539374999993758,18.710416666667268,
b668e746-c85f-4439-9902-3301644fa9d6,08/25/2026,3:20 AM,ForceFrame-3057,Bar + Frame,Hip AD/AB,Pull,Hip AD/AB - 45,3,3,438,416.25,-4.965753424657537,0.92,0.99,429.5833333333333,395.5,-7.934044616876812,0.92,1.00,3739.346562499295,3436.1450000001932,-8.108410317990122,,,,,1688.2352941179822,1617.6470588238578,1447.058823530327,1421.568627451322,0.8699999999999992,0.9299999999999997,1.694166666666667,1.6933333333333327,300.00000000001705,694.9999999999901,236.66666666667183,276.6666666666658,549.9999999999922,639.9999999999909,428.33333333332854,289.1666666666665,761.6666666666739,648.3333333333242,501.1111111111107,336.6666666666645,924.9999999999868,746.2500000000026,626.2499999999933,452.50000000000455,941,800,718.3333333333334,569,3.02937500000155,3.55718750000182,1.636458333333283,1.6210416666669267,7.305000000003737,8.897500000004552,4.2614583333330245,4.1617708333342,13.56781250000694,15.915937500008143,8.551666666665634,7.46270833333469,21.626250000011062,24.977812500012778,14.948854166664125,12.38520833333491,31.87593749997101,36.62500000001874,23.9344791666618,19.521562500001387,
b668e746-c85f-4439-9902-3301644fa9d6,08/25/2026,3:20 AM,ForceFrame-3057,Bar + Frame,Hip AD/AB,Squeeze,Hip AD/AB - 45,3,3,403.75,412.25,2.0618556701030966,0.92,0.99,394.9166666666667,395.0833333333333,0.0421851929972461,0.92,1.00,3482.6665625008754,3484.9521874994857,0.06558554825540908,,,,,1900.000000001728,1617.6470588250017,1629.411764706976,1427.450980393105,2.2749999999999986,2.1424999999999983,2.734166666666667,2.6891666666666656,494.99999999999295,310.0000000000011,339.9999999999968,241.66666666666757,912.499999999987,792.5000000000028,846.6666666666594,660.0000000000013,953.3333333333367,926.6666666666645,942.7777777777774,814.4444444444484,1001.2500000000035,992.4999999999991,964.16666666667,895.0000000000018,1006,1013,906.6666666666666,864.6666666666666,1.8934375000009687,2.155625000001103,1.1879166666670637,1.2301041666667591,6.3740625000032605,6.27437500000321,4.43958333333472,4.0858333333334516,13.242812500006774,12.748750000006522,10.890937500003256,9.88229166666598,22.88687500001171,21.653125000011077,20.42187500000587,18.5937499999978,34.522812500017665,32.985312500016875,31.801875000008852,29.464791666662695,
73c3f58b-b017-4f98-acc6-30cc0b36b4b9,08/25/2026,3:18 AM,ForceFrame-3057,Bar + Frame,Hip AD/AB,Pull,Hip AD/AB - 45,3,3,366.25,353,-3.6177474402730336,0.96,1.13,357.8333333333333,344.25,-3.7959944108057697,0.92,1.09,3251.443124999381,3151.4687499978613,-3.0747692996025755,,,,,3252.9411764689244,4770.588235295067,2186.2745098043683,2407.843137254378,0.9899999999999984,0.9024999999999999,1.7583333333333322,1.2533333333333327,1734.9999999999754,739.9999999999895,851.6666666666712,480.0000000000088,947.4999999999866,1312.5000000000048,538.3333333333259,925.833333333352,966.6666666666758,1243.3333333333303,743.333333333338,983.3333333333377,1011.2500000000036,1167.500000000004,726.2500000000049,901.2500000000068,1006,1033,714,795.6666666666666,2.5468749999976836,4.4612499999959425,1.241145833332757,2.384791666664505,6.80562499999381,11.143749999989865,4.092708333332192,7.861979166660841,12.752812499988401,21.16531249998075,9.290208333331103,15.970833333322126,20.455312499981396,33.41124999996961,16.116145833329927,26.143020833315376,30.968125000015842,46.448124999957756,24.77979166666218,37.62072916664123,
73c3f58b-b017-4f98-acc6-30cc0b36b4b9,08/25/2026,3:18 AM,ForceFrame-3057,Bar + Frame,Hip AD/AB,Squeeze,Hip AD/AB - 45,4,4,350.5,400.5,12.484394506866414,0.96,1.13,327.875,376.625,12.943909724527048,0.92,1.09,4090.416874999961,4731.903750001777,13.556634050334926,,,,,2123.529411766637,2982.3529411707073,1305.882352941825,1685.2941176452132,1.2174999999999994,1.1950000000000003,2.7925,2.7775000000000007,880.00000000005,834.9999999999882,372.5000000000113,441.24999999999096,864.9999999999877,827.4999999999883,503.7499999999943,639.3749999999949,616.6666666666725,871.6666666666542,506.25000000000404,642.0833333333251,648.7500000000023,854.9999999999878,534.062500000004,656.5624999999951,671,754,528.75,624.5,2.2406249999995542,3.2953125000005152,0.812499999999812,1.2239843750001207,5.650312499998876,8.560625000001338,3.145781249999488,4.77164062500221,10.723749999997867,15.663750000002448,6.725546874999171,9.629765625004595,17.825312499996453,24.139062500003774,11.940859374999006,16.113359375007356,25.842187499994857,34.253125000005355,18.524921874999116,24.17687500001078,
a16341de-4e4c-47a3-bf9c-73beadb84889,08/25/2026,3:16 AM,ForceFrame-3057,Bar + Frame,Hip AD/AB,Pull,Hip AD/AB - 45,3,3,355,320.25,-9.788732394366196,1.09,1.31,332.0833333333333,301,-9.36010037641154,1.04,1.23,3198.825000000883,2902.175937500184,-9.273688385598378,,,,,1141.1764705884705,1094.1176470590408,1049.0196078433473,1033.3333333334956,1.3300000000000018,1.2299999999999969,1.9716666666666676,1.8566666666666656,824.9999999999883,614.9999999999912,401.666666666661,418.3333333333289,797.4999999999886,692.4999999999901,418.3333333333282,461.66666666666197,759.9999999999892,688.3333333333317,508.88888888888295,496.1111111111085,677.4999999999903,701.2499999999962,526.2499999999967,527.9166666666664,602,630,569.6666666666666,507,3.356562500001717,4.194687500002146,1.5148958333339746,2.709687500000745,8.766562500004484,10.226562500005231,4.059166666668405,6.790625000001795,16.18437500000828,17.745625000009078,8.16166666667,12.092187500003305,24.808750000012694,26.26906250001344,13.780729166671952,18.89010416667166,34.47937500001764,35.23937500001803,21.07510416667432,27.001770833339634,
a16341de-4e4c-47a3-bf9c-73beadb84889,08/25/2026,3:16 AM,ForceFrame-3057,Bar + Frame,Hip AD/AB,Squeeze,Hip AD/AB - 45,3,3,386.75,419.25,7.751937984496127,1.09,1.31,344.75,371,7.075471698113212,1.04,1.23,3094.204687500306,3446.561250000458,10.223423782185947,,,,,1182.3529411764948,1082.3529411764925,1086.27450980433,935.2941176469873,3.0725000000000002,3.0475,3.412500000000001,3.433333333333333,234.99999999999667,434.9999999999996,219.99999999999773,298.33333333333104,434.9999999999996,599.9999999999994,375.8333333333317,439.16666666666487,648.3333333333328,741.6666666666661,581.1111111111077,487.2222222222199,697.5000000000001,792.4999999999993,596.666666666668,553.7500000000008,664,709,533.6666666666666,558,0.9703124999999793,1.7671875000001194,0.7447916666666496,1.1669791666667753,2.945624999999937,5.151250000000347,2.3942708333333917,3.5094791666670684,7.157187499999847,10.843437500000732,5.947916666667029,7.286354166667529,13.981874999999702,18.876875000001274,11.690208333334184,12.651562500001504,22.482499999999522,28.669687500001935,18.58843750000134,19.86708333333568,
a1ee8574-ee79-499a-a77b-bf04c62457da,08/25/2026,3:13 AM,ForceFrame-3057,Bar + Frame,Hip AD/AB,Pull,Hip AD/AB - 45,3,3,288.25,275.25,-4.509973980919346,0.86,0.85,269,263.3333333333333,-2.106567534076831,0.82,0.80,2585.098749998875,2537.734687501861,-1.8321954817793529,,,,,2835.294117649638,2429.4117647046405,1537.254901961948,1631.3725490197558,2.1075000000000017,2.5250000000000057,2.3108333333333344,2.617500000000003,584.9999999999917,1124.999999999904,323.33333333332126,564.9999999999708,764.9999999999891,589.9999999999916,624.1666666666654,381.6666666666644,629.9999999999985,553.3333333333386,545.5555555555583,361.11111111110614,543.7499999999972,495.00000000000176,502.4999999999971,333.7499999999982,504,472,479,307.6666666666667,4.249999999996135,3.6021874999992836,2.709583333332693,1.3396874999999848,9.766250000004996,8.715937499998265,7.197604166664746,3.948333333334693,17.33812500000887,15.43374999999693,13.163541666662908,7.419583333336601,25.64468750001312,23.281874999995367,20.056041666660573,11.55447916667231,34.78187500001779,31.800937499993672,27.89010416665778,16.241145833341946,
a1ee8574-ee79-499a-a77b-bf04c62457da,08/25/2026,3:13 AM,ForceFrame-3057,Bar + Frame,Hip AD/AB,Squeeze,Hip AD/AB - 45,3,3,247.25,234.25,-5.257836198179977,0.86,0.85,220.75,211.16666666666666,-4.34126085315214,0.82,0.80,2056.6418750007624,1956.7278125004505,-4.858116705431515,,,,,2876.4705882348444,2447.0588235298983,2245.0980392157753,1921.5686274505777,3.5025000000000013,3.517500000000002,3.6525000000000003,3.68,819.9999999999884,70.00000000000026,433.3333333333272,51.666666666666345,962.4999999999949,885.0000000000032,765.8333333333253,614.9999999999992,956.6666666666644,826.6666666666647,746.1111111111044,614.9999999999978,823.7499999999993,773.7499999999993,655.8333333333277,582.9166666666677,572,554,491.6666666666667,472.3333333333333,0.44437500000006946,0.11625000000005947,0.26833333333341797,0.06093750000002066,4.951562500000774,2.5112499999995004,3.5546875000012323,1.71000000000028,11.156875000001744,7.553124999998497,8.388854166669637,5.530729166667707,19.082812500002984,14.501562499997116,14.596041666671875,10.79468750000209,26.67750000000417,22.247499999995576,21.06927083334095,16.86718750000336,
fd50323c-e3cd-4256-9832-ce6a132b76a1,08/25/2026,3:11 AM,ForceFrame-3057,Bar + Frame,Hip AD/AB,Pull,Hip AD/AB - 45,3,3,399,405.75,1.6635859519408491,0.89,0.92,393.5,404.25,2.6592455163883755,0.85,0.90,3529.171874999387,3570.315937500992,1.1523927636052034,,,,,3076.470588233719,3305.8823529441834,2098.039215686418,2209.8039215690674,0.5675000000000008,0.6150000000000002,0.9783333333333335,1.0033333333333332,904.9999999999872,985.000000000021,541.6666666666589,728.3333333333347,1195.0000000000255,1969.999999999972,999.1666666666712,924.9999999999906,1485.000000000014,1711.6666666666424,1114.999999999998,867.2222222222148,1465.0000000000052,1578.7500000000057,1094.166666666669,927.91666666667,1261,1299,1009.6666666666666,966.3333333333334,3.361562499999331,3.394687499999325,2.0638541666663435,1.8686458333334854,9.238437499998161,9.20500000000471,6.635104166665603,6.480833333334567,15.68249999999688,21.63781250001107,15.024270833330199,13.121979166669922,29.156874999973482,37.3228125000191,26.277499999994188,22.14822916667285,45.83031249995832,54.61093750002794,39.7063541666576,34.130104166676695,
fd50323c-e3cd-4256-9832-ce6a132b76a1,08/25/2026,3:11 AM,ForceFrame-3057,Bar + Frame,Hip AD/AB,Squeeze,Hip AD/AB - 45,3,3,355.5,373.25,4.755525787006032,0.89,0.92,334.5,364.0833333333333,8.125429159990837,0.85,0.90,2813.508750000244,3061.7987499996293,8.109285432277847,,,,,2411.7647058828334,2429.4117647063617,1931.3725490194458,1939.215686275242,1.2324999999999982,0.8900000000000006,2.4708333333333328,2.349166666666667,689.9999999999902,435.00000000000153,333.33333333333013,286.66666666666515,1530.0000000000055,937.50000000002,1024.9999999999975,740.0000000000042,1543.3333333333296,1233.333333333345,1138.888888888883,1071.66666666667,1190.0000000000043,1208.7499999999936,1080.416666666669,1167.083333333333,1021,1072,997.3333333333334,1054.6666666666667,0.8087499999998391,0.8665624999999815,0.5662500000000145,0.6647916666664657,6.099374999998787,4.2490624999961355,3.6985416666666544,3.1981249999989125,16.346249999996747,11.861874999989212,10.88520833333368,9.530937499997457,28.80499999999427,23.160312499978936,21.03114583333452,19.978854166662448,41.28656249999179,36.584999999966726,32.980208333335675,33.02999999999387,
66ccd6ec-cb42-481d-90cf-2ca609a9eef8,08/25/2026,3:09 AM,ForceFrame-3057,Bar + Frame,Hip AD/AB,Pull,Hip AD/AB - 45,3,3,365.75,365,-0.20505809979494138,1.20,1.17,345.75,353.5,2.192362093352196,1.17,1.14,3281.7599999992726,3324.4434375010005,1.283927319088729,,,,,4588.23529412182,4023.5294117683666,2472.549019609072,2341.176470589676,2.6400000000000006,2.5675000000000026,2.735,2.6758333333333337,875.0000000000186,2294.9999999999673,553.3333333333359,1379.9999999999802,1117.5000000000039,1224.9999999999825,944.1666666666716,1091.6666666666576,1075.0000000000102,1251.6666666666786,892.7777777777792,1162.2222222222197,1076.2500000000039,1257.499999999982,1017.4999999999978,1107.083333333327,1016,1080,944.3333333333334,957,2.6321874999994765,4.131562500002113,1.5670833333334684,3.1795833333343144,8.24406249999836,8.919375000004564,6.414062499998562,8.757083333335782,16.975937499996622,18.267187500009346,13.18406249999754,17.02458333333787,28.019999999994425,30.41500000001556,22.803124999995987,28.401145833341058,40.44124999999195,43.74906250002238,35.1198958333269,41.31260416667812,
66ccd6ec-cb42-481d-90cf-2ca609a9eef8,08/25/2026,3:09 AM,ForceFrame-3057,Bar + Frame,Hip AD/AB,Squeeze,Hip AD/AB - 45,3,3,439,427.5,-2.6195899772209597,1.20,1.17,405.6666666666667,402.0833333333333,-0.8833196384552267,1.17,1.14,3813.948749998488,3762.178125000412,-1.3574022198934,,,,,2241.1764705882856,2329.411764705934,2129.4117647057196,1768.6274509808882,2.3475,2.3424999999999994,2.8591666666666664,2.7416666666666667,860.0000000000489,254.9999999999964,336.66666666668374,211.66666666666706,1002.5000000000035,1134.999999999999,953.3333333333406,746.6666666666646,913.3333333333338,1118.333333333334,887.2222222222244,888.3333333333327,990.0000000000014,987.5000000000014,866.6666666666691,787.916666666665,896,940,851.3333333333334,761,0.716874999999348,0.5059374999999893,0.43312499999977433,0.3423958333333718,4.73843749999569,3.8231249999999184,3.3222916666650537,2.49312500000022,10.584374999990374,11.020937499999764,9.037187499996227,7.720520833333905,18.28249999999961,20.68312499999956,17.069374999993492,15.211562500001094,29.18312499999938,31.584999999999326,26.784791666656826,23.91739583333496,
5e0b77df-1117-457d-b219-40f4f4659759,08/25/2026,3:07 AM,ForceFrame-3057,Bar + Frame,Hip AD/AB,Pull,Hip AD/AB - 45,3,3,438,475.75,7.934839726747245,1.05,0.99,420.5,460.25,8.63661053775122,1.05,1.00,4348.088749999395,4646.993750002377,6.43222298293018,,,,,4417.647058821269,5541.176470585401,3445.0980392149154,3550.9803921558546,1.75,2.2074999999999996,2.668333333333333,2.6041666666666665,555.0000000000316,509.9999999999928,256.6666666666762,238.33333333332996,1937.5000000000414,672.4999999999905,782.5000000000123,231.66666666666336,1361.6666666666795,1431.6666666666802,997.2222222222272,755.5555555555626,1333.7500000000048,981.2500000000035,1020.4166666666703,657.5000000000023,1261,1100,1067.6666666666667,661.6666666666666,0.7825000000004003,1.560000000000798,0.29875000000011015,0.5809375000002972,8.110937499992623,5.0078125000025615,3.5751041666646373,1.8127083333342606,18.211562499983437,10.725937500005488,10.113437499995097,4.056666666668742,30.344062499972402,19.853437500010156,19.369895833325128,10.115625000005174,44.80156249995925,32.76000000001676,31.20656249998822,17.920729166675837,
5e0b77df-1117-457d-b219-40f4f4659759,08/25/2026,3:07 AM,ForceFrame-3057,Bar + Frame,Hip AD/AB,Squeeze,Hip AD/AB - 45,3,3,461.5,472.25,2.276336686077285,1.05,0.99,442.4166666666667,460.6666666666667,3.9616497829233044,1.05,1.00,3916.347187500329,4084.1084375003566,4.10765905380085,,,,,3505.8823529412457,2641.1764705882883,2305.882352940617,1894.11764705935,2.4350000000000005,2.5425000000000004,3.104999999999999,3.1883333333333344,1200.0000000000043,240.00000000000085,943.3333333333377,181.66666666666694,2157.499999999998,987.4999999999991,1454.9999999999952,816.6666666666646,1440.000000000001,1398.3333333333342,1015.555555555561,948.8888888888878,1121.249999999999,1060.0000000000014,902.9166666666682,732.0833333333311,980,898,824.3333333333334,714,0.9549999999999796,0.8012499999999829,0.7541666666667454,0.3651041666666895,8.484062499999819,3.651562499999922,5.971458333333762,2.5929166666668007,19.999374999999574,12.310937499999737,13.709791666667803,8.742083333333847,30.910937499999342,23.91124999999949,21.789895833335294,16.371562500001225,42.90999999999909,35.14187499999925,31.547604166669377,24.451041666668676,
869a2f96-ea7e-41c1-8225-0592f5dac360,08/25/2026,3:06 AM,ForceFrame-3057,Bar + Frame,Hip AD/AB,Pull,Hip AD/AB - 45,3,3,326.75,310.25,-5.049732211170621,0.91,0.92,313.6666666666667,294.0833333333333,-6.243358129649323,0.92,0.93,3378.5331250013137,3177.3240624978907,-5.955515457713467,,,,,1235.294117646429,1041.176470588439,1115.6862745097412,1015.6862745100166,2.0249999999999986,1.8974999999999973,2.8983333333333334,2.026666666666666,699.9999999999901,570.000000000002,604.9999999999914,434.9999999999972,797.4999999999886,612.5000000000131,634.1666666666594,541.6666666666752,833.3333333333215,688.3333333333399,703.8888888888813,558.3333333333379,800.0000000000028,695.0000000000025,687.0833333333304,525.4166666666682,705,615,582,464.6666666666667,3.881875000001986,4.264999999996121,2.573229166667847,3.027187499997904,9.118750000004665,10.046562499990863,6.81093750000304,7.504583333328195,16.16375000000827,17.903437499983717,12.938854166672348,13.594895833323832,26.063750000013336,27.658749999974845,20.969479166675843,20.934687499984946,37.85468750001937,38.55218749996494,30.029375000013204,28.972083333312014,
869a2f96-ea7e-41c1-8225-0592f5dac360,08/25/2026,3:06 AM,ForceFrame-3057,Bar + Frame,Hip AD/AB,Squeeze,Hip AD/AB - 45,3,3,296.75,286,-3.6225779275484427,0.91,0.92,289.4166666666667,272.5,-5.845090699683276,0.92,0.93,2699.923125000927,2532.1256250002943,-6.214899174233901,,,,,1347.0588235296796,1152.9411764708207,1141.1764705881276,996.0784313724574,2.0875000000000004,2.045,2.2191666666666667,2.2633333333333336,744.9999999999894,264.99999999999625,514.9999999999933,146.66666666666535,859.9999999999878,452.4999999999996,583.3333333333259,369.99999999999886,828.3333333333313,453.3333333333269,671.6666666666621,419.44444444444184,753.749999999996,578.7499999999969,581.6666666666662,522.0833333333295,668,595,557.6666666666666,538,2.4368750000012467,1.7993750000001214,1.475937500000571,0.7222916666666911,7.124062500003644,4.705937500000318,4.726041666668667,2.3516666666667825,14.199062500007264,8.8865625000006,9.812812500004185,5.438229166667168,22.531250000011525,14.06562500000095,16.4291666666736,10.142187500001071,31.169687500015947,20.687187500001397,23.81927083334324,16.777291666668592,
c5657db0-19d6-4a18-aebb-eee986114646,08/25/2026,3:04 AM,ForceFrame-3057,Bar + Frame,Hip AD/AB,Pull,Hip AD/AB - 45,3,3,456.75,458.25,0.327332242225864,1.01,1.02,446.1666666666667,448.8333333333333,0.5941329372446957,1.00,1.03,4220.901250001654,4183.115937499531,-0.8951953685746195,,,,,2252.9411764702363,2541.1764705878377,1678.4313725484296,1727.4509803921235,1.2474999999999987,1.0899999999999999,2.0816666666666666,1.423333333333334,1865.0000000000066,1275.0000000000045,760.0000000000001,584.9999999999992,952.5000000000034,929.999999999995,410.0000000000031,529.1666666666624,774.9999999999982,993.333333333331,388.33333333333394,625.5555555555515,993.7499999999991,1151.249999999999,518.3333333333337,769.5833333333294,1104,1082,658.3333333333334,820,2.1018750000010753,3.7540625000019205,1.7231250000007072,2.90927083333359,5.743437500000898,9.039375000004625,4.5910416666683345,6.780729166667451,11.050312500001727,16.65562500000852,8.115104166669509,12.036458333335057,18.87156250000295,26.93375000001378,13.116875000004475,19.99614583333616,31.14687500000487,39.61750000002027,20.973645833340374,30.740833333336955,
c5657db0-19d6-4a18-aebb-eee986114646,08/25/2026,3:04 AM,ForceFrame-3057,Bar + Frame,Hip AD/AB,Squeeze,Hip AD/AB - 45,3,3,462.5,468.5,1.2806830309498363,1.01,1.02,444.5,462.5833333333333,3.90920554854981,1.00,1.03,4260.942187501369,4406.243125001575,3.2976150742965338,,,,,1641.1764705885585,1600.0000000003183,1272.5490196082671,1327.4509803920753,0.6999999999999993,1.1950000000000003,1.2374999999999996,1.6716666666666662,754.9999999999893,179.99999999999983,364.99999999999574,84.99999999999959,742.4999999999894,529.9999999999925,529.1666666666608,276.66666666666373,821.6666666666745,641.6666666666575,738.3333333333354,424.99999999999665,943.749999999995,661.2500000000024,824.1666666666661,582.9166666666664,869,734,817,693,3.015937500001543,2.0043750000001355,2.3136458333340815,1.2080208333336546,8.041562500004114,4.685937500000317,5.973645833335385,3.262500000000976,15.238437500007796,8.45250000000057,11.957604166670848,6.663020833335491,24.698125000012634,14.364375000000969,20.81833333334065,12.26052083333748,36.26656250001855,22.81812500000154,32.05593750001122,20.668437500007197,
df79741a-0c54-486b-8a9c-644933bb2932,08/25/2026,3:02 AM,ForceFrame-3057,Bar + Frame,Hip AD/AB,Pull,Hip AD/AB - 45,3,3,505.75,485.5,-4.003954522985664,1.02,1.02,479.25,463.5833333333333,-3.2689966962267447,1.07,1.05,4699.215624998992,4615.425937497963,-1.7830568798606117,,,,,8117.647058825145,7141.17647058458,5856.862745098718,5958.823529413802,0.6400000000000006,0.6474999999999973,1.112499999999999,1.0858333333333317,4960.000000000282,74.99999999999893,2675.0000000000805,63.33333333333243,2102.500000000045,2632.500000000056,1822.500000000011,880.833333333352,1923.3333333333514,1150.000000000011,1726.1111111111125,815.555555555559,1921.2500000000068,1648.750000000006,1776.2500000000061,1024.583333333334,1703,1471,1566.6666666666667,1098,1.894374999998277,0.09031249999991786,1.0784374999996444,0.07229166666662994,12.761562499988393,4.103437499996268,9.753437499996643,1.4819791666654065,23.76999999997838,14.57937499998674,20.030104166661054,5.168124999995589,40.708124999962976,27.468437499975018,36.060937499991354,15.101145833325731,58.99593749994634,45.007812499959066,54.748958333321525,26.23874999998669,
df79741a-0c54-486b-8a9c-644933bb2932,08/25/2026,3:02 AM,ForceFrame-3057,Bar + Frame,Hip AD/AB,Squeeze,Hip AD/AB - 45,3,3,517.75,494.25,-4.538870111057458,1.02,1.02,512.4166666666666,488.75,-4.618637176776708,1.07,1.05,5007.241875000412,4759.044062499469,-4.9567769781627025,,,,,4223.529411768549,4058.8235294096917,3486.274509805475,3470.588235293708,1.745000000000001,2.7250000000000014,2.48,2.8375,470.00000000000165,1310.0000000000746,284.9999999999995,540.0000000000249,1979.9999999999718,2160.000000000046,1474.1666666666586,1521.6666666666763,1889.9999999999732,1968.333333333352,1667.7777777777676,1667.777777777783,1758.7500000000061,1628.7499999999914,1642.083333333337,1545.4166666666663,1416,1320,1380.3333333333333,1300.6666666666667,2.6474999999999436,2.3234374999999505,1.5417708333333444,1.7587499999997889,7.9499999999998305,10.539999999990414,6.305729166667419,7.4956249999976565,18.8556249999996,23.779062499978373,17.40125000000195,19.049374999995557,35.077499999999254,39.68468749996391,33.2367708333369,34.685729166659996,53.81531249999885,55.771874999949276,51.611562500005334,51.90979166665803,
ea32ada1-3719-4cab-a88b-0b56811dfa1f,08/25/2026,3:00 AM,ForceFrame-3057,Bar + Frame,Hip AD/AB,Pull,Hip AD/AB - 45,3,3,310.5,289.5,-6.763285024154586,1.00,1.21,304.5,285.8333333333333,-6.130268199233724,1.01,1.21,3192.4924999993286,2979.6475000029327,-6.667047768990553,,,,,2458.8235294122537,1864.7058823533123,1362.7450980392343,1572.5490196088313,2.3674999999999997,2.335000000000001,2.5050000000000003,2.4933333333333345,530.0000000000301,969.9999999999862,261.6666666666766,383.33333333332683,595.0000000000022,914.999999999987,486.6666666666765,506.66666666665947,508.33333333333815,834.9999999999882,477.77777777778056,584.9999999999897,565.000000000002,733.7499999999895,477.08333333333775,470.8333333333274,603,700,508.6666666666667,468.6666666666667,4.322499999996069,1.72000000000088,1.4794791666653655,0.6002083333336615,9.712187499991167,5.432500000002779,4.211874999997081,2.3347916666685777,16.507812499984986,10.950937500005603,8.168958333328609,5.5715625000051245,24.30968749997789,17.953437500009183,13.448645833326784,10.121250000009377,32.791562499970176,26.028750000013318,20.05062499999165,15.383333333347716,
ea32ada1-3719-4cab-a88b-0b56811dfa1f,08/25/2026,3:00 AM,ForceFrame-3057,Bar + Frame,Hip AD/AB,Squeeze,Hip AD/AB - 45,3,3,311,351.25,11.459074733096086,1.00,1.21,306.0833333333333,347,11.791546589817493,1.01,1.21,3005.699374999851,3416.362187499821,12.020470604742982,,,,,1964.705882353333,1935.2941176467555,1296.0784313723516,1274.5098039216005,1.0374999999999979,1.4050000000000002,1.6558333333333335,2.3066666666666658,400.0000000000014,394.9999999999944,335.0000000000028,233.3333333333314,1019.9999999999945,1000.0000000000035,734.1666666666661,620.0000000000001,928.3333333333311,894.9999999999978,723.3333333333316,669.4444444444422,814.9999999999993,834.9999999999992,679.166666666664,654.1666666666678,743,760,640.3333333333334,637,0.45531250000023293,0.5790625000002962,0.31510416666669167,0.29833333333341466,3.8581250000006033,2.7478125000014058,2.855937500000078,2.021875000000407,9.882812500001545,8.25656250000129,7.514999999999915,5.985729166667348,17.78687500000278,15.779375000002467,13.865416666666453,11.83979166666758,26.317187500004113,24.865625000003888,21.33531249999953,19.203020833334413,
bb1135cd-f25d-46a0-af00-fefcaaa08cf2,08/25/2026,2:58 AM,ForceFrame-3057,Bar + Frame,Hip AD/AB,Pull,Hip AD/AB - 45,3,3,372.75,370.5,-0.6036217303822977,0.80,0.82,357.0833333333333,356.5833333333333,-0.14002333722287208,0.81,0.83,3074.8718750012067,3064.3862499993975,-0.34101014377404537,,,,,6000.000000001192,6452.941176467286,4466.666666667644,4456.862745095758,0.567499999999999,0.567499999999999,1.0291666666666666,0.9833333333333331,2004.9999999999716,3025.0000000000646,733.3333333333234,1710.0000000000582,1004.9999999999857,1150.000000000004,680.8333333333243,1071.6666666666706,1258.3333333333453,1256.6666666666638,980.0000000000076,1142.2222222222206,1200.0000000000043,1196.2500000000043,854.5833333333353,1114.1666666666706,1126,1091,997.000000000001,1020.3333333333334,4.231562500002164,5.616562499998882,1.4350000000007315,3.156666666665171,8.95187500000458,12.181874999997577,4.206770833335475,8.158958333330594,15.970937500008171,19.675624999996085,11.015416666671316,14.998541666662348,26.907500000013766,30.831562499993865,18.817604166674585,25.344374999993345,40.17187500002055,43.53843749999134,29.500104166678952,37.49093749999053,
bb1135cd-f25d-46a0-af00-fefcaaa08cf2,08/25/2026,2:58 AM,ForceFrame-3057,Bar + Frame,Hip AD/AB,Squeeze,Hip AD/AB - 45,3,3,297.75,303.5,1.8945634266886335,0.80,0.82,288.8333333333333,296.75,2.6677899466442057,0.81,0.83,2673.554999998983,2749.3918750002913,2.7583145091421457,,,,,4029.4117647059697,3847.0588235294963,2894.1176470586274,2431.3725490194756,0.35749999999999993,0.35999999999999943,0.6283333333333333,0.6424999999999995,634.999999999991,814.9999999999884,379.9999999999962,349.99999999999505,1712.4999999999984,1634.9999999999986,1297.5000000000089,1180.8333333333303,1356.6666666666674,1318.3333333333342,1224.4444444444518,1118.8888888888907,1141.249999999999,1145.000000000004,1104.1666666666688,1069.5833333333355,1048,1075,977.3333333333334,1004.3333333333334,0.42437499999999095,0.6028124999998801,0.26666666666655414,0.3235416666666507,6.852812499999854,4.695312499999066,4.732812499998335,3.3713541666667517,16.319374999999653,12.167187499999741,12.470624999995557,10.535000000000432,26.875312499999428,22.839999999999513,22.601666666658474,20.32218750000101,39.435624999999156,35.18937499999925,34.246249999987526,31.89843750000192,
dda8709b-f996-4ad8-9824-e08df523ec23,08/25/2026,2:56 AM,ForceFrame-3057,Bar + Frame,Hip AD/AB,Pull,Hip AD/AB - 45,3,3,456.25,455,-0.2739726027397249,1.01,1.04,445.9166666666667,435.8333333333333,-2.261259577649044,0.99,1.05,4110.3171874982,3969.458750001073,-3.426948117910633,,,,,5670.588235299273,6658.823529408359,4611.764705882678,4939.215686273896,1.5874999999999986,1.4675000000000011,2.0683333333333334,2.029166666666668,3670.0000000002087,2800.0000000000596,2393.333333333389,981.6666666666857,1890.0000000000402,1717.4999999999757,1105.8333333333405,1544.16666666667,1593.3333333333296,1710.0000000000161,1318.3333333333396,1525.55555555557,1658.7499999999911,1645.000000000006,1342.4999999999998,1484.5833333333385,1320,1294,1095.6666666666667,1174.3333333333333,2.942187500001505,3.845624999999235,1.3685416666668158,1.3594791666664514,11.749374999989314,10.428437499997925,7.212604166664768,8.117395833335015,21.258749999980665,20.503124999995922,14.919895833328825,17.572916666670803,34.1940624999689,35.97249999999284,26.95020833332485,31.06468750000737,50.727500000025955,52.35937499998958,40.691770833320355,46.15447916667788,
dda8709b-f996-4ad8-9824-e08df523ec23,08/25/2026,2:56 AM,ForceFrame-3057,Bar + Frame,Hip AD/AB,Squeeze,Hip AD/AB - 45,3,3,462.25,472.75,2.2210470650449454,1.01,1.04,442.5,457.5833333333333,3.296303041340376,0.99,1.05,4064.1606250007317,4198.018437500504,3.188595154895768,,,,,4352.941176471454,5129.4117647069015,2654.9019607850614,3249.0196078438094,1.33,1.3774999999999995,1.857500000000001,2.5050000000000003,3704.9999999999472,1720.0000000000061,1381.6666666666479,611.6666666666682,1937.5000000000068,1957.500000000007,1076.6666666666674,1402.5000000000018,1806.6666666666624,1683.3333333333344,1152.222222222218,1286.6666666666622,1542.5000000000055,1578.750000000002,1147.4999999999986,1315.8333333333314,1365,1348,1110.6666666666667,1186,2.5440624999994936,1.4831249999999683,1.181354166666565,0.5271875000000005,10.423437499997926,8.522812499999818,5.108541666666348,4.566562500000004,22.57437499999551,19.301249999999587,12.444166666666286,12.302500000000137,36.862499999992664,33.60468749999929,22.774791666666758,23.87645833333377,53.2859374999894,49.921874999998934,35.74083333333444,37.844583333334526,
60cf5fd7-297f-45eb-982f-6780b2558107,08/25/2026,2:54 AM,ForceFrame-3057,Bar + Frame,Hip AD/AB,Pull,Hip AD/AB - 45,3,3,482.25,486.75,0.9244992295839749,1.04,1.09,472.6666666666667,470.5833333333333,-0.44076163610720087,0.81,1.09,4723.960937501326,4614.122500001267,-2.325134330136025,,,,,5070.588235295127,6788.2352941189965,3962.7450980401336,4792.156862745959,1.0700000000000003,0.6325000000000003,1.2599999999999998,0.7608333333333341,2414.999999999966,2354.9999999999663,859.9999999999877,824.999999999989,1774.9999999999748,2617.500000000009,1496.666666666655,1628.3333333333255,1859.9999999999957,2178.3333333333026,1433.3333333333203,1350.555555555551,1544.999999999978,1829.999999999974,1329.5833333333287,1194.16666666666,1499,1544,1418.6666666666667,1026,3.5803125000018317,2.396562500001226,1.2108333333339478,0.8534375000004095,10.603750000005425,11.040000000005648,5.92895833333575,4.391875000001767,19.868437500010163,25.28968750001294,14.92479166667122,13.072812500003424,31.751875000016245,42.32875000002166,26.58885416667398,24.02229166667196,48.69156250002491,60.73562500003107,42.152916666678216,36.4681250000072,
60cf5fd7-297f-45eb-982f-6780b2558107,08/25/2026,2:54 AM,ForceFrame-3057,Bar + Frame,Hip AD/AB,Squeeze,Hip AD/AB - 45,4,3,499.75,529.75,5.663048607833887,1.04,1.09,382.5625,510.6666666666667,25.085672323759788,0.81,1.09,4701.490312500697,4873.119375000427,3.521954815640338,,,,,4141.176470587585,3535.294117647125,2419.1176470594482,3007.8431372545565,0.11250000000000004,0.6000000000000001,0.4793750000000003,0.8650000000000003,2494.999999999987,285.0000000000061,773.7499999999976,165.00000000000122,2542.4999999999977,994.9999999999991,1121.2499999999975,814.9999999999973,2339.9999999999945,1731.6666666666626,1298.7499999999927,1470.5555555555466,2102.499999999998,1741.2499999999984,1315.9374999999952,1583.7499999999936,1814,1687,1188.5,1533.6666666666667,3.335312499999929,0.6540625000003346,1.5514843750001321,0.6267708333333988,11.677187500001825,3.3543749999999286,6.444687500000734,3.2831250000003216,27.266875000004262,12.973437499999724,15.08445312500195,11.272395833334414,47.60625000000744,28.949062499999382,27.939453125003933,25.506979166669243,69.89062500001093,48.90843749999896,43.11046875000629,43.55302083333779,
fb8a8a70-19ab-453f-af0a-f65950e9633a,08/25/2026,2:52 AM,ForceFrame-3057,Bar + Frame,Hip AD/AB,Pull,Hip AD/AB - 45,3,3,412.75,421.5,2.0759193357058114,0.99,0.95,405.5833333333333,412.5833333333333,1.6966269440517046,0.96,0.95,4137.982499997242,4157.983125001116,0.4810174645398235,,,,,8635.294117642641,8052.941176472191,7454.901960780499,7401.960784315299,1.0649999999999995,0.9275000000000002,1.1049999999999986,1.085833333333334,4805.000000000103,4409.999999999937,2758.3333333334335,1804.9999999999754,2065.0000000000073,2585.000000000009,1906.6666666666952,1971.666666666654,1645.0000000000157,1378.3333333333137,1422.7777777777858,1214.999999999991,1478.7500000000052,1346.2500000000048,1341.2500000000048,1211.6666666666708,1310,1254,1191.3333333333333,1157.6666666666667,6.02531249999452,4.108750000002102,3.9219791666644497,1.4865625000007368,17.43124999999653,12.865937500006583,13.429583333325247,8.968541666670157,27.44031249999454,21.510312500011004,23.670520833318307,18.27531250000605,39.9128124999637,33.05281250001691,35.42177083331052,29.13166666667615,55.62249999998893,46.93500000002401,50.09229166663428,42.51697916668021,
fb8a8a70-19ab-453f-af0a-f65950e9633a,08/25/2026,2:52 AM,ForceFrame-3057,Bar + Frame,Hip AD/AB,Squeeze,Hip AD/AB - 45,3,3,409.25,399.5,-2.3824068417837463,0.99,0.95,390.75,392.5,0.44585987261146487,0.96,0.95,4073.4778124984477,3985.512812501326,-2.159456956589356,,,,,6364.705882354206,7105.882352947639,5625.490196077859,6213.725490198672,0.9250000000000007,0.5025,2.2983333333333333,1.8125,4629.9999999999345,4639.9999999999345,3936.6666666666206,1766.6666666666436,2549.9999999999977,2564.9999999999977,2304.166666666683,1690.833333333321,2036.6666666666617,2331.666666666668,1783.3333333333358,1856.666666666657,1697.4999999999984,1742.4999999999984,1532.0833333333321,1495.8333333333237,1430,1497,1346.6666666666667,1294.6666666666667,5.7224999999988615,2.18937500000112,3.147499999999013,0.8156250000003719,15.796874999996858,13.95656250000714,13.409479166661844,7.656354166668986,27.869999999994455,27.85375000001425,26.563124999990432,19.58208333333895,43.23812499999908,42.262812500021624,40.95447916665199,33.73687500000977,60.8556249999987,59.99218749999872,57.16437499997954,49.165000000014494,
0530676d-7e30-4462-8040-5f6609e81874,08/25/2026,2:51 AM,ForceFrame-3057,Bar + Frame,Hip AD/AB,Pull,Hip AD/AB - 45,3,3,418.25,386.5,-7.591153616258217,0.94,1.09,402.4166666666667,361.4166666666667,-10.188444812590603,0.95,1.09,4077.055625000114,3675.0040624975472,-9.861321489881703,,,,,5494.117647056012,5605.882352946275,4141.176470589402,4841.1764705894975,1.1199999999999974,1.2049999999999983,1.243333333333333,1.4691666666666663,3669.9999999999477,90.00000000000192,1274.9999999999839,61.66666666666911,1727.4999999999754,1725.0000000000368,869.1666666666647,1089.1666666666897,2013.3333333333524,1558.333333333348,1507.2222222222317,915.0000000000086,1738.7500000000061,1318.7500000000048,1133.7500000000018,850.4166666666697,1471,1265,1191.3333333333333,779,2.308125000001181,0.12312499999988802,0.7828125000003924,0.10760416666658805,10.760937500005506,5.742499999994777,4.2619791666679205,2.825729166664146,21.490000000010994,15.826562499985606,11.462187500001866,8.688020833325508,37.81093750001934,28.64281249997395,22.7669791666699,16.368229166651886,56.042812500028674,42.21062499996161,35.833958333337634,25.820729166643314,
0530676d-7e30-4462-8040-5f6609e81874,08/25/2026,2:51 AM,ForceFrame-3057,Bar + Frame,Hip AD/AB,Squeeze,Hip AD/AB - 45,3,3,392.25,420.75,6.773618538324422,0.94,1.09,382.5,395.75,3.348073278584962,0.95,1.09,3610.648437500284,3738.0481250011912,3.4081874614941277,,,,,4105.882352941993,5358.823529409026,3954.901960783982,4831.372549019019,1.0824999999999996,1.325000000000001,1.363333333333333,1.425,3320.000000000012,4404.999999999937,2881.6666666666456,1486.6666666666458,1992.4999999999716,2279.9999999999677,1802.499999999992,1946.66666666666,1696.6666666666426,1921.6666666666395,1602.777777777769,1563.3333333333233,1486.2500000000052,1556.2500000000055,1405.8333333333364,1423.7499999999998,1256,1270,1207.3333333333333,1150.6666666666667,3.654374999999922,3.664687500001875,2.4457291666670913,1.233541666667296,11.812812499999747,14.44500000000739,10.560520833334571,7.76770833333655,22.77187500001165,27.07156250001385,21.151770833335817,17.89187500000682,36.63718750001874,43.10656250002205,34.35312500000384,31.19510416667829,52.057500000026636,58.729375000030046,48.978125000005384,45.42208333335009,
244d461e-64e6-4e31-9161-07efb9485361,08/25/2026,2:49 AM,ForceFrame-3057,Bar + Frame,Hip AD/AB,Pull,Hip AD/AB - 45,3,3,420.75,452.25,6.965174129353235,1.34,1.13,419.5833333333333,440.5,4.748391978811961,1.31,1.15,3762.450000001,4099.337187499177,8.218089220020886,,,,,6870.588235295484,8041.176470584121,5801.960784315593,6127.450980390327,0.7000000000000028,1.8099999999999987,0.7933333333333342,2.016666666666667,3754.999999999947,959.9999999999864,2264.9999999999677,418.3333333333274,2587.499999999963,2025.0000000000073,2136.6666666666515,1226.666666666664,1853.333333333329,1805.000000000017,1703.888888888872,1641.6666666666758,1746.2499999999752,1767.5000000000064,1690.4166666666572,1597.0833333333392,1481,1501,1451.6666666666667,1428,4.0190624999992,2.687500000001375,2.191562500000169,0.9813541666670784,16.0899999999968,8.59062499999829,11.45500000000205,5.395416666667224,28.530624999994323,20.96937499999583,22.372812500004688,16.493229166664907,44.06281249999123,36.351874999992766,37.68718750000884,30.940312499996256,61.205937499987826,53.74656249998931,54.96364583334696,48.51854166665961,
244d461e-64e6-4e31-9161-07efb9485361,08/25/2026,2:49 AM,ForceFrame-3057,Bar + Frame,Hip AD/AB,Squeeze,Hip AD/AB - 45,3,3,563.75,509.75,-9.578713968957874,1.34,1.13,551.4166666666666,507,-8.0550098231827,1.31,1.15,5178.014999998135,4693.886562499446,-9.349691677194127,,,,,5535.294117647176,5152.94117646978,4786.274509803458,4392.156862746348,0.4600000000000004,1.5099999999999998,0.7108333333333333,2.1491666666666664,3700.0000000002105,3239.999999999954,2891.6666666667575,1698.3333333333094,2589.9999999999977,1994.9999999999982,2017.5000000000134,1642.5000000000102,2628.333333333335,1936.666666666662,2072.7777777777815,1668.8888888888914,2138.749999999998,1817.5000000000025,1896.6666666666704,1646.6666666666658,1958,1663,1864.3333333333333,1573.3333333333333,3.9687499999963904,1.6962500000008678,2.0396874999986845,0.8353125000000524,10.982187499990012,9.119375000004666,10.220729166662663,6.516562499999196,27.13656249999942,19.843750000010154,22.90364583332547,16.553958333332105,47.26468749999899,36.19250000001851,39.88458333332009,31.18437499999797,70.2637499999985,55.472500000028376,61.22427083331274,49.24666666666306,
a66dbba2-a1b0-4146-a90d-2f54e5eb44a4,08/25/2026,2:47 AM,ForceFrame-3057,Bar + Frame,Hip AD/AB,Pull,Hip AD/AB - 45,3,3,481,496,3.0241935483870996,0.96,0.93,473.1666666666667,488.75,3.1884057971014457,0.96,0.93,4170.475624997194,4333.749999999197,3.7675079319765326,,,,,5788.23529410646,6152.941176476187,4856.862745095032,5054.901960788192,1.2449999999999992,1.147499999999999,1.5241666666666642,1.2041666666666664,3815.000000000217,3519.99999999995,1346.6666666667413,1249.9999999999857,2400.0000000000514,2264.9999999999677,1543.3333333333921,1196.6666666666576,1988.3333333333521,2046.666666666686,1250.5555555555673,1162.2222222222333,1750.0000000000373,1827.5000000000066,1163.7500000000146,1555.0000000000134,1543,1543,1006.3333333333334,1365,7.433437499993239,3.2012500000016377,2.494374999997735,1.126041666667181,18.358749999983303,12.702500000006498,8.393124999992372,5.214583333335261,31.83281249997105,25.365000000012976,17.01781249998454,12.14520833333687,47.81624999995651,42.38625000002168,27.238020833308582,23.63500000000417,65.56718749994036,60.557812500030984,39.26593749996431,39.74718750000226,
a66dbba2-a1b0-4146-a90d-2f54e5eb44a4,08/25/2026,2:47 AM,ForceFrame-3057,Bar + Frame,Hip AD/AB,Squeeze,Hip AD/AB - 45,3,3,460.75,461.25,0.10840108401084514,0.96,0.93,453,452.5833333333333,-0.09197939661516052,0.96,0.93,3999.3606249982968,4021.960937498787,0.561922725051256,,,,,5529.411764703055,4341.176470589101,5127.450980388032,3886.2745098055734,1.6750000000000007,1.045,2.3408333333333315,1.855833333333332,4609.9999999999345,1395.0000000000298,3560.0000000000123,500.00000000001046,2640.0000000000095,2082.5000000000073,2322.5000000000414,1774.9999999999925,2013.3333333333285,1804.9999999999957,1793.8888888888944,1636.6666666666686,1619.9999999999986,1466.2500000000052,1497.500000000011,1338.7500000000102,1482,1246,1292,1218,4.337499999999137,1.2353124999997542,3.003124999999256,0.4487499999999109,16.124999999996792,8.923437499998224,13.446979166661839,5.037291666665288,30.80187499999387,21.549687499995713,26.24906249999009,16.211666666662033,45.83312499999088,35.77968749999288,40.28854166665101,28.89697916665823,60.54999999998795,50.7578124999899,56.05354166664432,43.4554166666537,
a3eff9b3-1369-4738-afb3-530948180241,08/25/2026,2:45 AM,ForceFrame-3057,Bar + Frame,Hip AD/AB,Pull,Hip AD/AB - 45,3,3,433.75,423.25,-2.420749279538903,0.97,1.05,418.3333333333333,412.5833333333333,-1.3745019920318735,0.96,1.04,3637.2696875009997,3573.2675000018285,-1.7596217217300758,,,,,2011.7647058813245,1917.6470588239176,1770.5882352939814,1876.470588235653,0.8200000000000003,0.7674999999999983,1.2758333333333336,1.056666666666666,920.0000000000197,364.9999999999948,346.66666666667265,198.33333333333053,1165.000000000004,697.5000000000149,430.8333333333341,300.83333333333735,1369.9999999999968,978.3333333333426,536.1111111111089,450.55555555555765,1381.250000000005,1158.750000000004,570.8333333333334,522.5000000000013,1302,1109,622.6666666666666,650.6666666666666,3.0656250000015683,3.6715625000018783,2.645416666667446,1.9928125000010197,8.0449999999984,7.767500000003974,6.446354166668059,4.628645833335701,17.523124999996515,13.0965625000067,11.774479166668542,9.279062500004747,31.395937499993753,24.466562500012518,18.98291666666894,15.339791666674515,48.20124999999041,39.157812500020036,28.086458333336285,23.783541666678833,
a3eff9b3-1369-4738-afb3-530948180241,08/25/2026,2:45 AM,ForceFrame-3057,Bar + Frame,Hip AD/AB,Squeeze,Hip AD/AB - 45,3,3,421.25,444.75,5.283867341202919,0.97,1.05,401.4166666666667,428.4166666666667,6.302275821824543,0.96,1.04,3338.211250000313,3532.469687498983,5.499224471369956,,,,,5188.23529411776,4417.647058823622,3603.9215686285374,3394.1176470585438,0.3849999999999998,0.5374999999999996,1.0158333333333338,0.739166666666666,2944.999999999984,3534.9999999999814,1819.9999999999827,1380.0000000000036,2174.999999999998,2152.499999999998,1752.4999999999927,1597.5000000000102,1800.0000000000011,1968.3333333333287,1641.666666666658,1573.3333333333405,1659.9999999999986,1779.9999999999984,1476.250000000003,1469.5833333333358,1456,1476,1346.3333333333333,1339.6666666666667,4.6034374999999015,3.96656250000062,2.1135416666668863,1.5241666666667193,12.332499999999737,13.05406250000204,8.544687500001116,7.174270833332162,24.083749999999487,25.366562500003965,19.111145833335595,16.804166666662905,39.35749999999916,41.38125000000647,32.93218750000353,30.115104166659307,56.913749999998785,59.651875000009326,48.83072916667175,45.85677083332151,
c4af5dff-a038-40c0-8eab-be2e9a653245,08/25/2026,2:44 AM,ForceFrame-3057,Bar + Frame,Hip AD/AB,Pull,Hip AD/AB - 45,3,3,326,303.5,-6.90184049079755,1.08,1.06,308.0833333333333,274.5,-10.900730321882602,1.05,1.06,2425.982812500074,2146.6990625000562,-11.512189969400666,,,,,3929.411764706663,3676.4705882334133,3070.588235294092,2456.862745097658,0.9375,0.8900000000000006,1.4424999999999997,1.485,1954.9999999999723,1929.9999999999725,1034.9999999999918,764.9999999999899,1455.0000000000052,1354.9999999999807,1235.8333333333292,577.499999999994,1040.0000000000036,994.9999999999859,1018.333333333337,693.8888888888841,1047.499999999999,898.7500000000032,982.0833333333353,734.5833333333327,983,741,915.6666666666666,660.6666666666666,1.0284375000005261,3.721875000001904,0.4063541666668294,1.3505208333339462,6.62562500000339,9.99062500000511,5.330104166667176,4.0826041666682205,13.826250000007073,17.228437500008813,12.079270833334204,7.931770833335835,22.649374999995494,25.78218750001319,20.575520833334352,14.442187500003234,33.93187499999325,35.01875000001792,31.324895833334466,22.36020833333718,
c4af5dff-a038-40c0-8eab-be2e9a653245,08/25/2026,2:44 AM,ForceFrame-3057,Bar + Frame,Hip AD/AB,Squeeze,Hip AD/AB - 45,3,3,352.75,321.75,-8.788093550673281,1.08,1.06,322.8333333333333,290.3333333333333,-10.067114093959727,1.05,1.06,2313.0406249996477,2076.479062500232,-10.227298212691426,,,,,3758.8235294118426,3788.2352941177273,2527.450980391791,2774.509803922723,1.1524999999999999,1.0574999999999997,2.1808333333333327,2.1616666666666666,1479.999999999979,435.00000000000153,906.6666666666597,251.66666666666563,1534.9999999999986,1597.4999999999773,1215.0000000000111,1199.9999999999948,1350.000000000001,1188.333333333334,1126.6666666666706,1022.7777777777719,1025.0000000000036,972.5000000000013,928.3333333333329,828.7499999999973,1058,952,897.3333333333334,815.3333333333334,1.0793749999990183,0.38687499999992303,0.6564583333330958,0.2182291666666568,7.419374999993252,6.396874999999864,5.767916666664809,4.115833333333809,16.189999999985275,14.241562499999697,13.084374999996195,10.782395833334837,26.094374999976267,23.4543749999995,22.05729166666097,18.89593750000252,37.91562499999919,34.32062499999927,32.63270833332567,28.34354166667016,
641ba67a-fcc7-455e-85b4-44948d50f8ee,08/25/2026,2:42 AM,ForceFrame-3057,Bar + Frame,Hip AD/AB,Pull,Hip AD/AB - 45,3,3,393.5,393,-0.12706480304955914,0.65,0.70,386.8333333333333,382.6666666666667,-1.0771219302024848,0.63,0.65,3273.1190625016743,3299.001562500837,0.7845555544248373,,,,,5558.82352941682,4776.470588232852,4625.49019608097,4384.313725491059,0.5025000000000013,0.365000000000002,0.8016666666666676,0.5908333333333342,2509.9999999999645,349.99999999999505,856.6666666666546,209.99999999999875,1594.9999999999773,1605.000000000034,531.6666666666591,1025.8333333333383,1294.9999999999816,1268.3333333333453,433.8888888888828,774.4444444444517,1522.4999999999784,1505.0000000000055,791.2499999999937,1108.7500000000039,1336,1367,606.3333333333334,1082.6666666666667,0.30500000000015604,0.1612500000000825,0.11541666666672572,0.09750000000002464,8.918125000004562,7.268125000003718,3.0085416666682057,3.5742708333351145,17.322187500008862,15.13156250000774,5.809895833336306,8.711250000004378,30.526250000015615,28.00375000001433,10.414687500005327,17.80260416667442,46.46062500002377,44.212187500022615,18.10447916667593,30.164583333345718,
641ba67a-fcc7-455e-85b4-44948d50f8ee,08/25/2026,2:42 AM,ForceFrame-3057,Bar + Frame,Hip AD/AB,Squeeze,Hip AD/AB - 45,3,3,255.75,274.25,6.745670009115767,0.65,0.70,242.33333333333334,249.16666666666666,2.742474916387949,0.63,0.65,2020.64218750022,2097.5443749992087,3.666296094404098,,,,,3176.470588235366,3052.9411764701085,2086.27450980378,2100.000000000408,0.375,0.35749999999999993,2.03,1.2866666666666664,815.0000000000174,1030.0000000000036,403.33333333333775,599.9999999999976,1535.0000000000055,1602.5000000000057,1004.9999999999994,1076.6666666666763,1286.6666666666636,1271.6666666666713,1063.3333333333273,1026.6666666666713,994.9999999999991,1096.249999999999,910.4166666666684,982.0833333333352,835,1010,698.3333333333334,780,2.5921874999994845,1.7015624999984524,1.5331250000000918,1.488541666666033,7.418749999998524,7.792187499999834,5.713333333333627,6.35958333333108,14.756874999997065,17.917812499999616,13.456666666667559,14.169999999994952,24.87531249999505,28.71906249999939,23.42572916666846,24.29760416665773,34.57374999999312,40.45249999999914,33.37260416666941,34.8849999999873,
c2e8e048-67b2-4cca-8bac-7914842464c4,08/25/2026,2:39 AM,ForceFrame-3057,Bar + Frame,Hip AD/AB,Pull,Hip AD/AB - 45,3,3,498.25,487.75,-2.1073758153537403,1.01,1.14,474,470.9166666666667,-0.6504922644163136,1.00,1.15,3818.486562500975,3803.33218750098,-0.39686862195135175,,,,,6835.2941176435625,8117.647058830913,4603.921568625096,4903.921568629652,0.9450000000000003,1.045,1.6175000000000004,1.596666666666667,5189.999999999926,2774.9999999999604,3284.9999999999927,1008.333333333319,2052.499999999971,2367.500000000008,1389.1666666666504,1499.1666666666595,2093.3333333333035,2089.999999999995,1711.666666666666,1539.4444444444307,1766.249999999975,1837.4999999999739,1669.5833333333287,1516.2499999999836,1567,1575,1544.6666666666667,1404,2.9959375000015327,5.492812499998907,1.7778125000005351,1.9105208333330097,11.964687500006121,17.201562499996577,8.883645833336429,9.243437500000654,24.712500000012643,34.57187499999312,18.544479166673423,20.394479166668912,41.664687500021316,54.126874999989234,33.50468750001155,35.13406250000515,60.62031250003101,74.61593749998515,51.89750000001686,52.81437500000934,
c2e8e048-67b2-4cca-8bac-7914842464c4,08/25/2026,2:39 AM,ForceFrame-3057,Bar + Frame,Hip AD/AB,Squeeze,Hip AD/AB - 45,3,3,502.75,556.75,9.699146834306237,1.01,1.14,475.1666666666667,540.9166666666666,12.155291942689871,1.00,1.15,3910.329375001424,4442.0624999998545,11.970410704451995,,,,,5047.05882352683,4852.941176468103,3919.6078431358924,3690.19607843138,1.3000000000000007,1.2000000000000028,1.9508333333333334,1.757500000000001,3444.999999999951,4034.9999999999427,2211.6666666666474,2204.9999999999686,2079.999999999989,2032.4999999999711,1664.9999999999825,1480.8333333333314,1806.6666666666624,1986.6666666666385,1704.4444444444414,1631.6666666666613,1627.5000000000057,1887.4999999999732,1544.5833333333278,1660.4166666666595,1446,1629,1401,1555.6666666666667,2.654062500000415,3.6159374999967113,1.5830208333338291,2.0898958333326862,9.687500000001513,11.505937500005887,8.55562500000323,8.080729166665739,21.86562500000342,23.429375000011987,19.247291666673924,17.528437499998752,36.92937500000577,40.05187500002049,33.39135416667938,31.87906249999814,53.93312500000843,59.73343750003056,49.82114583335243,50.01677083333008,
8720d9d1-c213-400a-bd49-d989bc14b14d,08/25/2026,2:37 AM,ForceFrame-3057,Bar + Frame,Hip AD/AB,Pull,Hip AD/AB - 45,3,3,419.5,460.25,8.853883758826719,0.65,0.73,403.9166666666667,439.5,8.096321577550247,0.64,0.75,3358.5121874996858,3628.1671874996982,7.432264999503557,,,,,4629.411764706805,5023.529411765707,4260.784313724408,3866.666666667749,0.5650000000000013,0.6125000000000007,1.1816666666666673,1.215,3029.999999999957,2484.9999999999645,2506.6666666666492,899.9999999999899,1624.9999999999914,1589.9999999999916,1377.5000000000018,1153.333333333335,1689.999999999996,1368.33333333333,1628.33333333333,1098.3333333333314,1519.9999999999986,1414.9999999999986,1453.7499999999948,1232.916666666669,1318,1326,1263.3333333333333,1212.6666666666667,6.300000000000985,0.7053125000001103,4.061666666666903,0.32958333333335565,14.26312500000223,9.08562500000142,10.343854166666,5.507083333333362,24.76687500000387,17.95906250000281,20.094270833332022,12.500729166666067,39.10062500000611,31.41750000000491,33.856770833330756,22.849270833331733,55.25687500000864,46.665625000007296,49.31666666666292,36.67083333333042,
8720d9d1-c213-400a-bd49-d989bc14b14d,08/25/2026,2:37 AM,ForceFrame-3057,Bar + Frame,Hip AD/AB,Squeeze,Hip AD/AB - 45,3,3,273.5,336.5,18.7221396731055,0.65,0.73,257.1666666666667,331.5,22.423328305681245,0.64,0.75,2138.2606250007657,2622.495937500247,18.464673503405017,,,,,2729.4117647083635,2058.823529413635,2480.392156863069,1841.1764705889425,1.2175000000000011,1.2774999999999999,2.220833333333334,2.240833333333333,1674.9999999999761,720.0000000000153,919.9999999999891,486.6666666666706,1442.4999999999795,1210.0000000000043,1292.4999999999866,1060.8333333333305,1209.999999999997,1098.3333333333437,1122.2222222222163,1060.000000000007,994.9999999999991,1047.5000000000036,897.916666666661,974.5833333333358,841,929,790.3333333333334,884,1.0559375000005402,1.7937499999996431,0.6097916666669061,1.1143749999999135,7.374687500003773,7.1399999999985795,5.775520833335617,5.106979166666609,15.51937500000794,15.672187499996882,13.332916666671741,12.590416666667158,24.800000000012687,26.196874999994787,22.214062500008197,22.062604166667793,34.71718750001776,38.06687499999243,31.61947916667816,33.256250000001934,
01495ae2-46d3-4146-83ef-324c89184396,08/25/2026,2:36 AM,ForceFrame-3057,Bar + Frame,Hip AD/AB,Pull,Hip AD/AB - 45,3,3,536.75,541.25,0.8314087759815236,0.93,0.95,519.75,524.1666666666666,0.8426073131955425,0.94,0.96,3991.1115624987956,4064.806874998776,1.813008951378603,,,,,6388.235294114378,6111.764705879227,5419.607843134906,5088.235294116742,1.5425000000000004,1.4000000000000004,1.800833333333334,1.7374999999999996,3019.9999999999573,4375.000000000248,1049.9999999999875,1511.6666666667497,1917.4999999999898,2587.500000000055,1280.8333333333323,2070.8333333333558,2019.9999999999952,2096.6666666666865,1164.4444444444475,1723.8888888888994,2004.9999999999982,1967.500000000007,1602.5000000000027,1852.0833333333374,1796,1703,1441,1678,2.7618750000004315,3.8028124999965414,0.9389583333334652,1.330104166665512,10.905937500001706,14.829062499986513,5.889895833333441,9.188645833328659,22.84375000000357,28.879999999973734,13.342291666666705,20.868020833324163,40.9168750000064,46.90624999995734,25.663958333332037,36.6307291666518,62.213125000009725,67.19499999993889,42.80114583332863,56.4631249999787,
01495ae2-46d3-4146-83ef-324c89184396,08/25/2026,2:36 AM,ForceFrame-3057,Bar + Frame,Hip AD/AB,Squeeze,Hip AD/AB - 45,3,3,499.75,515.5,3.055286129970902,0.93,0.95,490.75,501.9166666666667,2.224804914494438,0.94,0.96,3590.5843749986643,3742.6712499995137,4.063591612564665,,,,,4552.941176471491,4276.470588233111,4131.372549019096,3529.4117647046055,1.9924999999999997,2.075000000000001,2.3033333333333332,2.4016666666666664,559.9999999999995,1414.99999999998,203.3333333333339,556.6666666666622,1930.0000000000068,1772.4999999999748,1734.1666666666815,1500.8333333333364,1383.3333333333321,1379.9999999999968,1333.8888888888914,1317.777777777781,1260.0000000000045,1349.9999999999927,1188.3333333333364,1254.5833333333323,1131,1155,1041.6666666666667,1084,0.28374999999999395,0.8609375000004404,0.09791666666666161,0.33958333333346413,6.322499999999865,8.611562500004405,4.062604166665568,4.574270833333915,15.42499999999967,19.05750000000975,12.872187499995674,13.226041666666537,26.27624999999944,31.164375000015944,23.754583333324888,24.285104166665253,37.5174999999992,45.105937500023074,36.0811458333199,37.417499999996686,
b680bdf4-68b7-4866-a877-fbc866ff6600,08/25/2026,2:33 AM,ForceFrame-3057,Bar + Frame,Hip AD/AB,Pull,Hip AD/AB - 45,3,3,454.25,465.5,2.4167561761546774,1.01,0.95,413.3333333333333,430.5833333333333,4.006193148829107,1.01,0.99,2909.7603124994316,3028.8468749993535,3.9317458892651147,,,,,4311.76470588321,4888.23529411862,3054.90196078475,3686.2745098031933,0.41000000000000014,1.6524999999999999,1.4324999999999999,1.8658333333333335,214.99999999999696,3030.0000000001723,108.33333333333381,1460.0000000000516,970.0000000000207,2580.000000000055,340.0000000000072,1580.8333333333467,1251.6666666666786,2146.666666666687,849.4444444444492,1505.5555555555666,1210.0000000000043,1736.2500000000061,920.41666666667,1260.0000000000043,1093,1419,933.6666666666666,1166.6666666666667,3.8553125000019723,2.9637499999973045,1.2932291666673221,1.6991666666661036,9.915000000005072,13.313124999987892,3.3297916666683487,6.898020833330402,20.567812500010522,28.051249999974488,9.258854166669304,17.20562499999372,35.10375000001796,44.87281249995919,18.221562500002864,29.276874999990415,51.187187500026184,62.72718749994295,29.819062500001625,43.08437499998695,
b680bdf4-68b7-4866-a877-fbc866ff6600,08/25/2026,2:33 AM,ForceFrame-3057,Bar + Frame,Hip AD/AB,Squeeze,Hip AD/AB - 45,3,3,457,444.5,-2.7352297592997843,1.01,0.95,416,424.5833333333333,2.0215897939156013,1.01,0.99,3367.9703125002875,3559.7168750002984,5.386567787079832,,,,,4305.882352938974,4488.23529411535,3715.6862745095223,3507.8431372537266,2.182499999999999,2.1999999999999993,2.8008333333333333,2.7925000000000004,3205.000000000068,3584.999999999949,1226.66666666669,1953.3333333333067,1677.500000000006,1979.9999999999718,1304.166666666663,1524.9999999999927,1395.0000000000132,1604.9999999999773,1149.999999999998,1183.3333333333248,1291.2499999999816,1403.750000000005,914.1666666666619,960.8333333333361,1067,1225,770.3333333333334,823.3333333333334,3.1265624999993777,2.516562499999499,1.3527083333331198,1.8997916666668309,11.065937499997798,10.284687499997954,5.389687499999359,8.025000000000905,20.377187499995944,20.50156250001049,13.278333333333526,16.48437500000215,30.537499999993926,33.569062500017175,22.17333333333472,25.911875000003715,42.2015624999916,48.45406250002479,31.930104166669498,36.27187500000548,
3b64d0cc-84bd-4d01-8932-816eb6e5408b,08/25/2026,2:31 AM,ForceFrame-3057,Bar + Frame,Hip AD/AB,Pull,Hip AD/AB - 60,3,3,445,381.25,-14.32584269662921,1.14,1.39,416.5833333333333,359.5,-13.702740548109615,1.20,1.44,3600.6621874985085,3121.90312500057,-13.296417091283619,,,,,2558.8235294140895,3147.058823527803,2127.4509803932583,2111.7647058827847,0.8275000000000006,0.7100000000000009,1.8024999999999995,1.548333333333332,1960.0000000001114,1460.000000000083,1218.3333333333655,578.3333333333546,1752.5000000000373,1547.500000000033,1015.0000000000064,712.5000000000085,1705.0000000000161,1470.0000000000139,1004.4444444444489,712.222222222229,1547.5000000000055,1338.7500000000048,1056.6666666666645,715.8333333333312,1327,1212,935.6666666666666,844.6666666666666,5.349062500002736,2.580624999997653,2.418437500000334,0.9469791666659774,13.650000000006983,8.769062499992025,7.3302083333331325,3.913229166665758,24.78750000001268,18.324374999983334,14.841874999998241,8.343541666665221,39.542500000020226,30.96218749997184,25.17333333332917,14.732499999998828,55.54406250002842,45.55624999995857,37.23531249999244,24.144375000000363,
3b64d0cc-84bd-4d01-8932-816eb6e5408b,08/25/2026,2:31 AM,ForceFrame-3057,Bar + Frame,Hip AD/AB,Squeeze,Hip AD/AB - 60,3,3,509.5,530.25,3.9132484677039114,1.14,1.39,498.9166666666667,516.5,3.4043239754759536,1.20,1.44,4309.188749999764,4344.9112500011615,0.8221686922002869,,,,,3411.7647058806056,2676.4705882377298,2849.019607843491,2441.176470588555,2.5224999999999973,2.337500000000002,3.1858333333333326,3.145000000000002,2695.0000000001532,1930.0000000000068,1145.0000000000516,929.9999999999982,1610.0000000000343,1385.000000000005,1314.166666666684,903.3333333333288,1768.33333333335,1430.000000000005,1358.8888888888969,1051.66666666666,1388.750000000005,1350.0000000000048,1264.1666666666692,1097.9166666666706,1252,1194,1155,1056.3333333333333,1.938437499998237,1.432499999999715,0.7448958333327612,0.663125,8.973124999991839,7.290624999998549,5.453020833331249,4.42520833333387,20.567187499981294,16.208124999996777,13.931458333329191,10.411562500001487,33.99343749996908,28.463749999994338,25.240624999993923,19.728645833336685,48.899374999955526,42.86499999999147,38.84593749999217,31.992187500006214,
18a1b661-49ee-482f-b4cb-af6185688d3e,08/06/2026,1:04 AM,ForceFrame-3057,Bar + Frame,Hip AD/AB,Pull,Hip AD/AB - 45,3,3,340.75,319,-6.382978723404253,1.06,1.15,320.9166666666667,296.1666666666667,-7.712282524019731,1.10,1.17,4100.391249998375,3752.141249998447,-8.493091970188605,,,,,1600.0000000014552,1758.8235294133676,1207.843137256001,1223.5294117652904,1.835000000000008,1.3225000000000016,2.5716666666666703,2.5691666666666664,544.9999999998761,1130.0000000000643,376.66666666662394,598.3333333333524,1004.9999999999143,1349.999999999885,601.6666666666359,754.1666666666259,1106.6666666666247,1326.6666666666165,681.6666666666489,757.2222222222018,1081.2499999999845,1158.7499999999836,678.7499999999918,717.0833333333252,1034,998,654.3333333333334,662,3.5743750000018286,3.7603125000019237,2.4320833333328147,2.7657291666659325,8.914687500004561,9.588750000004906,6.3927083333317425,7.574270833330988,17.02750000000871,17.915937500009164,12.589062499996615,14.518645833328614,27.29062500001396,29.073437499973558,20.662187499994136,23.119062499992328,39.165312500020036,42.14437499996167,30.243854166657712,33.03874999998887,
18a1b661-49ee-482f-b4cb-af6185688d3e,08/06/2026,1:04 AM,ForceFrame-3057,Bar + Frame,Hip AD/AB,Squeeze,Hip AD/AB - 45,3,3,361.5,365.5,1.094391244870041,1.06,1.15,352.5833333333333,346.9166666666667,-1.607185062632932,1.10,1.17,4203.029375003212,3931.4887499990346,-6.4605930812456025,,,,,1629.411764706214,1788.2352941180022,1462.745098040158,1464.705882353208,1.1375000000000002,1.1049999999999995,2.2750000000000026,1.9225000000000003,270.00000000000097,460.00000000000165,166.66666666666342,338.33333333333957,682.5000000000024,952.5000000000034,358.3333333333323,627.4999999999967,995.0000000000035,1210.0000000000043,542.2222222222186,889.4444444444504,1051.249999999999,1116.249999999999,714.1666666666612,911.2499999999967,907.0000000000032,969.0000000000034,719.3333333333344,853.0000000000013,1.633749999999675,1.9006249999996219,1.0779166666670625,1.4021874999998636,4.865312499999032,6.298437499998747,3.0031250000010297,4.3794791666660196,11.654687499997681,14.787499999997058,6.73395833333537,10.323645833331538,22.237187499995574,26.6428124999947,13.254583333337768,19.385937499996498,34.6715624999931,39.6840624999921,22.30520833334235,30.389687499994114,
6024b985-9db2-4625-855c-a8902b28e287,08/06/2026,1:02 AM,ForceFrame-3057,Bar + Frame,Hip AD/AB,Pull,Hip AD/AB - 45,3,3,321.75,282,-12.354312354312357,0.88,1.01,311.5,266.75,-14.36597110754414,0.87,0.99,3459.3646875019367,3001.3075000000827,-13.241078315817134,,,,,2064.705882354817,1864.7058823546352,1735.2941176477527,1476.470588235861,1.8225000000000051,1.1549999999999976,2.009166666666669,1.943333333333334,515.0000000000293,479.9999999999591,318.3333333333382,228.33333333332166,1044.9999999999852,757.5000000000161,630.000000000009,465.00000000000244,1168.3333333333444,880.0000000000083,847.7777777777773,516.6666666666615,1070.0000000000039,822.500000000003,894.1666666666696,566.6666666666634,931,725,846.3333333333334,600,3.720937499996616,3.67875000000711,1.9813541666664791,1.8363541666684817,9.36687499999148,9.165312500017713,5.548333333332875,4.858750000004264,17.73687499998387,16.337500000031575,11.967916666666893,9.65520833334003,28.23562499997432,25.201250000048706,21.510416666670256,15.915416666676066,39.95406249996366,35.16812500006797,33.031562500009066,24.177916666677998,
6024b985-9db2-4625-855c-a8902b28e287,08/06/2026,1:02 AM,ForceFrame-3057,Bar + Frame,Hip AD/AB,Squeeze,Hip AD/AB - 45,3,3,284,284.5,0.17574692442882123,0.88,1.01,271.9166666666667,262.8333333333333,-3.3404842169782567,0.87,0.99,2962.5837499980044,2843.640312499329,-4.014854854272243,,,,,2629.411764706407,2129.4117647047947,1503.9215686276686,1258.8235294114343,1.2399999999999984,1.240000000000002,2.258333333333333,2.289166666666666,1035.000000000022,1260.0000000000268,478.33333333334366,530.0000000000107,1540.0000000000055,1510.0000000000055,781.6666666666771,763.3333333333313,1063.3333333333308,1021.6666666666642,687.7777777777801,662.2222222222196,850.0000000000031,810.0000000000028,654.1666666666713,619.1666666666674,704,682,620,561.3333333333334,1.0790624999997853,1.2793749999988364,0.942812499999398,1.0529166666662988,7.206249999998566,7.089999999998589,4.1683333333312484,4.284791666665649,15.551249999996905,15.291562499996958,9.291249999995232,9.369791666664854,24.18437499999519,23.66187499999529,15.749583333324736,15.652083333330713,33.07187499999342,32.35499999999357,23.41458333331987,22.921666666662976,
ea32ada1-3719-4cab-a88b-0b56811dfa1f,04/25/2026,1:16 AM,ForceFrame-3057,Bar + Frame,Hip AD/AB,Pull,Hip AD/AB - 60,3,3,336.25,333.5,-0.8178438661710086,1.12,1.15,331.8333333333333,327.75,-1.2305374183827156,1.06,1.10,2981.539375001644,2885.8471875015985,-3.209489309528002,,,,,464.7058823533618,447.05882352982104,423.5294117648991,390.19607843156626,2.1950000000000003,2.802500000000009,2.7349999999999994,3.2533333333333374,310.0000000000176,400.00000000002274,273.3333333333303,349.9999999999971,365.00000000002075,317.49999999997294,293.3333333333378,250.83333333332226,336.6666666666858,306.66666666665503,287.222222222226,272.7777777777714,325.0000000000185,281.249999999996,279.58333333333866,244.99999999999787,288,265,262,247.33333333333334,3.755312500001921,4.004375000002049,3.5706250000017636,3.6108333333346265,8.251875000004222,8.819062499991979,7.9162500000037745,7.866770833336122,13.318125000006813,14.306874999986988,12.925729166672724,12.708437500004544,19.358749999982393,20.387187499981458,18.61968750000862,18.141458333339926,25.953124999976396,26.90593749997553,24.88395833334482,24.065416666675617,
ea32ada1-3719-4cab-a88b-0b56811dfa1f,04/25/2026,1:16 AM,ForceFrame-3057,Bar + Frame,Hip AD/AB,Squeeze,Hip AD/AB - 60,3,3,376,383.5,1.9556714471968717,1.12,1.15,352.1666666666667,360.9166666666667,2.424382359732158,1.06,1.10,2769.2384374981552,2838.3556249981075,2.4351137289217673,,,,,1476.4705882345374,1452.9411764708746,968.627450980572,864.7058823533816,3.2799999999999994,3.2799999999999994,3.537500000000001,3.5849999999999977,295.00000000001677,185.00000000001052,221.66666666667766,166.66666666667297,187.49999999999733,217.4999999999969,159.16666666666154,160.83333333332817,205.00000000000193,191.66666666666848,162.2222222222206,162.22222222222058,157.50000000000335,222.49999999999685,140.41666666666717,161.24999999999832,164,200,136,156.66666666666666,3.687812499996646,3.72749999999661,3.5723958333309533,3.2974999999978665,7.942812499992776,7.818749999992889,7.611979166661574,6.9982291666620995,12.530937499988603,12.349999999988768,11.93083333332532,11.139999999992673,17.509374999984075,17.205312499984352,16.596354166655477,15.627187499989654,22.707499999979348,22.499687499979537,21.48437499998545,20.483124999986327,
8ebb21d1-84ab-4846-a228-fdcf1f9a34b9,04/23/2026,8:59 AM,ForceFrame-3057,Bar + Frame,Hip AD/AB,Pull,Hip AD/AB - 60,3,3,306,319.25,4.150352388410338,1.30,1.32,299.8333333333333,300.8333333333333,0.3324099722991636,1.03,1.11,2255.473125001312,2182.7062499996696,-3.226235515512965,,,,,2200.000000002001,1499.999999997101,1441.176470589044,1223.529411764397,1.052500000000002,1.1424999999999983,1.139166666666668,1.2766666666666673,599.9999999999488,430.00000000002444,414.9999999999818,276.6666666666642,729.9999999999897,552.4999999999922,493.3333333333264,264.99999999999704,794.9999999999699,720.0000000000068,747.2222222222107,468.33333333333775,855.0000000000182,716.2500000000152,805.4166666666653,590.4166666666689,906,788,779,657,3.4665625000017735,1.9112499999982617,1.9680208333354916,1.3014583333324303,8.850625000004527,5.2353124999952385,5.212083333339191,3.382916666664771,16.472187500008427,10.886249999990099,11.06427083334376,6.773854166663561,26.066250000013333,18.711562499982982,19.43656250001582,12.632604166663304,36.85125000001885,28.282187499974278,29.854270833354864,20.96677083333059,
8ebb21d1-84ab-4846-a228-fdcf1f9a34b9,04/23/2026,8:59 AM,ForceFrame-3057,Bar + Frame,Hip AD/AB,Squeeze,Hip AD/AB - 60,4,4,398,422.25,5.743043220840738,1.30,1.32,308.25,333.125,7.467166979362105,1.03,1.11,3004.489062498069,3529.7437499977996,14.880816419040565,,,,,1941.1764705900089,2123.5294117666385,1541.1764705891069,1483.8235294127971,0.20749999999999957,0.06750000000000256,1.5399999999999991,2.29625,384.99999999999454,255.0000000000145,218.7499999999897,167.5000000000038,477.49999999999324,452.4999999999936,301.25000000000006,254.37500000000006,440.00000000000415,441.66666666667084,255.00000000000233,240.833333333335,582.4999999999917,628.7500000000134,271.5624999999975,271.5625000000036,807,858,304.5,308.75,3.6821874999992676,3.894062500001992,2.2171093749986377,2.3589062499997726,7.5393749999985005,7.9193750000040515,5.250781249996564,5.446328124999063,11.41187499999773,11.702812500005987,8.959687499993878,9.201093749997735,15.23374999999697,15.205625000007778,13.213046874990688,13.501015624995818,20.172812499981653,21.23124999998069,18.517031249986527,18.747265624992924,
a0df75c5-ae50-43af-9b2a-41855646740c,04/23/2026,8:55 AM,ForceFrame-3057,Bar + Frame,Hip AD/AB,Pull,Hip AD/AB - 60,3,3,300.5,292.75,-2.579034941763725,1.19,1.28,290.6666666666667,289.3333333333333,-0.4587155963302836,1.21,1.29,1902.9309374987336,1893.1774999987356,-0.5125481596729986,,,,,1347.0588235296825,1505.8823529414765,1117.6470588237496,1233.3333333335718,0.6374999999999993,0.6024999999999991,1.2366666666666657,0.8549999999999992,774.999999999989,125.00000000000267,579.9999999999965,76.66666666666754,967.5000000000034,132.5000000000028,741.6666666666715,60.00000000000076,979.9999999999977,218.3333333333354,797.7777777777815,155.00000000000145,893.7500000000032,386.25000000000136,760.0000000000064,308.333333333336,789,546,705,457.6666666666667,3.3440624999969586,1.9387499999982367,2.700208333331387,0.9256249999992517,8.89437499999191,4.026874999996338,7.371666666661628,2.026249999998351,16.650312499984857,6.480624999994106,14.394374999990367,3.6246874999970857,26.11437499997625,10.294062499990638,23.251666666651214,6.650624999995007,36.6115624999667,16.079374999985376,33.638020833310996,12.016770833324884,
a0df75c5-ae50-43af-9b2a-41855646740c,04/23/2026,8:55 AM,ForceFrame-3057,Bar + Frame,Hip AD/AB,Squeeze,Hip AD/AB - 60,3,3,357.5,374.25,4.4756179024716065,1.19,1.28,352,372.25,5.4398925453324365,1.21,1.29,2339.3321875019756,2448.401250002099,4.454705391938107,,,,,1547.0588235297166,1311.7647058826146,1445.0980392160393,1223.5294117637816,1.0249999999999986,1.0975000000000037,1.6708333333333336,1.6925000000000014,364.9999999999948,534.9999999999544,299.99999999999005,396.66666666664986,729.9999999999897,797.4999999999886,624.9999999999926,645.8333333333338,906.6666666666753,899.9999999999659,694.9999999999987,682.7777777777686,851.249999999988,796.2499999999886,729.1666666666588,664.9999999999969,781,783,731.6666666666666,690.3333333333334,1.022187500000523,2.171562500004197,0.7697916666674912,1.2758333333349843,3.61656250000185,6.547187500012654,3.0787500000030064,4.27760416667176,9.566250000018488,13.90812500002688,7.70593750000794,9.49156250001095,18.13968750003506,22.945937500044348,14.43875000001497,16.273541666684945,28.05343750005422,33.509687500064764,23.258437500023295,24.699687500026897,
41d77c54-30d6-487d-9328-741ed16ca4a0,04/23/2026,8:52 AM,ForceFrame-3057,Bar + Frame,Hip AD/AB,Pull,Hip AD/AB - 60,3,3,277.5,265.25,-4.414414414414414,1.14,1.35,262.8333333333333,261.9166666666667,-0.3487634749524293,1.16,1.34,2023.9653124981592,2006.6450000028033,-0.8557613309082668,,,,,1235.2941176481843,1270.5882352952772,1054.9019607847217,1066.6666666676408,0.4349999999999987,0.5300000000000011,0.7691666666666647,0.5441666666666691,225.0000000000128,989.9999999999156,188.33333333334403,489.9999999999639,417.4999999999941,1027.4999999999854,324.9999999999981,566.6666666666621,605.0000000000057,1018.3333333332947,418.3333333333373,541.1111111111002,700.0000000000149,877.4999999999875,529.5833333333374,502.9166666666608,669,773,538.3333333333334,529,3.836249999996511,3.661250000007076,2.5630208333310023,2.588333333337012,8.219374999992525,8.364375000016166,5.87916666666132,6.73145833334326,13.608124999987623,14.188125000027421,10.546145833323742,12.316666666685386,21.479999999980464,20.91562500004042,17.183854166651038,18.932395833362655,31.376874999971463,30.010312500058,25.652812499976665,26.87239583337514,
41d77c54-30d6-487d-9328-741ed16ca4a0,04/23/2026,8:52 AM,ForceFrame-3057,Bar + Frame,Hip AD/AB,Squeeze,Hip AD/AB - 60,3,3,317.5,357.5,11.188811188811187,1.14,1.35,304.25,349.75,13.009292351679768,1.16,1.34,2182.605312498532,2529.4171874994418,13.711137755957326,,,,,3323.52941176773,2535.2941176493637,2149.019607843613,1907.8431372551265,1.290000000000001,1.7149999999999963,1.804999999999998,2.0199999999999996,2335.000000000133,480.00000000001023,1070.0000000000448,241.66666666667,1702.5000000000969,1147.4999999999836,1050.000000000036,783.333333333327,1523.3333333333478,1241.6666666666783,1063.3333333333392,991.6666666666661,1282.5000000000273,1143.7499999999839,1001.6666666666748,970.4166666666584,1032,1072,858,909.3333333333334,1.7565624999984024,2.0968750000010727,1.1985416666657636,1.1582291666668947,8.383437499992375,5.133750000002626,5.828333333329173,4.179999999999684,18.475624999983197,10.776249999997855,13.061666666657672,10.503229166664728,30.449374999972306,21.060937499980845,22.69687499998447,20.253229166662326,43.38687499996054,33.71249999996934,33.6958333333104,31.791458333326243,
4d7548fb-1fdb-4d4f-9ba6-1620af9f1d2f,04/23/2026,8:48 AM,ForceFrame-3057,Bar + Frame,Hip AD/AB,Pull,Hip AD/AB - 60,3,3,329.5,321.5,-2.427921092564489,1.07,1.13,316.3333333333333,316.9166666666667,0.18406521167501078,1.10,1.12,2476.08125000119,2476.2984374977477,0.008770651116563055,,,,,1511.7647058815803,1617.6470588227028,1403.9215686280158,1458.823529411123,0.7300000000000004,0.5674999999999955,0.8924999999999995,0.6258333333333314,285.0000000000162,989.9999999999859,226.6666666666675,530.0000000000067,699.9999999999901,1237.5000000000264,508.33333333332604,709.1666666666712,919.9999999999869,1171.6666666666777,661.66666666666,749.4444444444515,941.2500000000033,1042.5000000000036,792.0833333333276,731.2500000000094,867,897,787,722.3333333333334,3.3515624999969518,3.9378124999964186,2.294375000000504,2.8729166666640538,8.09249999999264,9.859062499991033,5.8133333333346044,7.618645833326404,15.241874999986138,18.84593749998286,11.629687500002595,14.535520833320113,25.185312499977094,30.552499999972213,20.201145833338494,23.403645833312044,37.44999999996594,43.283437499960634,31.2801041666761,33.803437499969256,
4d7548fb-1fdb-4d4f-9ba6-1620af9f1d2f,04/23/2026,8:48 AM,ForceFrame-3057,Bar + Frame,Hip AD/AB,Squeeze,Hip AD/AB - 60,3,3,352.25,363,2.9614325068870517,1.07,1.13,347.0833333333333,354.4166666666667,2.0691276745826603,1.10,1.12,2526.9237499995634,2565.787499999552,1.5146909087364158,,,,,1764.705882353296,1752.9411764709344,1576.4705882363105,1537.2549019617636,0.6499999999999986,1.490000000000002,1.1841666666666655,1.7941666666666656,419.99999999999403,599.9999999999915,265.00000000000404,350.0000000000025,727.4999999999897,1132.500000000004,589.1666666666612,752.5000000000147,986.6666666666761,1203.3333333333305,835.5555555555635,893.3333333333336,1136.2499999999839,1125.0000000000239,969.58333333333,942.9166666666766,1072,1052,969,935.3333333333334,1.3718750000007018,1.453124999999711,0.9536458333333124,1.1260416666664914,4.291562500002195,6.1459374999987775,3.317812499999647,4.226562499999015,8.889062500004547,14.505624999997114,8.63229166666497,10.299166666663835,18.61531249998307,25.57562499999491,17.398645833329294,19.176354166660957,31.481249999971368,38.621249999992315,29.09447916665971,30.595208333324297,
22254221-cc7b-4ece-831b-7753a96090d1,04/23/2026,8:46 AM,ForceFrame-3057,Bar + Frame,Hip AD/AB,Pull,Hip AD/AB - 60,3,3,299.25,317.5,5.748031496062989,1.13,1.01,294.9166666666667,310.5833333333333,5.044271532063305,1.13,1.01,2142.719062501135,2250.461249998545,4.78756021671024,,,,,1811.764705878852,2105.882352941596,1743.137254901422,1960.7843137250693,0.5875000000000004,0.4724999999999966,1.1008333333333322,0.605833333333333,144.99999999999795,510.000000000029,131.66666666666552,213.3333333333438,487.49999999999307,887.4999999999874,180.8333333333309,352.4999999999956,888.3333333333418,1145.000000000011,315.55555555555793,752.7777777777828,998.7499999999858,1041.2500000000223,428.3333333333276,926.2500000000146,968,944,563,933.3333333333334,0.7140625000003653,0.7693749999993003,0.5396875000003081,0.5045833333329619,1.6478124999985013,3.744062499996595,1.3317708333336926,1.88052083333186,6.442187499994141,10.670312499990295,3.3754166666660788,5.854270833328798,15.175312499986198,20.63593749998123,7.025833333331005,13.90718749998978,26.613124999975796,32.11999999997079,13.009479166663581,24.977708333315647,
22254221-cc7b-4ece-831b-7753a96090d1,04/23/2026,8:46 AM,ForceFrame-3057,Bar + Frame,Hip AD/AB,Squeeze,Hip AD/AB - 60,3,3,339.25,320,-5.674281503316136,1.13,1.01,334.0833333333333,312.4166666666667,-6.485407832377144,1.13,1.01,2413.1437499995054,2247.992187501605,-6.843834417155403,,,,,1952.9411764695892,1699.9999999991303,1917.64705882185,1601.9607843140195,1.2225000000000001,1.125,1.6599999999999986,1.6249999999999998,1119.999999999984,534.9999999999544,473.3333333333322,396.66666666665105,1229.9999999999825,1049.999999999985,998.3333333333239,924.9999999999923,1145.000000000011,1181.6666666666779,958.8888888888882,965.5555555555553,1081.250000000023,974.9999999999861,881.6666666666752,853.3333333333258,889,818,799.3333333333334,781,1.1443750000005855,1.2709375000024563,0.604791666666723,0.8277083333341825,6.346875000003247,5.521875000010672,3.8531250000000052,4.16958333333707,13.947187500007136,13.575937500026239,10.396249999998858,10.764791666676269,22.730312500011628,23.78500000004597,18.721874999996878,19.1989583333505,32.614375000016686,34.6156250000669,28.363124999994636,28.865937500025137,
29c053b7-322e-4e20-8773-83b2e6fae05f,04/23/2026,8:43 AM,ForceFrame-3057,Bar + Frame,Hip AD/AB,Pull,Hip AD/AB - 60,3,3,324,313.5,-3.240740740740744,1.31,1.35,315.6666666666667,307.9166666666667,-2.4551214361140494,1.31,1.34,2526.457812498808,2426.2184375036163,-3.967585546027752,,,,,1464.7058823542714,1482.3529411778234,1166.6666666673245,1241.1764705889511,0.6199999999999974,0.8150000000000048,1.1433333333333333,1.4291666666666696,729.9999999999897,264.99999999997743,453.33333333334184,234.99999999998445,835.0000000000475,729.9999999999897,704.1666666666764,455.83333333332683,961.6666666666757,920.0000000000088,787.2222222222296,628.8888888888878,1001.2500000000214,962.4999999999864,797.5000000000135,711.2499999999931,953,920,771,714.3333333333334,3.6743750000018798,2.699375000001381,2.601666666666041,1.7878125000021765,9.213437500004714,6.420625000003285,7.035312499997967,4.652395833339283,16.33968750000836,11.934687500006106,13.94822916666172,9.695416666679753,24.57281250001257,20.89875000004039,23.01833333332404,17.197812500024234,37.147812499966214,32.78437500006336,34.053854166651824,26.83135416670569,
29c053b7-322e-4e20-8773-83b2e6fae05f,04/23/2026,8:43 AM,ForceFrame-3057,Bar + Frame,Hip AD/AB,Squeeze,Hip AD/AB - 60,3,3,425,422.75,-0.5294117647058783,1.31,1.35,414.1666666666667,414,-0.04024144869215762,1.31,1.34,3124.2153125007085,3093.931875004334,-0.9693133944771226,,,,,1605.8823529380788,1658.8235294132767,1190.1960784307748,1215.6862745095325,1.3825000000000003,1.3700000000000045,1.5633333333333326,1.5425000000000033,269.999999999977,319.9999999999727,201.66666666666393,209.99999999998374,540.0000000000307,562.499999999992,385.8333333333415,381.66666666666123,846.6666666666747,888.3333333333418,503.88888888888556,504.4444444444409,1040.0000000000223,1047.4999999999852,569.1666666666719,568.7499999999924,1069,1073,602,595.3333333333334,3.8224999999992395,3.213750000001644,2.564062500000444,2.1466666666692933,8.024687499998404,6.779687500003469,6.0905208333345975,5.280833333340328,12.644062499997485,10.694687500005472,11.268229166668846,10.043125000014344,21.236249999980686,20.24312500003912,18.34604166666949,16.677812500025116,35.025937499968144,33.82781250006538,27.37333333333667,25.27916666670613,
a4203d99-23a3-4d17-83a5-edfbf9a266c0,04/23/2026,8:40 AM,ForceFrame-3057,Bar + Frame,Hip AD/AB,Pull,Hip AD/AB - 60,3,3,369.25,362,-1.9634394041976977,0.90,0.95,355.9166666666667,353.3333333333333,-0.7258253336455245,0.88,0.96,2504.0446874983354,2487.520625002411,-0.6598948724206855,,,,,4541.176470585913,5064.70588235395,3868.6274509801965,4292.156862747806,0.9900000000000002,0.7375000000000007,1.2525000000000006,1.5233333333333323,2510.000000000143,159.99999999998636,901.6666666667151,64.99999999999528,2307.4999999999673,1685.000000000036,1191.6666666666645,1125.0000000000039,1743.3333333333499,1613.3333333333487,1443.3333333333424,1442.2222222222308,1457.4999999999793,1392.4999999999802,1264.9999999999957,1243.333333333326,1223,1193,1084.3333333333333,1100.6666666666667,2.953124999997314,0.049375000000095426,0.9926041666657656,0.018645833333366262,12.08343749998901,5.391875000002758,4.943124999995511,3.3181250000038287,24.368124999977837,15.027500000007688,12.49833333332247,10.745208333345575,38.22937499996523,26.93312500005205,24.010416666647615,22.34125000002419,53.234062499951584,41.22656250007968,37.071354166638464,35.324166666704265,
a4203d99-23a3-4d17-83a5-edfbf9a266c0,04/23/2026,8:40 AM,ForceFrame-3057,Bar + Frame,Hip AD/AB,Squeeze,Hip AD/AB - 60,3,3,330.75,342.75,3.5010940919037226,0.90,0.95,312.8333333333333,338.4166666666667,7.5597143560699465,0.88,0.96,2124.5806249986235,2371.612187498423,10.416187090030437,,,,,5605.8823529422925,6423.529411763703,5050.980392158051,5666.666666667312,0.5999999999999979,0.3024999999999949,1.1049999999999993,0.6574999999999976,1085.0000000000039,4945.000000000281,561.6666666666794,1825.0000000001037,2252.500000000008,2545.0000000001446,2174.1666666666733,1576.6666666667304,1583.3333333333296,1678.3333333333492,1449.4444444444518,1627.77777777779,1348.7499999999989,1447.500000000031,1262.9166666666767,1370.41666666668,1144,1294,1058.6666666666667,1142.3333333333333,0.30156249999994,5.657812499994854,0.16614583333325364,1.9494791666648978,10.539687499997903,16.37062499998511,7.5586458333289555,8.243749999992517,21.887499999995647,29.209687499973434,18.29906249998854,18.878124999984546,34.73281249999309,42.86999999996101,30.24281249998072,31.73635416664243,48.670624999990316,58.4918749999468,43.13270833330563,45.558020833299615,
854f037e-3158-45cf-b5ea-9c709641e417,04/23/2026,8:37 AM,ForceFrame-3057,Bar + Frame,Hip AD/AB,Pull,Hip AD/AB - 60,3,3,340.5,353.5,3.6775106082036824,1.06,1.12,334.1666666666667,348.5,4.112864658058335,1.00,1.05,2393.9125000011236,2459.275000001385,2.657795488516912,,,,,1770.5882352906883,3100.0000000028194,1562.7450980386059,2041.1764705897183,0.5100000000000051,0.4924999999999997,0.8191666666666672,0.8375000000000004,1204.9999999998972,2719.999999999768,743.333333333307,1399.9999999998988,1274.9999999999818,1594.9999999999773,974.1666666666792,1177.4999999999832,1271.6666666666788,1528.3333333333478,1062.7777777777844,1255.0000000000075,1288.7499999999816,1517.4999999999784,1108.333333333333,1236.2499999999857,1170,1239,1003.3333333333334,1085,2.6478125000013546,2.756875000005328,2.242916666667336,1.935416666668447,7.690937499993005,8.339375000016117,6.995520833336208,7.341562500004128,16.07343749998538,17.26593750003337,15.075520833340384,16.093437500008246,27.27874999997519,30.436874999972318,26.021666666679266,28.07322916668046,40.64562499996303,45.70968749995843,39.43250000001983,42.13072916668698,
854f037e-3158-45cf-b5ea-9c709641e417,04/23/2026,8:37 AM,ForceFrame-3057,Bar + Frame,Hip AD/AB,Squeeze,Hip AD/AB - 60,3,3,360,394.5,8.745247148288971,1.06,1.12,335.8333333333333,367.25,8.55457227138644,1.00,1.05,2358.2784374997054,2571.979062502267,8.30880111421487,,,,,1499.9999999992326,1870.5882352958115,1252.9411764706822,1523.529411765753,1.3125,1.2950000000000017,1.9633333333333332,2.043333333333334,385.0000000000219,529.9999999999549,310.00000000000676,281.6666666666507,697.5000000000397,902.4999999999872,501.6666666666785,569.1666666666603,788.3333333333408,914.9999999999653,663.333333333338,669.4444444444298,823.750000000003,999.9999999999858,731.2500000000069,807.9166666666629,816,931,714.6666666666666,786.3333333333334,1.3793750000007057,0.9125000000004668,0.8650000000000961,0.6528125000005969,3.7893750000019386,4.214687500008146,3.04979166666644,2.911145833336606,8.155312500004172,10.070937500019465,7.199374999999049,7.159895833341196,15.992812500008181,18.64250000003603,14.005520833331488,14.202395833348268,26.345625000013477,29.52843750005707,22.871666666663625,23.471770833357365,
ab4b4d22-e858-4de3-9113-2e5b9c177500,04/23/2026,8:34 AM,ForceFrame-3057,Bar + Frame,Hip AD/AB,Pull,Hip AD/AB - 60,3,3,380.25,389,2.249357326478152,0.81,0.83,378.5,387.3333333333333,2.2805507745266684,0.77,0.77,2930.815624998095,3001.533437500871,2.356056128485351,,,,,1423.529411763979,1505.8823529382664,1319.6078431377798,1413.7254901956092,0.9924999999999997,0.9800000000000004,1.3466666666666665,1.2875000000000003,920.0000000000197,930.0000000000198,445.0000000000145,788.3333333333326,1107.5000000000039,1015.0000000000036,519.9999999999992,939.9999999999927,1035.0000000000098,1078.3333333333308,543.888888888894,1047.7777777777676,962.5000000000034,1055.0000000000225,557.0833333333395,1042.5000000000036,889,955,593.3333333333334,927,2.7056249999994617,3.1787500000061435,1.3363541666660919,2.0407291666683434,8.481562499998313,8.534687500016496,4.061249999998315,6.635625000003778,16.954062499996628,16.80031250003247,8.24885416666318,14.237500000006584,27.44999999999454,28.22937500005456,14.001354166660434,24.708958333343706,39.60156249999212,41.428125000080065,21.4168749999899,36.96635416668129,
ab4b4d22-e858-4de3-9113-2e5b9c177500,04/23/2026,8:34 AM,ForceFrame-3057,Bar + Frame,Hip AD/AB,Squeeze,Hip AD/AB - 60,3,3,309.5,322.5,4.031007751937987,0.81,0.83,290,296.8333333333333,2.3020774845592284,0.77,0.77,2137.23406249977,2191.8421874997584,2.491425948064263,,,,,900.0000000008185,899.9999999995396,821.5686274515109,827.4509803922737,1.0649999999999977,1.0075000000000003,1.885833333333333,1.9075000000000004,384.99999999999454,310.0000000000011,260.00000000000006,261.6666666666706,584.9999999999917,459.9999999999996,383.3333333333298,406.66666666667066,605.0000000000057,546.6666666666589,423.33333333333593,471.66666666666544,583.750000000002,554.9999999999922,445.8333333333357,511.2500000000009,634,566,486.6666666666667,546.6666666666666,2.943437499997323,3.502812499996814,1.9254166666660595,1.9630208333324637,6.244374999994321,7.854062499992857,4.8522916666656,4.956458333331505,10.14656250000519,13.312499999987892,9.068749999998628,9.429062499997185,16.71031250000855,20.280937499981555,14.520416666664927,15.405312499996027,24.8312500000127,29.307499999973345,21.419166666664452,23.084999999994476,
06c71e5c-cd0f-430a-bb03-3baa86430007,04/23/2026,8:31 AM,ForceFrame-3057,Bar + Frame,Hip AD/AB,Pull,Hip AD/AB - 60,4,3,365,333.5,-8.630136986301373,0.94,1.09,280.875,313.0833333333333,10.287463401650243,1.18,1.14,2718.2300000018613,2486.393124999489,-8.528964620441004,,,,,1505.8823529414708,1523.5294117650046,1213.235294117037,1352.9411764708134,0.18499999999999517,0.6824999999999992,0.8212499999999996,0.9091666666666658,445.0000000000253,559.999999999992,283.75000000000006,378.33333333333553,802.4999999999886,860.0000000000031,350.62499999999517,544.9999999999974,958.3333333333197,1063.3333333333308,390.41666666666276,676.6666666666613,982.499999999986,1070.0000000000039,394.0624999999974,686.6666666666638,871,997,407.75,629.3333333333334,1.4984375000007666,1.2403124999997532,1.0802343750002352,0.9815624999999301,5.140312500002629,4.7493749999990555,3.053671875000566,3.371458333333375,12.013437500006146,11.738124999997664,6.218203125001287,7.881250000000445,21.83812500001117,21.897499999995645,10.534921875002642,14.44770833333453,33.44343750001711,34.41281249999315,15.873515625004966,22.474375000002112,
06c71e5c-cd0f-430a-bb03-3baa86430007,04/23/2026,8:31 AM,ForceFrame-3057,Bar + Frame,Hip AD/AB,Squeeze,Hip AD/AB - 60,3,3,344.75,363.25,5.092911218169305,0.94,1.09,332.25,356.0833333333333,6.693189796395971,1.18,1.14,2459.651562499542,2634.874374999826,6.6501391551274995,,,,,2841.1764705877877,3341.1764705877094,2186.274509802916,2417.647058823554,0.7924999999999969,0.7824999999999989,1.4508333333333319,1.488333333333334,799.9999999999886,260.0000000000148,293.333333333331,116.66666666667159,1110.0000000000039,1514.9999999999918,925.8333333333425,924.1666666666579,876.6666666666698,958.3333333333425,849.4444444444507,891.1111111111098,888.7500000000032,960.0000000000205,819.5833333333412,850.41666666667,877,1017,839.6666666666666,900,0.9287500000004751,0.4181249999996197,0.3260416666668158,0.18583333333322746,5.200937500002661,3.7093750000005796,2.5619791666671774,2.4215624999994625,11.286875000005775,10.672812500001669,8.36218749999959,8.225833333332103,18.998437500009718,18.715000000002924,15.662812499998296,15.774479166664344,29.26156250001497,28.74093750000449,25.192812499996563,25.69229166666285,
a29eddec-b5b1-400f-8bfc-94182622870c,04/23/2026,8:28 AM,ForceFrame-3057,Bar + Frame,Hip AD/AB,Pull,Hip AD/AB - 60,3,3,311.5,307.75,-1.2038523274478297,1.09,1.08,307.6666666666667,301.6666666666667,-1.950162513542797,1.08,1.09,2431.257187499572,2289.3590624995713,-5.836409481052717,,,,,1117.6470588245413,1064.7058823523944,954.9019607841116,956.862745097335,1.1374999999999993,1.0999999999999996,2.0874999999999986,1.230000000000001,524.9999999999925,340.0000000000193,261.66666666666174,176.66666666667376,590.000000000002,322.50000000000114,335.833333333332,171.66666666666615,626.6666666666652,401.6666666666657,301.666666666667,198.88888888888906,655.0000000000023,503.75000000000176,303.7500000000002,213.33333333333476,599,513,261.6666666666667,218.33333333333334,3.745937499999255,3.52937499999679,3.354687499999256,2.8318749999991533,9.038749999998203,7.52031249999316,7.618229166665031,6.094583333331446,16.03624999999681,11.717812499989343,12.681354166663903,9.847291666663578,24.910624999995044,17.38968749999654,18.45656249999593,14.23437499999554,35.15531249999301,25.713437499994885,24.72031249999446,19.265937499994042,
a29eddec-b5b1-400f-8bfc-94182622870c,04/23/2026,8:28 AM,ForceFrame-3057,Bar + Frame,Hip AD/AB,Squeeze,Hip AD/AB - 60,3,3,340.75,332.75,-2.3477622890682337,1.09,1.08,332.5,330.0833333333333,-0.7268170426065201,1.08,1.09,2383.9196874986837,2354.217812498723,-1.2459259913711773,,,,,1094.1176470598182,999.9999999980673,1000.0000000006503,888.2352941168307,1.1749999999999998,1.0850000000000009,1.4749999999999988,1.2683333333333338,275.00000000000097,390.00000000002217,145.00000000000134,281.6666666666741,409.99999999999784,634.999999999991,271.6666666666722,396.6666666666636,535.0000000000051,738.3333333333403,407.22222222222416,481.1111111111136,632.5000000000135,741.2499999999894,485.833333333338,529.9999999999965,692,701,564.6666666666666,558,3.820937499996525,3.6946874999966397,2.233854166665225,2.5546874999984257,7.906249999992809,7.622187499993068,5.118333333330226,6.157916666662996,12.647187499988497,12.080312499989013,9.435937499994496,11.2335416666601,18.243437499983408,19.299062499982448,15.432708333324511,17.877291666656433,25.450312499976853,28.90468749997371,23.565624999986756,26.27812499998525,
40432303-15b6-4517-b85c-2c2012d97137,04/23/2026,8:26 AM,ForceFrame-3057,Bar + Frame,Hip AD/AB,Pull,Hip AD/AB - 60,3,3,362.5,384.75,5.782975958414561,0.96,0.97,360.9166666666667,381.8333333333333,5.477957223919672,0.95,0.95,2963.676249998886,3114.801562497986,4.851843992844984,,,,,2229.411764707906,2570.5882352964595,1843.1372549032774,2025.4901960780378,0.6450000000000014,0.9149999999999991,0.7500000000000018,1.7241666666666664,135.00000000000767,1259.9999999998927,96.66666666666931,881.6666666666441,117.49999999999834,1854.9999999999736,77.49999999999959,1350.000000000011,470.00000000000443,1745.0000000000166,308.33333333333445,1388.3333333333414,898.7499999999873,1433.7499999999795,568.7499999999937,1286.66666666667,972,1245,736.6666666666666,1156,2.2412500000011466,3.71874999999926,2.0099999999992337,3.0161458333314712,4.646875000002377,10.910937499997829,4.159270833331752,9.683333333327111,8.399375000004298,23.895937499978267,7.261979166664041,20.686770833319578,15.430312500007894,39.32093749996424,13.214270833328625,34.71124999997665,27.315624999975157,55.93406249994913,22.749999999991417,50.62333333329918,
40432303-15b6-4517-b85c-2c2012d97137,04/23/2026,8:26 AM,ForceFrame-3057,Bar + Frame,Hip AD/AB,Squeeze,Hip AD/AB - 60,3,3,347,371.75,6.657700067249495,0.96,0.97,342.8333333333333,362,5.294659300184168,0.95,0.95,2758.6796874982565,2859.4337499993785,3.523566947516932,,,,,2347.058823531549,2641.176470590634,1915.686274510878,2009.8039215697706,0.5574999999999974,0.6950000000000003,1.634999999999998,0.9116666666666671,524.9999999999925,205.00000000000074,416.6666666666733,174.99999999999457,1130.0000000000643,634.999999999991,775.8333333333609,519.999999999995,1378.3333333333464,1188.3333333333446,967.2222222222299,841.6666666666733,1247.5000000000266,1182.4999999999832,1042.5000000000098,975.4166666666619,1125,1088,996.6666666666666,958,1.747187499998411,1.4653124999986673,1.4945833333322753,1.315520833333015,6.0049999999945385,4.118749999996254,4.9330208333296985,3.8006249999991684,15.582187499985828,11.119687499989887,11.56572916665805,9.313645833331002,28.251874999974305,23.092499999978997,21.577291666650932,18.536145833328124,42.71968749996115,37.22749999996614,34.119374999975626,30.635416666658205,
9a1b030b-629b-4dd0-b77e-6543ac15dc67,04/23/2026,8:22 AM,ForceFrame-3057,Bar + Frame,Hip AD/AB,Pull,Hip AD/AB - 60,3,3,309.75,310.5,0.24154589371980784,1.43,1.42,303.3333333333333,308.9166666666667,1.807391421634752,1.43,1.40,2520.8625000012794,2583.9928125012975,2.4431303444264696,,,,,1229.4117647069966,1347.0588235267996,1082.352941177452,1198.039215686082,1.9875000000000007,2.3275000000000006,2.4,2.3575000000000017,364.9999999999948,399.9999999999943,299.9999999999937,328.3333333333302,277.4999999999961,374.99999999999466,204.16666666666728,243.33333333332985,308.33333333332894,314.9999999999955,209.9999999999964,234.4444444444442,283.750000000001,322.50000000000114,160.41666666666674,192.49999999999918,194,254,119,158,4.132187500002114,3.7106250000071714,3.8114583333350964,3.24177083333545,8.950312500004578,7.796875000015069,8.16406250000386,7.151041666671115,14.48468750000741,12.37343750000633,12.888958333339588,11.477708333340273,20.85531250001067,18.033750000009228,17.970729166675678,16.23729166667618,27.216875000013925,24.11750000001234,22.9619791666785,21.10250000001198,
9a1b030b-629b-4dd0-b77e-6543ac15dc67,04/23/2026,8:22 AM,ForceFrame-3057,Bar + Frame,Hip AD/AB,Squeeze,Hip AD/AB - 60,3,3,444.25,440,-0.9566685424873378,1.43,1.42,433.8333333333333,431.9166666666667,-0.4417979254705995,1.43,1.40,3410.338437500177,3422.420000001686,0.3530122691400517,,,,,2352.9411764710535,2735.2941176456557,2076.4705882355097,2164.705882353614,0.427500000000002,0.8349999999999973,0.6508333333333347,1.1133333333333326,439.99999999999375,284.99999999999596,388.3333333333347,223.3333333333317,1122.499999999984,1152.4999999999836,846.6666666666547,705.8333333333316,1498.3333333333298,1461.666666666663,1143.8888888888823,1006.1111111111148,1533.7499999999918,1496.249999999992,1237.500000000004,1139.5833333333294,1425,1387,1208.3333333333333,1133.6666666666667,2.7487500000014062,1.7903124999983717,1.8590625000002934,1.3102083333336954,7.992812500004089,5.075624999995384,5.7683333333345415,4.198229166667812,18.417187500009423,13.755312500007037,13.610104166670212,10.843229166668877,33.770625000017276,27.437812500014036,25.638750000006677,21.447395833337353,51.70750000002646,44.44968750002274,40.87177083334308,35.39135416667427,
87e2d9bf-dadc-4202-b483-2e3fee35834a,04/23/2026,8:20 AM,ForceFrame-3057,Bar + Frame,Hip AD/AB,Pull,Hip AD/AB - 60,5,5,260,254.75,-2.019230769230773,1.10,1.17,190.1,189.9,-0.10520778537611575,1.45,1.52,2117.9090625008635,2175.4065624992627,2.6430691618555158,,,,,935.294117642595,894.1176470596364,619.999999999188,611.7647058826976,0.14499999999999957,0.22749999999999915,0.5445000000000014,0.6039999999999999,465.00000000002643,565.0000000000322,298.99999999999784,255.000000000009,597.4999999999915,567.5000000000323,348.0000000000054,268.00000000001,663.3333333333082,651.666666666642,368.99999999999545,305.3333333333288,643.7499999999909,643.7499999999909,361.24999999999557,297.7500000000001,588,609,344.6,298.8,3.6631250000070796,3.81187500000195,3.008687499999973,2.5361874999998792,8.820312500017046,7.769687500003975,6.949750000000156,5.760999999999387,15.311250000029592,12.080937499989012,11.85118750000053,9.820999999998342,23.094375000044636,19.611562499982163,17.721562500001205,14.722062499996815,32.3281249999706,28.504062499974076,24.35918750000229,20.37024999999491,
87e2d9bf-dadc-4202-b483-2e3fee35834a,04/23/2026,8:20 AM,ForceFrame-3057,Bar + Frame,Hip AD/AB,Squeeze,Hip AD/AB - 60,3,3,285,297.5,4.201680672268903,1.10,1.17,276,289.5,4.6632124352331665,1.45,1.52,1849.3334375022112,1952.2678125010016,5.272554018442976,,,,,1405.8823529424556,1300.0000000011823,1243.1372549016412,1231.3725490189936,0.46750000000000114,0.4475000000000051,0.5416666666666679,0.548333333333335,234.99999999999667,420.0000000000239,176.6666666666572,303.3333333333317,440.0000000000016,677.4999999999903,421.66666666666333,479.9999999999932,643.3333333333318,835.000000000008,600.5555555555501,668.3333333333376,731.2499999999897,822.4999999999883,718.7499999999941,749.5833333333247,783,808,710.6666666666666,758.3333333333334,2.3096874999995407,2.355312500001205,1.1493750000005802,1.4316666666675453,5.73437499999886,5.483437500002806,3.323750000002349,4.216250000002041,11.361249999997739,10.451875000005348,7.54927083333985,8.97322916667069,19.510312499996118,17.932500000009174,14.49239583334748,16.494062500007487,29.510937499994128,27.839375000014243,23.611250000024665,26.119895833345876,
cbe72f8c-5ae1-465a-a3f5-45039d13e470,04/23/2026,8:17 AM,ForceFrame-3057,Bar + Frame,Hip AD/AB,Pull,Hip AD/AB - 60,3,3,340.75,336.25,-1.3206162876008842,0.94,0.93,326.4166666666667,324.6666666666667,-0.5361245851416951,0.96,0.91,2859.641562506465,2897.031250003934,1.290620786276231,,,,,1688.2352941191818,1594.117647060273,1250.9803921569091,1233.333333334457,0.907500000000006,1.0625,1.8350000000000068,1.7775000000000023,414.9999999999941,444.9999999999937,243.33333333332197,300.00000000000085,384.99999999999454,622.4999999999469,244.16666666666197,429.9999999999791,433.3333333333272,851.6666666666343,247.22222222221626,539.9999999999877,434.9999999999938,887.4999999999874,236.24999999999667,550.4166666666621,492,857,243.33333333333334,583.6666666666666,4.102812500007929,4.01281249999635,3.5116666666756533,3.4600000000038573,8.876250000017155,8.69749999999209,7.659895833352139,7.922916666676443,14.368125000027769,14.51781250006932,12.385104166695934,14.128541666687964,20.358125000039344,24.98687500011931,17.69031250004023,22.0407291667042,26.830000000051854,37.62843750017967,23.586875000051517,31.576354166724073,
cbe72f8c-5ae1-465a-a3f5-45039d13e470,04/23/2026,8:17 AM,ForceFrame-3057,Bar + Frame,Hip AD/AB,Squeeze,Hip AD/AB - 60,3,3,320.5,312,-2.6521060842433664,0.94,0.93,313.5,294.25,-6.140350877192979,0.96,0.91,2661.488749998981,2514.072812502138,-5.5388525499835195,,,,,1494.1176470601763,1547.0588235264245,1290.1960784319442,1231.3725490192658,2.0174999999999983,2.052500000000002,2.5625000000000013,2.6225000000000023,689.9999999999412,264.99999999997743,364.99999999997294,213.33333333332484,752.4999999999893,429.9999999999939,349.1666666666617,266.66666666666544,760.0000000000072,564.9999999999786,369.444444444448,317.22222222221535,702.49999999999,586.2499999999917,374.99999999999665,357.9166666666642,570,585,368.6666666666667,375.3333333333333,3.3946874999969125,3.63218750000702,2.1617708333322447,2.2562500000021735,7.159687499993488,7.679062500014841,5.415312499997083,5.187291666671782,10.842812499990139,11.600312500022419,9.399270833328208,9.07864583334238,17.3706249999842,15.376250000029717,14.556249999992206,13.977187500013509,25.042499999977224,22.07843749997992,20.456249999989748,20.190000000018102,
df79741a-0c54-486b-8a9c-644933bb2932,04/14/2026,12:34 AM,ForceFrame-3057,Bar + Frame,Hip AD/AB,Pull,Hip AD/AB - 45,3,3,489.5,479.75,-1.9918283963227812,0.86,0.82,473.3333333333333,467.9166666666667,-1.1443661971830887,0.77,0.74,3843.700625000274,3786.65718749963,-1.4840759743259269,,,,,6152.94117646744,4988.235294118639,4884.313725488537,4366.666666666282,0.6875,0.685,0.7491666666666669,0.7991666666666668,1479.999999999979,109.99999999999844,556.6666666666606,79.9999999999991,1310.0000000000045,772.4999999999993,653.3333333333319,279.9999999999997,1589.9999999999775,478.3333333333336,1102.7777777777692,271.6666666666677,1596.2500000000057,1251.2499999999989,1055.000000000003,960.833333333332,1532,1272,1179,919.3333333333334,2.654375000001358,0.23218749999999505,0.9645833333337767,0.21833333333330743,5.431562500002778,5.722812499999878,2.958333333334222,2.1999999999998945,12.660000000006477,9.069062499999808,7.0176041666687,4.69572916666539,26.65906250001364,17.734062499999624,16.17937500000388,9.58916666666476,44.514375000022774,32.27562499999931,28.64197916667311,20.569999999995595,
df79741a-0c54-486b-8a9c-644933bb2932,04/14/2026,12:34 AM,ForceFrame-3057,Bar + Frame,Hip AD/AB,Squeeze,Hip AD/AB - 45,3,3,422.75,394.5,-6.682436428149019,0.86,0.82,365.9166666666667,346.9166666666667,-5.1924390799362286,0.77,0.74,2989.5103124999023,2836.0137499992948,-5.134505201698058,,,,,2988.2352941161203,2788.23529411622,2784.3137254893736,2672.5490196080195,2.0599999999999987,2.085000000000001,2.3625,2.3899999999999997,2460.00000000014,919.9999999999869,1356.6666666667059,511.6666666666691,1069.9999999999848,805.0000000000172,868.3333333333325,778.3333333333456,1468.3333333333126,1071.6666666666704,1247.777777777774,837.222222222228,1315.0000000000048,1301.2500000000045,1255.416666666669,1215.8333333333376,1129,1140,1072.3333333333333,980,1.9137499999982595,0.5381250000002753,0.9452083333328862,0.308437500000027,7.225624999993428,4.751250000002431,5.1579166666655905,3.1210416666665863,13.485937499987735,8.398437500004297,11.482499999998565,7.838645833332044,25.858125000013228,19.05968749999621,22.859895833331404,17.354583333329817,38.5084375000197,32.58937499999352,35.54906249999721,29.70770833332692,
a16341de-4e4c-47a3-bf9c-73beadb84889,04/14/2026,12:32 AM,ForceFrame-3057,Bar + Frame,Hip AD/AB,Pull,Hip AD/AB - 45,3,3,343.25,323.5,-5.753823743627096,0.97,1.13,327.6666666666667,299,-8.748728382502547,0.96,1.15,3190.042812498908,2906.3287499990083,-8.893738397123684,,,,,2252.941176469436,1464.705882352976,1603.9215686268942,1237.2549019607038,0.87,0.8574999999999999,1.4591666666666663,1.1508333333333327,375.0000000000005,900.0000000000013,181.66666666666936,816.6666666666875,765.0000000000001,1082.5000000000002,595.8333333333368,796.666666666673,956.6666666666672,1066.6666666666665,686.6666666666683,821.1111111111155,972.5000000000002,946.2500000000002,767.5000000000017,802.9166666666684,891,842.0000000000003,782.3333333333334,762.0000000000001,0.9121874999999806,3.16562499999937,0.6042708333330825,2.582708333332383,3.8162499999999184,7.48656249999851,2.6584374999991174,7.210416666663993,10.029999999999786,15.179374999999677,7.089583333331017,13.982708333328203,19.24312499999959,25.210937499999464,13.975624999995352,22.83302083332506,30.338437499999355,36.47999999999922,23.242187499992184,33.36708333332132,
a16341de-4e4c-47a3-bf9c-73beadb84889,04/14/2026,12:32 AM,ForceFrame-3057,Bar + Frame,Hip AD/AB,Squeeze,Hip AD/AB - 45,3,3,333,364.25,8.57927247769389,0.97,1.13,315.9166666666667,345,8.429951690821246,0.96,1.15,2867.673750000463,3119.502499999109,8.072721531677507,,,,,1499.9999999997656,1664.705882352679,1082.3529411763118,1241.1764705880314,1.2824999999999989,1.2149999999999999,2.5383333333333336,1.9749999999999999,505.0000000000018,360.0000000000077,338.3333333333315,240.00000000000418,902.5000000000032,645.0000000000023,542.4999999999994,448.3333333333357,1078.3333333333308,695.0000000000066,681.1111111111117,595.0000000000034,937.4999999999992,814.9999999999993,661.6666666666661,715.0000000000014,849,774,667.6666666666666,699.6666666666666,0.43000000000022,1.8181249999996383,0.2732291666667469,0.9389583333330983,3.26156250000051,5.408124999998924,2.0130208333337527,3.021458333332541,9.53281250000149,11.139687499997784,5.903750000001135,7.098645833331411,18.23375000000285,19.068749999996207,11.751875000002139,13.670416666662916,28.22406250000441,29.190312499994192,19.184687500003317,22.412395833327356,
81ddf3f9-a4cd-4885-97de-f8a7f387c208,04/14/2026,12:30 AM,ForceFrame-3057,Bar + Frame,Hip AD/AB,Pull,Hip AD/AB - 45,3,3,387,367.25,-5.10335917312662,1.04,1.11,368.4166666666667,343.1666666666667,-6.8536530196788075,1.06,1.14,3055.6815625002964,2874.679374999187,-5.923463679016516,,,,,2370.588235294589,4158.823529409638,2086.2745098038245,2582.352941176419,0.9150000000000027,0.3924999999999983,1.0233333333333345,0.8866666666666659,1579.9999999999775,480.0000000000006,1063.3333333333228,241.66666666667092,1180.000000000004,1100.0000000000039,666.6666666666671,793.3333333333411,1198.3333333333305,1153.3333333333442,779.9999999999977,814.4444444444474,1096.249999999994,1110.0000000000039,856.6666666666621,905.4166666666689,986,1070,880,898.9999999999999,3.6768749999992685,1.2643750000000291,1.397291666666473,0.5721874999999241,8.860624999998237,3.8740624999964766,4.572499999999702,3.191249999998662,16.5853124999967,10.164999999990755,9.381874999999527,8.17208333332976,26.859687499994656,20.18562499998164,16.8331249999996,16.075104166659592,38.779999999992285,32.62374999997033,26.766875000000187,26.59447916665521,
81ddf3f9-a4cd-4885-97de-f8a7f387c208,04/14/2026,12:30 AM,ForceFrame-3057,Bar + Frame,Hip AD/AB,Squeeze,Hip AD/AB - 45,3,3,403.5,409,1.344743276283622,1.04,1.11,390.1666666666667,389.8333333333333,-0.08543357539514407,1.06,1.14,3166.2199999996838,3158.6612500005485,-0.23873104203548934,,,,,1617.6470588227,1311.7647058826146,1284.3137254900685,1135.2941176469965,1.427500000000002,1.7075000000000014,1.6941666666666666,2.042500000000001,665.0000000000379,549.9999999999922,366.66666666667874,259.9999999999963,972.5000000000207,817.4999999999884,585.8333333333394,404.99999999999613,946.6666666666756,846.6666666666747,653.8888888888911,526.1111111111132,933.7500000000033,875.0000000000031,683.3333333333336,637.9166666666669,888,826,673,635.6666666666666,1.7915625000009165,2.407499999999521,1.2135416666668686,1.2418749999999836,4.245937499996138,5.355312499998934,4.1026041666662865,3.6045833333337107,10.39124999999055,9.364999999998137,8.90218749999852,7.5921875000011845,18.700312499982992,17.110000000008753,15.696249999997079,13.717395833335736,28.978124999973645,26.876250000013748,24.224895833328684,21.950104166670695,
dbb4aa40-74a4-42c0-bc11-3a8a85dc7d1a,04/14/2026,12:28 AM,ForceFrame-3057,Bar + Frame,Hip AD/AB,Pull,Hip AD/AB - 45,3,3,423.75,437.75,3.19817247287264,1.20,1.26,415.9166666666667,434.8333333333333,4.350325795323872,1.21,1.24,2249.5384375004624,2345.1368749999438,4.076454492639526,,,,,4123.529411764794,2464.7058823525567,3319.607843136568,2219.607843136717,0.6800000000000015,1.1925,0.8783333333333335,1.26,2144.9999999999695,1624.9999999999768,1201.6666666666579,1384.9999999999945,2052.499999999971,1435.000000000005,1520.8333333333258,1214.9999999999993,1943.3333333333287,1691.6666666666626,1456.1111111111084,1392.2222222222197,1769.9999999999907,1590.0000000000057,1440.4166666666633,1392.916666666668,1531,1438,1285.3333333333333,1297.3333333333333,4.34625000000068,3.5406250000005537,2.8278125000009022,2.24385416666674,13.038125000002038,8.845625000001382,10.085729166669305,6.97416666666664,26.445625000004135,18.72875000000293,20.735312500005534,15.219999999999809,42.69656250000667,32.788437500005124,34.794687500009125,27.63302083333286,60.203437500009414,49.33312500000771,51.152708333346425,43.11104166666581,
dbb4aa40-74a4-42c0-bc11-3a8a85dc7d1a,04/14/2026,12:28 AM,ForceFrame-3057,Bar + Frame,Hip AD/AB,Squeeze,Hip AD/AB - 45,3,3,510.5,553.5,7.768744354110213,1.20,1.26,504.6666666666667,541.1666666666666,6.744687403757299,1.21,1.24,2520.4015625001375,2690.9774999994647,6.338809503214393,,,,,4276.470588236147,3523.5294117654084,3378.431372549692,3158.8235294120786,0.5725000000000016,1.1824999999999992,0.9200000000000008,1.3783333333333327,884.9999999999874,710.0000000000151,434.9999999999961,330.0000000000054,1647.500000000006,1322.5000000000048,1372.5000000000048,624.1666666666689,2061.666666666662,1976.6666666666854,1659.9999999999989,1088.3333333333385,1855.0000000000066,1866.2500000000066,1684.1666666666672,1365.0000000000034,1659,1673,1510.3333333333333,1429.3333333333333,0.6428124999998721,0.7162499999998575,0.37156249999993385,0.3766666666665917,5.590312499998888,4.638437499999077,3.216770833332989,2.3271874999995372,17.905937499996437,15.914374999996834,12.933749999999941,7.830937499998441,35.066249999993026,32.98031249999344,27.862083333333924,18.943333333329566,54.702187499989115,52.83718749998949,45.80010416666806,35.070833333326355,
66ccd6ec-cb42-481d-90cf-2ca609a9eef8,04/14/2026,12:26 AM,ForceFrame-3057,Bar + Frame,Hip AD/AB,Pull,Hip AD/AB - 45,3,3,307.25,305.5,-0.5695687550854367,1.20,1.23,301.75,303,0.4125412541254092,1.16,1.13,3347.9334375009903,3351.1478125002886,0.0959186278596369,,,,,8852.941176472346,7058.823529413169,6013.725490195627,4437.254901962566,1.5625,2.0175,1.9066666666666674,2.391666666666667,4374.999999999938,954.9999999999992,2771.666666666634,368.33333333333235,1397.4999999999802,1399.9999999999989,930.8333333333236,840.8333333333279,1228.3333333333305,1303.3333333333303,1103.3333333333273,1106.666666666668,1028.7500000000002,953.7499999999992,991.6666666666605,775.0000000000014,965,778,926.6666666666666,699.3333333333334,6.790000000003474,3.084062500000208,3.660937500001531,1.1869791666667633,11.96312500000612,9.838125000000664,8.542395833336897,5.569479166667944,17.835312500009124,19.959062500001348,14.4725000000057,12.841250000002196,28.05031250001435,31.103437500002098,24.211250000008988,21.28395833333677,39.13031250002002,42.9693750000029,34.89166666667918,30.00791666667158,
66ccd6ec-cb42-481d-90cf-2ca609a9eef8,04/14/2026,12:26 AM,ForceFrame-3057,Bar + Frame,Hip AD/AB,Squeeze,Hip AD/AB - 45,3,3,367.75,374.25,1.736806947227787,1.20,1.23,350.5,342.5,-2.2824536376604865,1.16,1.13,3282.9600000012915,3092.8809374993957,-5.789868365798578,,,,,2594.1176470611827,2123.529411763618,2392.156862746408,1566.666666666643,3.272500000000001,3.2250000000000014,3.505000000000001,3.453333333333333,2134.9999999999695,1100.0000000000625,1011.6666666666521,895.000000000016,874.9999999999953,832.500000000003,800.8333333333245,633.3333333333359,623.3333333333245,708.3333333333233,534.4444444444385,531.6666666666648,661.2499999999906,648.7500000000023,618.7499999999974,546.6666666666687,584,518,567,503.6666666666667,1.814062500000928,2.7465624999994533,0.7003125000003569,1.4213541666664786,6.2940625000032195,7.764687499998455,4.734895833335322,5.308541666665462,9.585312500004903,14.504687499997114,8.421458333336796,9.522812499998322,15.164062500007757,21.625937499995697,13.522604166672176,15.057916666664617,21.570000000011035,29.637499999994105,20.164479166674777,21.73843749999673,
d7d79228-ef64-4269-89a3-57df6efb786c,04/14/2026,12:24 AM,ForceFrame-3057,Bar + Frame,Hip AD/AB,Pull,Hip AD/AB - 45,3,3,392,400.25,2.06121174266084,0.95,0.97,389.9166666666667,388.8333333333333,-0.2778371446890415,0.96,0.98,3514.672187498778,3514.190625001174,-0.013701491118200959,,,,,4064.705882353751,2858.8235294118263,3352.9411764715746,2343.137254902724,0.5074999999999985,0.5050000000000008,0.5924999999999989,0.6791666666666675,334.9999999999952,1764.999999999975,154.99999999999906,636.6666666666579,1397.500000000005,1449.9999999999793,1001.6666666666744,874.9999999999936,1248.333333333345,1641.6666666666629,993.3333333333412,724.9999999999987,1488.7500000000052,1344.9999999999927,1256.2500000000034,620.4166666666642,1319,1192,1160,699.6666666666666,0.6753124999993858,4.637187500002373,0.30406249999978563,1.6979166666674927,5.664687499998873,13.145000000006725,4.529374999998475,5.018333333335643,13.72156249999727,25.58156250001309,10.981458333328916,10.66927083333777,26.34281249999476,41.11562500002103,21.16114583332462,17.423645833340426,41.83531249999168,58.13062500002974,34.973124999985586,26.018645833343438,
d7d79228-ef64-4269-89a3-57df6efb786c,04/14/2026,12:24 AM,ForceFrame-3057,Bar + Frame,Hip AD/AB,Squeeze,Hip AD/AB - 45,3,3,373.75,386.5,3.2988357050452777,0.95,0.97,372.75,382.25,2.4852844996729906,0.96,0.98,3439.029687501269,3536.6046875008033,2.7590021679377186,,,,,3394.1176470570867,2435.294117645812,2537.2549019597586,2245.098039215749,0.5350000000000001,0.5775000000000006,0.6241666666666662,1.3283333333333334,439.99999999999375,484.9999999999931,311.66666666666225,384.99999999999704,1302.4999999999816,1264.999999999982,822.4999999999987,800.8333333333254,1200.0000000000114,1155.000000000011,935.5555555555624,1049.4444444444523,1167.500000000004,1258.7499999999989,1097.916666666669,1190.0000000000025,1164,1307,1100,1166.6666666666667,0.8543750000004371,0.7378124999998532,0.4238541666668529,0.5419791666667692,5.503437500002816,4.7000000000024045,3.4853125000016028,3.3861458333343815,13.36687500000684,12.221562500006252,9.18083333333753,9.468020833336125,24.017500000012287,22.685000000011605,18.605520833341533,19.833958333338817,37.01937500001894,35.67437500001825,31.230833333346578,33.358958333342166,
888bc2d4-4923-415f-bbd5-3568e2bc0f51,04/14/2026,12:22 AM,ForceFrame-3057,Bar + Frame,Hip AD/AB,Pull,Hip AD/AB - 45,3,3,371.75,391,4.923273657289007,1.15,1.07,354.9166666666667,376.9166666666667,5.836833959761223,1.19,1.09,2983.3121875003,3219.217187499557,7.328023747987322,,,,,6994.117647065183,8641.176470583814,5674.509803922553,6221.56862744859,0.46250000000000213,0.47749999999999915,0.6608333333333339,0.8416666666666667,3319.9999999999973,5565.0000000003165,1173.3333333333323,1918.3333333334383,2449.999999999965,2732.500000000058,2062.4999999999895,1455.0000000000118,1694.999999999976,1700.0000000000161,1510.555555555551,961.6666666666712,1496.2500000000002,1643.750000000006,1342.5000000000032,913.3333333333334,1316,1321,1251.6666666666667,777,6.11499999999987,4.99218749999546,2.107916666666634,1.8217708333318603,15.166874999999676,18.259062499983393,10.75781250000132,6.5995833333279785,25.694687499999453,31.3356249999715,21.63989583333614,13.914687499992157,39.05343749999917,46.13843749995804,33.65166666667085,22.36145833332276,54.82374999999883,63.084687499942625,48.45072916667232,31.78656249998618,
888bc2d4-4923-415f-bbd5-3568e2bc0f51,04/14/2026,12:22 AM,ForceFrame-3057,Bar + Frame,Hip AD/AB,Squeeze,Hip AD/AB - 45,3,3,427,417.75,-2.1662763466042123,1.15,1.07,422.25,411.5,-2.545885139135584,1.19,1.09,3404.2184375012453,3276.2715625011933,-3.7584801724406147,,,,,7723.5294117635,6988.235294119039,6966.6666666702595,6317.647058827621,0.6374999999999993,0.6075000000000017,0.7875000000000005,0.7600000000000001,5225.000000000018,5119.999999999927,2036.6666666666686,4611.666666666629,2610.000000000009,2629.9999999999627,2354.1666666666483,2396.6666666666392,1961.6666666666852,1836.6666666666406,1832.7777777777737,1694.9999999999955,1528.7500000000055,1402.49999999998,1450.4166666666697,1320.416666666661,1374,1374,1217,1196,5.160312500000806,5.815000000000909,1.8152083333336506,4.378020833334884,17.253750000002697,17.353750000002712,10.880520833336854,15.920208333339422,29.653437500004635,29.103125000014888,23.74864583334197,28.054062500010975,42.76343750000669,42.08375000002153,37.96927083334769,41.45052083334963,58.09312500000908,56.42250000000882,52.84572916668682,55.4618750000217,
3b64d0cc-84bd-4d01-8932-816eb6e5408b,04/14/2026,12:20 AM,ForceFrame-3057,Bar + Frame,Hip AD/AB,Pull,Hip AD/AB - 45,3,3,418.5,384.75,-8.064516129032262,1.18,1.30,409.6666666666667,375.75,-8.279088689991864,1.17,1.29,3727.072187500399,3442.9334374988384,-7.623644933803164,,,,,2788.235294117706,4399.999999997749,2239.2156862753286,3272.5490196071864,0.46749999999999936,0.5975000000000001,0.7174999999999995,0.7649999999999993,1954.9999999999723,1579.9999999999916,1526.6666666666624,548.3333333333304,1749.9999999999752,1177.500000000025,1218.3333333333258,1075.8333333333426,1566.6666666666445,1256.6666666666786,1151.6666666666588,1022.2222222222248,1610.0000000000057,1337.5000000000048,1224.1666666666695,1127.9166666666688,1401,1227,1201.6666666666667,1106.6666666666667,2.234062500001143,3.6125000000005647,1.2477083333336456,1.3734375000000913,8.693125000004446,8.535625000001334,6.125625000001171,5.565937499998437,18.874375000009657,15.566562500002433,13.453020833335813,12.115416666662677,32.60562500001668,26.153749999976213,23.879583333337525,21.91156249999253,49.87781250002552,40.89406249996281,37.78947916667291,34.84333333332135,
3b64d0cc-84bd-4d01-8932-816eb6e5408b,04/14/2026,12:20 AM,ForceFrame-3057,Bar + Frame,Hip AD/AB,Squeeze,Hip AD/AB - 45,3,3,495.75,498.5,0.5516549648946878,1.18,1.30,480.75,483.6666666666667,0.6030323914541724,1.17,1.29,4507.658750001785,4487.011250001766,-0.45805375129630566,,,,,2123.5294117666385,2635.29411764571,1903.9215686276839,1898.0392156862706,2.6000000000000014,2.6125000000000007,2.7708333333333344,3.025000000000001,714.9999999999899,2239.999999999968,291.6666666666628,999.9999999999897,1142.4999999999839,1297.4999999999816,780.8333333333231,764.9999999999941,1391.666666666647,1143.3333333333171,928.3333333333226,735.5555555555484,1361.2500000000048,1135.000000000004,954.9999999999974,880.4166666666652,1080,1082,923.3333333333334,891,0.5221875000002671,1.8456250000009442,0.18343750000009082,0.9110416666670336,4.645312500002376,7.1403125000036525,2.3311458333344843,4.04937500000155,12.740937500006519,14.161250000007245,7.793020833336857,8.674583333336559,25.262187500012924,24.365625000012464,15.99770833334042,16.1276041666727,38.8956250000199,36.97125000001891,26.473541666678173,26.363854166676674,
60cf5fd7-297f-45eb-982f-6780b2558107,04/14/2026,12:18 AM,ForceFrame-3057,Bar + Frame,Hip AD/AB,Pull,Hip AD/AB - 45,3,3,437.75,440.5,0.6242905788876318,1.08,1.05,423.1666666666667,427.25,0.9557245952798832,1.10,1.07,4456.425937500326,4607.441249999706,3.277639459849646,,,,,5070.588235291525,6405.882352942452,3570.5882352926824,4352.941176470212,0.5500000000000007,0.8900000000000001,0.7391666666666676,1.2525,1949.9999999999723,3854.9999999999454,864.999999999991,1724.9999999999816,2002.500000000007,2554.9999999999636,1670.8333333333267,2042.5000000000007,1771.6666666666415,1936.666666666662,1619.444444444435,1781.66666666667,1656.250000000006,1794.9999999999905,1518.7499999999945,1624.9999999999982,1411,1553,1330,1462,3.3581249999999283,3.6400000000002457,1.698437500000253,2.0788541666671048,9.404687499999799,13.62500000000697,8.778854166667621,10.426770833334125,20.962812500010724,27.1693750000139,20.536979166668747,23.085729166666642,35.70281250001827,44.12812500002258,35.18572916667018,38.92979166666557,52.592812499989535,63.04156250003225,52.178958333338414,57.293541666663884,
60cf5fd7-297f-45eb-982f-6780b2558107,04/14/2026,12:18 AM,ForceFrame-3057,Bar + Frame,Hip AD/AB,Squeeze,Hip AD/AB - 45,3,3,472.25,464.5,-1.6410799364743212,1.08,1.05,467.0833333333333,459.0833333333333,-1.712756467439791,1.10,1.07,4716.314687501865,4575.87343750127,-2.977775218705425,,,,,3158.823529411274,3200.0000000006366,2662.7450980394356,2572.5490196072856,0.8049999999999997,0.7974999999999994,1.237500000000001,1.1725,719.9999999999898,1004.9999999999857,393.33333333333,506.66666666665986,1412.4999999999925,1627.4999999999768,1263.3333333333196,1237.4999999999895,1828.333333333329,1730.0000000000164,1551.111111111096,1536.1111111111222,1722.4999999999984,1723.7500000000061,1567.4999999999943,1542.5000000000055,1504,1485,1452.3333333333333,1424,2.398750000001227,1.4962500000007655,1.0508333333338191,0.7943750000003996,8.033125000004109,6.425937500003288,4.8964583333353024,4.6715625000017775,18.826875000009633,17.288125000008844,14.53770833333894,14.09885416667104,33.415625000017094,32.830312500016795,28.738333333344382,28.095000000008167,51.151875000026166,50.93218750002605,46.525104166684635,45.28583333334618,
b680bdf4-68b7-4866-a877-fbc866ff6600,04/14/2026,12:16 AM,ForceFrame-3057,Bar + Frame,Hip AD/AB,Pull,Hip AD/AB - 45,3,3,413,411.75,-0.3026634382566562,0.91,0.94,397.3333333333333,400,0.666666666666671,0.94,0.93,3399.2521874988843,3439.440937498857,1.1684675134790212,,,,,4799.999999997544,4370.5882352918825,3496.0784313719746,3537.2549019603307,0.9674999999999994,0.8849999999999998,1.379999999999999,1.3549999999999993,1349.9999999999989,2785.0000000001583,508.3333333333321,1265.0000000000528,1664.9999999999984,1835.000000000039,1070.8333333333437,1060.0000000000127,1723.333333333332,1636.6666666666822,1016.6666666666703,1321.666666666674,1551.2500000000005,1500.0000000000052,1150.0000000000025,1236.6666666666695,1406,1345,1083.3333333333333,1173.6666666666667,1.8987499999999595,4.339687499996053,0.704479166666613,1.8851041666653268,8.129999999999827,12.487499999988643,4.628229166664917,6.350416666662802,19.281249999999588,23.601874999978534,11.321458333328819,14.591354166659107,34.055937499999274,37.6012499999658,21.028333333324948,26.117499999987654,51.10187499999891,53.84218749995103,33.850416666653125,39.95427083331534,
b680bdf4-68b7-4866-a877-fbc866ff6600,04/14/2026,12:16 AM,ForceFrame-3057,Bar + Frame,Hip AD/AB,Squeeze,Hip AD/AB - 45,3,3,377.5,387,2.454780361757103,0.91,0.94,373.9166666666667,372.3333333333333,-0.4234455092489542,0.94,0.93,2940.465937501159,2959.8621874987457,0.6553092262034599,,,,,5111.764705883369,5417.647058824607,4031.3725490215875,3782.352941176345,1.9600000000000009,1.959999999999999,2.295833333333334,2.1383333333333323,3959.9999999999436,3130.000000000178,1719.9999999999754,2413.3333333333835,1537.5000000000055,1485.0000000000052,1218.333333333327,1241.6666666666795,1331.6666666666636,1351.6666666666636,1047.7777777777708,1171.6666666666708,1123.749999999994,1271.2499999999932,1024.9999999999989,1108.3333333333337,1149,1239,1101.6666666666667,1152,1.9106250000009775,4.401874999999125,0.7327083333336993,2.516249999999141,8.65968750000443,11.339374999997744,6.514791666669659,7.947291666663214,16.679062500008534,20.25343749999597,13.090000000005865,15.273437499993245,27.070937500013848,30.894062499993854,22.251458333343084,24.84020833332247,40.02343750002048,44.50499999999114,34.31385416668126,37.573124999983825,
244d461e-64e6-4e31-9161-07efb9485361,04/14/2026,12:15 AM,ForceFrame-3057,Bar + Frame,Hip AD/AB,Pull,Hip AD/AB - 45,3,3,485.25,522.25,7.0847295356629925,1.18,0.96,446.9166666666667,498,10.257697456492632,1.25,1.01,3890.7475000002787,4335.529687500327,10.259004540607574,,,,,6299.999999996777,6023.529411761626,5558.8235294097585,4945.098039213746,1.0324999999999989,0.8925000000000018,1.1458333333333328,1.5091666666666672,85.00000000000182,3779.9999999999463,60.00000000000023,3096.666666666673,1557.5000000000055,2259.9999999999677,685.8333333333329,2072.4999999999923,1208.3333333333162,1915.0000000000182,807.2222222222202,1821.6666666666715,1172.500000000004,1763.7500000000064,1058.333333333336,1730.8333333333376,1314,1535,1145.6666666666667,1494,0.09906249999999789,4.642499999999076,0.09291666666667565,3.664166666666953,3.694687499999265,13.474375000006894,1.4046874999998036,12.549687500001356,11.926562499997628,25.72593750001316,7.210104166667473,24.049479166669318,21.50874999999572,42.03843750002151,16.45250000000193,40.195208333337575,36.675624999992706,60.15843750003078,29.624270833336613,58.21687500000602,
244d461e-64e6-4e31-9161-07efb9485361,04/14/2026,12:15 AM,ForceFrame-3057,Bar + Frame,Hip AD/AB,Squeeze,Hip AD/AB - 45,3,3,573.25,503.75,-12.123855211513302,1.18,0.96,557.3333333333334,500.75,-10.1525119617225,1.25,1.01,3843.211875000653,3317.8606249996533,-13.669588539167133,,,,,5682.352941177603,4288.235294116979,4688.2352941186855,3458.8235294111655,1.5,1.6725000000000003,1.8458333333333339,2.0549999999999993,4095.0000000000146,3215.0000000000114,2098.33333333333,2256.6666666666974,1702.499999999991,1552.5000000000055,1459.1666666666586,1388.333333333337,1646.6666666666629,1444.9999999999966,1534.999999999997,1323.8888888888907,1400.000000000005,1318.7500000000048,1380.4166666666697,1204.1666666666658,1479,1309,1347.6666666666667,1192.6666666666667,4.551562500000712,1.476562500000231,1.7667708333336927,1.239791666666602,12.549687500001962,9.293437500001453,8.822395833334985,8.013541666666148,23.247500000003633,17.000000000002657,18.172395833336463,15.784895833332541,35.854375000005604,27.750625000004337,30.955104166671777,27.187499999998142,51.47031250000805,40.63968749996304,46.347604166674415,40.11458333332984,
c4af5dff-a038-40c0-8eab-be2e9a653245,04/14/2026,12:13 AM,ForceFrame-3057,Bar + Frame,Hip AD/AB,Pull,Hip AD/AB - 45,3,3,335.25,293.75,-12.378821774794924,0.81,0.94,310.6666666666667,261.5,-15.826180257510735,0.81,0.96,1872.6581250000681,1621.687187499815,-13.401855584304467,,,,,5776.470588232338,7429.411764702082,4301.96078431299,5033.333333332277,0.6950000000000001,0.6599999999999999,0.7475000000000005,0.7883333333333334,2934.999999999958,5534.999999999922,1926.6666666666727,2641.666666666641,1652.500000000006,1252.4999999999995,1279.9999999999975,831.6666666666607,1285.0000000000123,1110.0000000000002,964.4444444444454,807.7777777777819,1248.7500000000045,922.5,1016.2500000000026,828.7500000000018,1049,841.9999999999998,853.6666666666666,772.3333333333334,5.366562500002745,4.258437500000004,2.230625000000832,2.17906249999985,12.40937500000635,10.464687500000009,8.948333333334872,6.778333333332682,17.709062499996477,17.570000000000014,15.832708333335077,12.117708333332091,29.10593749999421,26.599375000000023,24.932187500002346,19.738020833331177,42.097812499991626,36.51812500000003,35.598229166669675,28.81635416666337,
c4af5dff-a038-40c0-8eab-be2e9a653245,04/14/2026,12:13 AM,ForceFrame-3057,Bar + Frame,Hip AD/AB,Squeeze,Hip AD/AB - 45,3,3,271,275.25,1.5440508628519534,0.81,0.94,252.41666666666666,252.33333333333334,-0.03301419610431955,0.81,0.96,1483.855937500014,1485.5831250000017,0.1162632686735443,,,,,3188.235294116015,3258.8235294124133,2003.9215686268187,2909.8039215684908,0.8350000000000009,0.8499999999999996,1.1583333333333334,1.1383333333333336,604.9999999999914,2655.0000000000564,443.33333333333456,2350.0000000000105,1122.500000000004,1300.0000000000045,915.833333333332,1217.4999999999975,983.3333333333427,1085.0000000000102,875.5555555555621,1041.111111111115,795.0000000000028,967.4999999999991,761.2500000000027,880.0000000000017,776,844,702.6666666666666,753.3333333333334,0.4890625000002502,3.378437499999328,0.2575000000000646,2.175833333333227,5.498437499998906,9.40187499999813,3.7494791666667306,7.984479166666811,11.856874999997641,16.433124999996732,9.228958333333432,14.928958333333716,19.477187499996123,24.295312499995166,16.488645833333653,23.19145833333395,27.70468749999449,33.55249999999332,24.70687500000045,32.5056250000008,
f3293177-dfe2-45e1-8f9e-d774d61c92ec,03/24/2026,1:39 AM,ForceFrame-3057,Bar + Frame,Hip AD/AB,Pull,Hip AD/AB - 45,3,3,291.25,297.75,2.183039462636438,0.89,0.78,287.6666666666667,293,1.8202502844141044,0.87,0.76,2791.079062501187,2922.452187498635,4.4953045103499845,,,,,994.1176470597273,1111.7647058825735,823.5294117652928,1023.5294117648847,1.4349999999999987,2.0050000000000026,2.3025000000000007,2.071666666666667,769.9999999999891,550.0000000000313,548.3333333333238,355.0000000000182,515.000000000011,530.0000000000113,435.83333333333553,259.16666666666964,603.333333333339,658.3333333333396,491.1111111111157,303.88888888889164,613.7500000000022,628.7500000000023,497.49999999999915,387.91666666666544,546,567,485.3333333333333,382,3.4140624999993205,2.425624999997794,1.8898958333338352,1.6009374999986488,7.911562499998426,6.144999999994411,4.920729166667796,3.740520833330144,13.446874999997325,11.678437499989379,9.144583333335353,6.613645833327649,20.261562499995968,19.18468749998255,14.846041666669537,11.275937499991004,28.114999999994406,27.736562499974774,21.6870833333377,16.905833333320594,
f3293177-dfe2-45e1-8f9e-d774d61c92ec,03/24/2026,1:39 AM,ForceFrame-3057,Bar + Frame,Hip AD/AB,Squeeze,Hip AD/AB - 45,3,3,259,231.75,-10.521235521235518,0.89,0.78,250.33333333333334,222.75,-11.018641810918783,0.87,0.76,2507.94812499977,2200.1684375008517,-12.2721711996713,,,,,547.0588235299006,741.1764705878556,517.647058823383,582.3529411765306,1.8999999999999986,1.8975000000000009,2.713333333333333,2.7541666666666678,300.00000000001705,214.99999999998167,203.33333333333758,138.3333333333263,359.9999999999949,350.00000000000745,276.66666666666725,271.6666666666673,391.6666666666704,341.6666666666699,288.3333333333355,279.44444444444645,416.25000000000887,362.4999999999948,300.4166666666699,284.1666666666652,422,360,312,302.3333333333333,3.7440625000005854,3.7796875000005907,2.4412500000003394,1.5632291666672558,7.760312500001213,7.885000000001233,5.591458333333903,3.805208333334806,12.1500000000019,12.47000000000195,9.55177083333397,7.063020833336004,17.163437500002683,17.751562500002773,14.32447916666719,10.925000000004372,22.98062500000359,23.750312500003712,19.96645833333355,15.600104166673185,
a4203d99-23a3-4d17-83a5-edfbf9a266c0,01/30/2026,3:30 AM,ForceFrame-3057,Bar + Frame,Hip AD/AB,Pull,Hip AD/AB - 60,3,3,311.25,309.75,-0.48192771084337727,0.92,0.91,297.25,303.0833333333333,1.9246631839427986,0.91,0.88,2757.3409374994912,2811.4915625006925,1.9260461501451775,,,,,3964.705882356548,4999.999999990337,3707.843137255802,4731.372549015993,0.8225000000000016,0.7349999999999994,1.156666666666668,1.6008333333333333,2890.0000000000614,4175.000000000089,2593.33333333339,2361.6666666667484,2012.500000000007,1865.0000000000066,1778.33333333332,1155.0000000000136,1305.0000000000123,1445.0000000000136,1275.5555555555677,927.2222222222312,1241.2500000000043,1261.2500000000045,1210.416666666664,1135.8333333333321,1060,1032,1042.3333333333333,893,3.305312500001691,2.739999999997508,1.718541666667029,1.3476041666657537,10.718125000005482,10.35437499999794,9.376874999998849,6.727916666663021,19.80156250001013,20.81531249999586,18.6327083333304,13.298437499992867,31.101562500015913,32.48031249999354,29.449062499995105,21.87458333332356,44.09312500002256,45.06593749999104,42.17718749999268,32.94927083332406,
a4203d99-23a3-4d17-83a5-edfbf9a266c0,01/30/2026,3:30 AM,ForceFrame-3057,Bar + Frame,Hip AD/AB,Squeeze,Hip AD/AB - 60,3,3,285.25,281.5,-1.3146362839614345,0.92,0.91,271.5,267.0833333333333,-1.6267648864334072,0.91,0.88,2488.9093750009756,2443.8196875006524,-1.8116243183947,,,,,5782.352941181732,5676.470588240459,4239.215686277279,4419.607843140149,1.0949999999999989,0.32750000000000057,1.395833333333334,1.5008333333333335,3294.999999999953,4239.99999999994,1401.6666666666467,3008.333333333306,1912.5000000000407,1437.4999999999795,1437.5000000000052,1344.999999999988,1273.3333333333153,1263.3333333333453,1065.5555555555522,1148.8888888888976,1091.2500000000039,1045.0000000000036,898.3333333333354,944.5833333333354,977,973,840,906.3333333333334,2.1803125000011154,3.4806250000017807,0.7946875000004044,2.00197916666728,9.93125000000508,12.924687500006613,6.851354166670052,9.766458333336452,18.370000000009398,20.936875000010712,14.476458333339862,17.38083333333879,28.312812500014484,29.84468750001527,22.87541666667671,26.40989583334145,40.242187500020584,40.37843750002066,32.77812500001414,37.091770833344576,
f3293177-dfe2-45e1-8f9e-d774d61c92ec,01/27/2026,9:44 AM,ForceFrame-3057,Bar + Frame,Hip AD/AB,Pull,Hip AD/AB - 60,3,3,303,312.75,3.1175059952038398,1.05,1.01,282.75,302.5833333333333,6.554668135499853,1.02,0.96,2364.3668749984345,2569.2599999988893,7.974791379640179,,,,,823.5294117642859,835.294117647227,727.4509803917982,737.2549019606164,0.9100000000000001,1.165000000000001,1.3741666666666663,1.4433333333333334,495.0000000000106,484.9999999999931,321.6666666666791,318.3333333333314,482.5000000000017,554.9999999999922,309.16666666666976,430.00000000000426,543.3333333333385,596.6666666666653,409.44444444444827,453.33333333333525,563.750000000002,592.4999999999968,404.166666666672,477.91666666666697,560,537,430,454.3333333333333,2.9440624999973224,4.056562500002075,2.443020833331797,3.40635416666549,7.034687499998601,9.567500000004895,5.668437499996511,7.942291666663976,12.574374999997499,16.705000000008546,10.045729166660509,13.779583333328715,19.81031249999606,25.42875000001301,15.664583333323778,20.950312499992993,28.518749999994327,35.33156250001807,22.470416666652984,29.288645833323432,
f3293177-dfe2-45e1-8f9e-d774d61c92ec,01/27/2026,9:44 AM,ForceFrame-3057,Bar + Frame,Hip AD/AB,Squeeze,Hip AD/AB - 60,3,3,317.25,315.5,-0.5516154452324673,1.05,1.01,289.25,289.75,0.17256255392580355,1.02,0.96,2568.8290624997803,2564.482812501985,-0.16919187271908775,,,,,935.2941176465823,782.3529411760693,696.0784313725995,649.0196078432181,2.2749999999999986,2.217500000000001,2.5058333333333325,2.5200000000000005,254.9999999999964,240.00000000000085,165.00000000000122,168.33333333332857,227.49999999999878,265.00000000000097,146.66666666666526,160.83333333333263,228.3333333333328,280.000000000001,135.0000000000002,137.22222222222123,237.4999999999998,306.2499999999997,134.99999999999937,125.83333333333297,273,299,150.33333333333334,123.66666666666667,3.6856250000018855,3.92124999999922,3.2971874999997812,3.8469791666695072,7.531562500003853,8.526874999998304,6.994374999999482,8.116979166672582,11.368750000005816,13.77062499999726,11.019895833332415,12.644479166675685,15.584374999985826,19.929687499996035,15.220833333331944,17.418541666678674,20.683437500003233,26.964062499994636,19.46968749999806,22.31260416668145,
a29eddec-b5b1-400f-8bfc-94182622870c,01/27/2026,9:41 AM,ForceFrame-3057,Bar + Frame,Hip AD/AB,Pull,Hip AD/AB - 60,3,3,287.5,283.25,-1.4782608695652177,1.17,1.13,279.6666666666667,282.75,1.0904804008252222,1.16,1.06,2370.894375000299,2371.6471875025863,0.03174217928595402,,,,,705.8823529398126,811.7647058830919,623.5294117643512,713.7254901967284,1.207499999999996,1.085000000000008,1.417499999999998,1.2716666666666683,604.9999999999484,424.99999999990337,279.999999999983,313.3333333333007,584.9999999999917,439.99999999999375,281.66666666666765,367.49999999998755,576.6666666666721,475.0000000000045,322.7777777777844,394.9999999999963,554.9999999999922,512.4999999999927,349.5833333333365,416.66666666666214,488,474,331.6666666666667,398,4.0128125000077555,4.1340625000197395,2.9254166666678074,3.378333333338094,9.474375000018311,9.27562500004429,6.561875000003009,7.673437500010596,16.410625000031715,15.670312500074823,11.09093750000546,13.004270833351198,24.506250000047363,23.705312500113187,16.552395833341496,19.658125000027038,33.61312500006496,32.86375000015692,22.95968750001096,27.30250000003744,
a29eddec-b5b1-400f-8bfc-94182622870c,01/27/2026,9:41 AM,ForceFrame-3057,Bar + Frame,Hip AD/AB,Squeeze,Hip AD/AB - 60,3,3,337,320.75,-4.821958456973297,1.17,1.13,325.5833333333333,300.6666666666667,-7.652930637317623,1.16,1.06,2669.1706249981735,2469.2956250019047,-7.488281120897078,,,,,1282.35294117763,1241.1764705893665,1013.7254901967513,921.5686274516112,0.6775000000000002,1.2675,1.6016666666666672,1.8941666666666663,205.00000000000438,145.0000000000031,186.66666666667038,114.99999999999723,577.4999999999918,417.4999999999941,389.99999999999983,259.166666666664,786.6666666666741,678.3333333333397,567.7777777777832,450.0000000000003,801.250000000017,726.2499999999897,604.1666666666736,503.7499999999954,742,660,613,518,2.8253124999994377,2.5890624999994847,1.8368749999989984,1.6494791666674915,6.271874999998753,5.664062499998873,4.639791666663933,3.896145833335563,11.254062499997762,9.703124999998069,9.409166666660775,7.742083333338816,18.96531249998275,15.601562500030152,16.301458333322838,13.576979166677324,28.99437499997363,24.387500000047133,24.85843749998394,20.854375000016695,
29c053b7-322e-4e20-8773-83b2e6fae05f,01/27/2026,9:38 AM,ForceFrame-3057,Bar + Frame,Hip AD/AB,Pull,Hip AD/AB - 60,3,3,333,330.25,-0.8258258258258211,1.22,1.21,328.1666666666667,315.4166666666667,-3.885220924327071,1.20,1.24,2600.146562498837,2508.5562500012375,-3.5225057625050793,,,,,1935.2941176433205,1935.294117648821,1760.7843137252596,1768.6274509811528,1.0225000000000009,1.1799999999999997,1.6658333333333342,1.6700000000000006,1130.0000000000643,1170.0000000000666,615.0000000000181,483.33333333335366,1272.4999999999818,1399.9999999999802,823.3333333333217,789.9999999999887,1200.0000000000114,1221.6666666666783,849.4444444444525,830.5555555555517,1125.000000000004,1108.7500000000236,868.7499999999944,872.08333333334,1001,974,867,824.6666666666666,4.037499999996328,2.498124999997728,1.9588541666654493,1.8977083333341813,11.694687499989364,9.20249999999163,6.181249999996886,6.072500000001013,22.401874999979626,18.752187499982945,12.808854166661229,12.66697916666797,35.289062499967905,30.59843749997217,21.70614583332483,21.833020833336445,49.13749999995531,43.55937499996038,32.94281249998716,32.89000000000673,
29c053b7-322e-4e20-8773-83b2e6fae05f,01/27/2026,9:38 AM,ForceFrame-3057,Bar + Frame,Hip AD/AB,Squeeze,Hip AD/AB - 60,3,3,406.5,400,-1.5990159901599021,1.22,1.21,394.5,390.9166666666667,-0.9083227714406394,1.20,1.24,3396.7265625014256,3356.9628124981364,-1.170649131498136,,,,,3094.1176470594387,3005.882352940707,2398.0392156877206,2450.980392156721,0.7124999999999995,0.8924999999999992,1.3533333333333344,1.4383333333333328,909.999999999987,815.0000000000028,503.33333333332195,431.6666666666719,1577.5000000000337,1812.4999999999905,1255.00000000001,1243.333333333336,1591.6666666666724,1656.6666666666727,1316.666666666676,1304.4444444444537,1493.7499999999986,1566.2499999999986,1299.166666666663,1302.5000000000084,1329.9999999999952,1335.0000000000048,1198.9999999999984,1182.666666666668,2.861875000005531,2.4128124999978056,1.583958333334876,1.440729166665825,7.182187499993468,8.012187500001252,6.52354166666938,6.057291666664004,17.192812499984363,19.688125000003076,15.959375000005076,15.30812499999307,30.20249999997253,34.5696875000054,28.60125000000903,27.878541666653593,46.25250000000723,51.56281250000806,43.832604166680824,42.894374999979306,
cbe72f8c-5ae1-465a-a3f5-45039d13e470,01/27/2026,9:35 AM,ForceFrame-3057,Bar + Frame,Hip AD/AB,Pull,Hip AD/AB - 60,4,3,305.5,322.25,5.1978277734678,1.17,1.14,247.375,306.25,19.224489795918366,1.39,1.15,2167.7243749985505,2249.917499998493,3.6531617270409877,,,,,1288.235294118818,1447.0588235307305,1008.8235294121939,1388.2352941182933,0.11500000000000021,0.9799999999999986,0.7581249999999988,1.1399999999999988,685.000000000039,744.9999999999364,421.25000000002046,553.333333333326,882.4999999999875,904.9999999999872,485.6249999999942,659.1666666666588,978.3333333333426,1036.6666666666765,530.4166666666714,737.2222222222293,990.0000000000211,1034.9999999999852,504.3750000000021,732.9166666666691,876,921,458.25,646.6666666666666,4.131874999999178,3.323437499999339,3.15164062499854,2.6158333333317416,8.64749999999828,7.262812499998555,7.53539062499607,6.912604166662099,14.53468749998678,15.05187499998631,13.381484374992297,13.257812499990651,24.835624999977412,25.91687499997643,20.5782812499873,21.689687499984,36.96874999996638,38.32124999996515,28.560390624981505,31.410416666642885,
cbe72f8c-5ae1-465a-a3f5-45039d13e470,01/27/2026,9:35 AM,ForceFrame-3057,Bar + Frame,Hip AD/AB,Squeeze,Hip AD/AB - 60,3,3,356.25,368,3.192934782608692,1.17,1.14,344.9166666666667,353.0833333333333,2.312957281095107,1.39,1.15,2901.3465625012386,3007.6809374997774,3.535427367735766,,,,,1911.7647058820548,1658.823529412098,1415.6862745086548,1274.509803921909,1.009999999999998,1.0700000000000003,1.5341666666666676,1.3774999999999988,194.99999999999724,140.00000000000796,123.33333333332945,81.66666666666883,537.4999999999972,289.99999999999847,270.83333333333206,209.16666666667052,904.9999999999978,611.6666666666653,406.11111111110785,326.11111111111103,948.7499999999992,859.9999999999992,430.83333333333195,402.9166666666678,811,827,402,377.6666666666667,3.619687499996708,3.7384375000019126,2.2989583333334687,2.4501041666667702,7.533124999993149,7.646250000003912,5.3009375000005905,5.398229166666719,11.55656249998949,11.908437500006093,9.593645833335005,9.548229166666584,19.8328125000031,16.593125000002594,15.59645833333668,15.208020833333125,30.968437500004843,27.864687500004354,22.409583333338716,22.037395833333118,
87e2d9bf-dadc-4202-b483-2e3fee35834a,01/27/2026,9:33 AM,ForceFrame-3057,Bar + Frame,Hip AD/AB,Pull,Hip AD/AB - 60,6,6,248,248.75,0.3015075376884391,1.14,1.14,165.79166666666666,168.91666666666666,1.8500246669955644,1.38,1.38,2050.942812498734,2143.5871874992317,4.32193173857226,,,,,941.1764705864186,970.5882352922401,624.5098039213951,609.8039215685513,0.134999999999998,0.14499999999999957,0.49458333333333204,0.4979166666666683,355.00000000000756,705.0000000000401,201.66666666667163,344.1666666666695,495.00000000000176,777.499999999989,279.58333333333724,342.91666666666293,496.6666666666655,675.0000000000064,286.9444444444462,315.8333333333338,530.0000000000019,622.5000000000133,298.750000000003,292.29166666666885,497,556,252.83333333333334,262.1666666666667,3.575624999996748,4.387812499996009,3.241874999998924,3.189322916667708,7.6718749999930225,10.921562499990067,7.232968749997767,7.272656250002025,13.501874999997314,19.161562499982573,12.057864583329737,12.147656250002932,20.77312499999587,28.408749999974162,17.695416666661348,17.59692708333712,29.385937499994153,38.62874999996487,23.84359374999262,23.505364583337904,
87e2d9bf-dadc-4202-b483-2e3fee35834a,01/27/2026,9:33 AM,ForceFrame-3057,Bar + Frame,Hip AD/AB,Squeeze,Hip AD/AB - 60,4,4,281.75,283.25,0.5295675198587868,1.14,1.14,228.9375,233.1875,1.8225676762262166,1.38,1.38,2194.3512500009856,2242.3509374986284,2.140596580800458,,,,,1394.1176470586054,1394.117647058611,920.5882352934457,994.117647058396,0.16749999999999687,0.12249999999999872,1.0818749999999997,0.6225000000000003,454.9999999999935,350.0000000000199,293.74999999999903,216.25000000000665,639.9999999999966,572.4999999999918,410.62500000000034,372.4999999999992,808.3333333333314,790.0000000000075,475.0000000000021,494.1666666666692,746.2499999999993,756.2499999999993,487.18749999999795,506.56249999999784,654,732,463.25,491.25,3.3103124999969893,3.692187499996642,1.694609375000014,2.136640624998341,7.0890624999935525,7.715937499992982,4.506171875000279,5.243124999996199,11.34718749998968,12.092499999989002,8.6178125000013,9.835468749993282,17.110312500002674,20.65062499998122,14.340390625003312,16.280234374989483,25.53750000000399,30.728749999972052,20.991484375005573,23.788203124984943,
8ebb21d1-84ab-4846-a228-fdcf1f9a34b9,01/27/2026,9:30 AM,ForceFrame-3057,Bar + Frame,Hip AD/AB,Pull,Hip AD/AB - 60,4,3,293.5,291.25,-0.7666098807495692,1.32,1.37,237.125,284.75,16.725197541703253,1.29,1.10,2385.0156249989764,2364.8650000011176,-0.8448844018733581,,,,,1558.8235294131857,1405.8823529424556,1098.5294117655,1249.019607843379,0.15499999999999936,0.865000000000002,0.7687499999999985,1.0033333333333339,590.0000000000335,414.99999999996464,445.00000000001893,259.9999999999895,960.0000000000546,579.9999999999918,612.5000000000193,385.8333333333306,1035.0000000000098,746.666666666656,685.8333333333399,580.5555555555551,918.7500000000196,718.7500000000025,632.5000000000093,652.9166666666686,832,677,570,644.3333333333334,3.8084375000019484,3.573125000001828,2.8571874999992812,2.617708333335706,8.920625000004563,8.180000000004185,7.266093749997802,6.138437500005828,17.043437500008718,15.590000000007976,13.834999999995512,11.587187500010744,27.293125000013962,25.189687500012887,21.999999999992554,19.29947916668299,38.8975000000199,36.430937500018636,31.127343749989098,29.027812500022225,
8ebb21d1-84ab-4846-a228-fdcf1f9a34b9,01/27/2026,9:30 AM,ForceFrame-3057,Bar + Frame,Hip AD/AB,Squeeze,Hip AD/AB - 60,4,4,388.25,399.75,2.8767979987492143,1.32,1.37,304.75,312.375,2.4409763905562265,1.29,1.10,3410.9593750023473,3567.9328124992717,4.399562596779038,,,,,2300.000000002092,2476.4705882357853,2013.7254901973886,2056.8627450968356,0,0,1.4381250000000003,1.404374999999999,540,765,318.7500000000001,342.4999999999998,1290.0000000000045,1234.9999999999825,495.6250000000002,528.7499999999962,1444.9999999999966,1323.3333333333146,545.4166666666638,638.7499999999948,1400.000000000005,1275.0000000000045,676.8750000000003,671.8750000000024,1281,1192,726.25,635.5,3.7531250000072536,3.7521874999965874,2.6672656250020346,2.7081249999993737,7.860312500015191,7.755625000003968,5.955859375004025,6.218906249999114,14.974062499997022,17.603125000009005,10.788046875006227,11.57273437499927,28.026874999994423,31.108750000015917,18.026562500009582,19.052187499999697,43.78718749999129,46.40625000002374,27.836484375014926,27.974218750000183,
06c71e5c-cd0f-430a-bb03-3baa86430007,01/27/2026,9:28 AM,ForceFrame-3057,Bar + Frame,Hip AD/AB,Pull,Hip AD/AB - 60,3,3,323,323.5,0.1545595054095794,1.15,1.27,317.25,314.4166666666667,-0.8930916732335148,1.15,1.27,2691.938125003874,2670.9956249975708,-0.7779710763698655,,,,,1511.7647058837229,1341.1764705894518,1239.2156862756335,1178.4313725494605,0.6475000000000009,0.789999999999992,1.1358333333333352,1.0208333333333286,589.9999999998658,205.00000000001165,374.9999999999404,121.66666666667358,912.4999999999222,287.4999999999959,567.4999999999703,146.66666666666742,934.9999999999645,370.0000000000035,700.5555555555475,217.7777777777837,909.999999999987,473.75000000002694,736.2499999999933,318.75000000001205,833,616,723,397.6666666666667,3.927499999996428,2.0609374999981256,2.5228125000036083,1.409687499998718,9.462812499991394,4.597187499995819,6.503854166677153,3.204791666663752,16.666562499984842,8.332499999992422,12.706354166688792,5.644999999994866,26.950000000128682,13.525937499987698,21.173437500036965,9.289062499991552,39.18281250018709,21.26312499998066,31.54260416672125,14.596354166653391,
06c71e5c-cd0f-430a-bb03-3baa86430007,01/27/2026,9:28 AM,ForceFrame-3057,Bar + Frame,Hip AD/AB,Squeeze,Hip AD/AB - 60,3,3,371.75,409.75,9.273947528981086,1.15,1.27,364.6666666666667,400.5833333333333,8.966091117120856,1.15,1.27,3038.024062498528,3313.764062497713,8.32105107058675,,,,,1441.1764705895428,1688.2352941179822,1364.705882352678,1474.5098039225084,0.8925000000000001,0.8825000000000003,0.9691666666666622,1.0791666666666682,689.9999999999902,295.00000000001677,390.00000000000585,231.66666666667734,832.4999999999882,617.5000000000022,485.83333333333553,442.49999999998687,699.9999999999983,633.3333333333318,513.3333333333428,533.8888888888829,859.9999999999955,815.0000000000028,705.8333333333327,729.5833333333353,835,876,744.6666666666666,815,1.5428124999985968,1.3562499999987665,1.256041666665965,1.002187499999224,4.487187500002296,3.3959374999969114,3.9436458333318725,3.19281249999777,9.420625000004819,7.363749999998535,7.842083333330663,7.090520833328629,16.802500000008596,13.927499999997229,14.146041666661759,13.435104166657746,26.81656250001372,24.1337499999952,23.335416666658148,23.086145833318053,
41d77c54-30d6-487d-9328-741ed16ca4a0,01/27/2026,9:25 AM,ForceFrame-3057,Bar + Frame,Hip AD/AB,Pull,Hip AD/AB - 60,5,4,251,271.5,7.550644567219155,1.14,1.12,179.15,219.3125,18.312909660872045,1.55,1.35,2222.927187501323,2378.09906249902,6.52503831504122,,,,,2205.882352943183,2264.7058823485636,843.5294117648664,1002.9411764692055,0.08500000000000085,0.08500000000000085,1.0275000000000003,1.4306249999999991,239.9999999999966,1485.0000000000844,133.99999999999696,547.5000000000224,230.00000000000082,900.0000000000512,139.99999999999966,362.5000000000108,406.6666666666705,858.3333333333414,187.33333333333405,377.08333333333564,436.2500000000093,786.2500000000167,196.00000000000134,355.00000000000284,545,670,218.8,317,3.842187499999236,4.036250000002065,2.715125000001138,3.547812499999546,7.746562499998459,8.434687500004316,5.796625000002508,7.684687499998934,12.399375000006344,13.884687500007104,9.722000000003451,12.614609374997984,18.385625000009405,20.93812500001071,13.914250000004452,18.402187499996614,25.674687500013135,29.116250000014894,18.61525000000534,24.663124999995034,
41d77c54-30d6-487d-9328-741ed16ca4a0,01/27/2026,9:25 AM,ForceFrame-3057,Bar + Frame,Hip AD/AB,Squeeze,Hip AD/AB - 60,3,3,285,305.25,6.633906633906639,1.14,1.12,277.6666666666667,296.0833333333333,6.220095693779893,1.55,1.35,2918.03312499968,3105.1643750022176,6.0264523034277095,,,,,1005.8823529420916,1011.7647058832738,937.2549019608754,874.509803922088,0.5700000000000003,1.7450000000000045,1.8566666666666665,2.206666666666668,275.00000000000097,594.9999999999916,203.33333333333823,334.9999999999923,487.49999999999307,599.9999999999915,318.3333333333299,384.16666666666225,638.3333333333394,559.999999999992,439.4444444444445,441.1111111111101,656.250000000014,626.2499999999911,434.16666666667174,460.4166666666644,701,670,439.6666666666667,449.3333333333333,3.139062499999933,3.2949999999999298,1.7314583333329125,1.9348958333343511,6.977812499999851,7.245312499999845,4.19104166666554,4.914270833336125,11.380937499999757,11.823749999999748,8.224687499997799,9.137500000005943,16.326249999999654,16.94812499999964,13.569166666663024,14.730520833344181,25.170312499977108,22.46093749999952,19.995312499994473,21.483125000017335,
a0df75c5-ae50-43af-9b2a-41855646740c,01/27/2026,9:21 AM,ForceFrame-3057,Bar + Frame,Hip AD/AB,Pull,Hip AD/AB - 60,3,3,276,278.5,0.8976660682226245,1.34,1.28,262.0833333333333,270.8333333333333,3.230769230769226,1.34,1.28,2165.4765624991214,2234.242187497968,3.0778053240438696,,,,,899.9999999982606,1005.882352942086,872.5490196077844,896.0784313729578,1.1099999999999994,1.0399999999999991,1.600833333333334,1.5558333333333323,415.0000000000236,470.0000000000267,375.00000000001273,383.33333333334764,457.50000000002603,550.0000000000313,396.6666666666719,476.666666666677,575.0000000000055,678.3333333333397,465.55555555555765,587.2222222222277,543.7500000000116,635.0000000000135,480.41666666667476,573.7500000000091,517,585,453.6666666666667,511,2.870624999997389,3.0140624999972587,2.5769791666653528,2.7133333333308656,6.929374999993698,7.08062499999356,6.197708333330151,6.6133333333273185,12.493749999988637,13.04093749998814,11.150416666660702,12.26760416665551,19.820937499981973,20.479999999981374,17.524895833323757,19.673229166648774,27.654999999974848,28.413749999974158,25.019062499986642,28.05739583330781,
a0df75c5-ae50-43af-9b2a-41855646740c,01/27/2026,9:21 AM,ForceFrame-3057,Bar + Frame,Hip AD/AB,Squeeze,Hip AD/AB - 60,3,3,369,357.5,-3.1165311653116534,1.34,1.28,352.1666666666667,346.1666666666667,-1.7037387600567944,1.34,1.28,3006.9637500009694,2948.3631250020103,-1.9488304439632897,,,,,2405.8823529416554,2347.058823529042,1945.0980392157696,1896.0784313713364,1.7049999999999983,1.3550000000000004,1.944166666666668,1.9616666666666671,955.0000000000034,549.9999999999532,444.99999999999653,448.3333333333169,1585.0000000000057,1367.5000000000048,1100.000000000007,1101.666666666659,1208.3333333333305,1298.333333333338,993.8888888888837,1061.6666666666645,1134.999999999999,1095.0000000000039,873.3333333333318,868.7499999999999,1029,1033,832.6666666666666,851,1.2796875000002,1.5218750000029413,0.883854166667385,0.8980208333343339,7.337500000001147,5.390312499998927,4.76645833333513,5.016875000003758,16.6253125000026,14.497187499997116,11.98322916666983,12.603645833341377,27.287500000004265,25.069374999995013,20.53708333333795,21.490729166679653,40.09343750000627,37.41656249999256,30.647916666673172,31.56052083335203,
854f037e-3158-45cf-b5ea-9c709641e417,01/27/2026,9:19 AM,ForceFrame-3057,Bar + Frame,Hip AD/AB,Pull,Hip AD/AB - 60,3,3,272.5,280.25,2.7653880463871516,1.06,1.12,265.1666666666667,272.25,2.6017753290480505,1.04,1.08,2353.4724999989603,2417.2328124978017,2.637739822543439,,,,,1158.8235294111753,1164.7058823540042,1001.9607843133523,1033.3333333332664,0.6050000000000004,0.639999999999997,1.2975000000000005,1.7241666666666653,685.000000000039,640.0000000000364,416.6666666666765,278.3333333333492,804.9999999999885,539.9999999999924,572.5000000000103,238.33333333333135,848.3333333333213,493.33333333333803,591.1111111111101,273.33333333333593,827.500000000003,494.99999999999295,582.9166666666706,352.5000000000004,716,567,507,427,2.925937500001497,2.3843749999978314,2.3035416666659576,1.2655208333321823,7.862500000004022,6.411874999994168,6.170937499998112,3.1735416666637803,15.347187500007852,11.348749999989678,11.678958333329982,5.780833333328076,25.0225000000128,17.411249999984165,18.786979166661432,9.516874999991344,36.00875000001842,25.032812499977233,26.83343749999265,14.929479166653088,
854f037e-3158-45cf-b5ea-9c709641e417,01/27/2026,9:19 AM,ForceFrame-3057,Bar + Frame,Hip AD/AB,Squeeze,Hip AD/AB - 60,3,3,287.75,313.25,8.140462889066235,1.06,1.12,275.25,292.9166666666667,6.031294452347091,1.04,1.08,2240.699062499456,2352.5140624983514,4.753000280905817,,,,,1082.3529411774539,1223.52941176582,1025.4901960791206,1166.6666666669128,1.75,2.3674999999999997,2.170833333333333,2.4241666666666664,520.0000000000296,739.9999999999895,340.0000000000075,388.33333333333303,694.9999999999901,790.0000000000028,509.16666666666305,556.66666666668,766.6666666666739,774.9999999999982,576.1111111111112,688.3333333333368,729.9999999999897,793.7500000000169,634.1666666666625,705.8333333333384,635,657,559,619,2.1862499999980116,1.839374999998327,1.3335416666661393,1.4294791666656466,6.279374999994289,4.95874999999549,4.071562499998325,4.368541666663824,12.55562499998858,10.505624999990445,8.388229166663283,9.453020833327132,20.95812499998094,18.718437499982976,14.849374999994518,16.69104166665557,30.242812499972494,28.56593749997402,22.561354166658987,25.177604166649775,
9a1b030b-629b-4dd0-b77e-6543ac15dc67,01/27/2026,9:16 AM,ForceFrame-3057,Bar + Frame,Hip AD/AB,Pull,Hip AD/AB - 60,3,3,251.25,282.5,11.061946902654862,1.75,1.43,247.41666666666666,276.5,10.518384569017481,1.64,1.41,2173.1018750000594,2470.693125003606,12.044848750818138,,,,,1564.7058823521386,1658.8235294109195,1215.6862745101732,1325.4901960788507,0.39000000000000057,1.1875,0.9958333333333323,1.2341666666666693,764.9999999999347,1004.9999999999143,434.9999999999648,811.6666666666183,944.9999999999866,1127.499999999984,635.8333333333293,927.4999999999869,895.0000000000085,1194.999999999983,761.6666666666639,959.4444444444174,900.0000000000032,1082.5000000000039,777.916666666661,884.1666666666605,801,916,678.3333333333334,762.3333333333334,3.6728124999966596,4.400937500008506,2.586145833334155,3.246354166671971,9.836874999991053,11.814062500022832,6.751979166668183,8.988854166680655,18.5828124999831,21.720000000041978,13.3503125000017,17.38927083335943,28.86156249997375,33.31250000006438,22.318854166668242,27.832500000041005,39.862187499963746,45.7934375000885,32.67760416666798,39.48010416672428,
9a1b030b-629b-4dd0-b77e-6543ac15dc67,01/27/2026,9:16 AM,ForceFrame-3057,Bar + Frame,Hip AD/AB,Squeeze,Hip AD/AB - 60,3,3,440.75,404.25,-8.281338627339762,1.75,1.43,405.75,388.75,-4.189772027110294,1.64,1.41,3203.214687503277,3110.1203124985263,-2.906279599926309,,,,,2817.647058822089,3852.9411764686142,2272.549019607947,2962.745098038297,0.40249999999999986,0.3949999999999996,0.8308333333333332,0.9191666666666661,589.9999999999916,3229.999999999954,398.3333333333209,1214.9999999999916,1624.9999999999768,2302.500000000049,1061.6666666666515,1540.8333333333387,1499.9999999999786,1940.0000000000184,1193.888888888883,1479.4444444444516,1618.7499999999914,1645.000000000006,1363.3333333333283,1355.0000000000057,1463,1466,1278.3333333333333,1228.6666666666667,1.4784375000028573,3.7687499999965723,0.927812500001175,1.775937499998476,5.471250000002799,13.888437499987369,4.501458333337669,7.45968749999516,15.191250000007772,27.25749999997521,12.325104166677411,17.37531249999126,29.042187500014858,42.92187499996096,24.2243750000207,30.22645833331966,46.260625000023666,60.57187499994491,39.75281250003405,45.15895833331365,
22254221-cc7b-4ece-831b-7753a96090d1,01/27/2026,9:13 AM,ForceFrame-3057,Bar + Frame,Hip AD/AB,Pull,Hip AD/AB - 60,3,3,306.5,320.25,4.293520686963315,1.20,1.14,291.3333333333333,312.75,6.847855049293905,1.23,1.11,2523.6884375019627,2660.1515624995263,5.129900375651541,,,,,1811.764705882714,1929.4117647062678,1447.0588235302976,1658.8235294121212,0.47499999999999964,0.4924999999999997,0.7549999999999996,0.6799999999999985,759.9999999999892,619.9999999999912,339.99999999999005,400.0000000000069,949.9999999999865,967.4999999999862,447.49999999999426,567.5000000000085,996.6666666666525,1018.333333333343,593.3333333333254,740.0000000000069,912.5000000000033,1028.7500000000218,614.5833333333325,897.0833333333426,835,901,568.6666666666666,868.6666666666666,2.5806250000013202,2.896875000001482,1.8247916666682988,2.128958333333054,7.635625000003906,8.34593750000427,4.806562500004183,5.682395833332694,15.71437500000804,17.046562500008722,9.643750000007438,11.504374999998667,25.84062500001322,28.182187500014418,16.519062500010715,20.63718749999701,37.35343750001911,40.92968750002094,24.644583333347054,32.36416666666139,
22254221-cc7b-4ece-831b-7753a96090d1,01/27/2026,9:13 AM,ForceFrame-3057,Bar + Frame,Hip AD/AB,Squeeze,Hip AD/AB - 60,3,3,367.75,364.5,-0.8837525492861986,1.20,1.14,357.9166666666667,346.9166666666667,-3.0733410942956896,1.23,1.11,3038.9381249978787,2914.1137499982797,-4.107499720800867,,,,,2429.4117647080907,1888.235294113997,1923.5294117652945,1515.6862745090875,1.0700000000000003,0.947499999999998,1.5841666666666658,1.5758333333333319,915.0000000000033,1235.0000000000703,345.00000000000335,501.66666666669045,1190.0000000000043,1399.9999999999802,728.3333333333322,728.333333333327,1115.0000000000039,1293.3333333333455,898.3333333333397,849.4444444444495,1095.0000000000234,1051.2500000000225,973.3333333333418,852.9166666666748,967,955,929.6666666666666,849,1.1559374999989487,1.290937499998826,0.8998958333327846,0.9328124999993572,5.899999999998826,6.651249999993951,3.6437499999980836,3.7954166666641256,13.47468749999732,15.618124999985795,9.654479166661078,9.295937499994102,23.330624999995358,26.076562499976284,18.488541666655376,17.331145833322807,34.99749999999304,37.70218749996571,29.87739583331445,27.479895833316977,
4d7548fb-1fdb-4d4f-9ba6-1620af9f1d2f,01/27/2026,9:10 AM,ForceFrame-3057,Bar + Frame,Hip AD/AB,Pull,Hip AD/AB - 60,3,3,347.5,384,9.505208333333337,0.99,0.97,340.6666666666667,372.25,8.484441459592562,1.01,1.00,2944.8143750003287,3190.3431250017115,7.695998216531996,,,,,2258.8235294138226,2341.17647058704,1833.3333333334404,1949.0196078438037,0.6224999999999987,0.5075000000000003,0.8849999999999992,0.7491666666666674,1055.00000000006,1394.9999999999802,420.0000000000146,709.9999999999733,1552.5000000000332,1709.9999999999757,616.6666666666787,984.999999999986,1400.0000000000132,1536.666666666645,781.6666666666671,1102.7777777777762,1231.2500000000043,1297.5000000000045,875.4166666666703,1105.8333333333346,1046,1138,917.3333333333334,1057,2.2115624999979886,3.3468750000064684,1.3641666666671581,2.0741666666692455,8.824687499991974,10.503125000005372,4.399166666666534,6.885416666674469,19.334374999982415,22.078125000011294,9.854895833331602,14.941979166682183,32.035312499970864,35.88625000001836,18.1330208333302,26.181041666691524,45.95062499995821,50.971875000026074,29.27604166666301,39.74114583336783,
4d7548fb-1fdb-4d4f-9ba6-1620af9f1d2f,01/27/2026,9:10 AM,ForceFrame-3057,Bar + Frame,Hip AD/AB,Squeeze,Hip AD/AB - 60,3,3,345.75,374.25,7.61523046092184,0.99,0.97,343.8333333333333,370.6666666666667,7.23920863309353,1.01,1.00,2933.1824999980313,3138.4978125009357,6.541833857111956,,,,,1676.4705882344351,1411.764705883632,1499.9999999999227,1352.9411764712152,0.9499999999999957,1.8200000000000003,1.3758333333333315,2.1200000000000006,545.000000000031,534.9999999999544,350.0000000000122,481.6666666666635,992.5000000000211,939.9999999999867,795.000000000005,878.3333333333363,876.6666666666749,986.6666666666761,820.5555555555603,913.8888888888974,928.7500000000033,1026.2499999999854,879.583333333339,961.2499999999973,956,1016,934,959.6666666666666,0.867499999999211,1.5503125000029963,0.8249999999994374,1.253229166667273,4.66156249999576,5.627500000010876,3.7674999999974186,4.935625000001913,10.619999999990341,12.740625000024624,9.319895833326937,11.359895833337559,18.93343749998278,22.57968750004364,17.35614583332141,20.36322916667405,29.968124999972744,35.17687500006799,28.168541666647418,32.06656250001138,
ab4b4d22-e858-4de3-9113-2e5b9c177500,01/27/2026,9:08 AM,ForceFrame-3057,Bar + Frame,Hip AD/AB,Pull,Hip AD/AB - 60,3,3,391.75,404,3.0321782178217793,0.79,0.78,370.5833333333333,382.1666666666667,3.030963802878339,0.77,0.76,2799.4965624980164,2914.105625000847,3.932906944743886,,,,,2494.1176470610917,2164.7058823549078,2011.7647058818548,1943.1372549013583,0.6099999999999994,0.7325000000000017,1.1916666666666664,1.2900000000000016,575.0000000000327,959.9999999999181,331.6666666666778,373.3333333333024,1037.500000000059,1019.9999999999856,519.1666666666872,403.33333333332774,1336.6666666666792,1220.0000000000116,683.333333333337,535.5555555555546,1363.750000000029,1341.249999999981,904.166666666681,721.6666666666566,1255,1250,956.3333333333334,763.3333333333334,0.4990624999999007,0.6306249999994264,0.33635416666647894,0.23708333333315745,3.454687499996858,3.9112499999964427,2.0009374999987286,1.4693749999990164,11.048749999989951,10.316249999990617,5.885208333329462,4.189166666664851,23.037812499979047,21.50656249998044,12.997916666657964,9.558958333331413,37.77843749996564,35.948749999967305,23.559270833317385,17.87083333333362,
ab4b4d22-e858-4de3-9113-2e5b9c177500,01/27/2026,9:08 AM,ForceFrame-3057,Bar + Frame,Hip AD/AB,Squeeze,Hip AD/AB - 60,3,3,310.25,316.75,2.0520915548539853,0.79,0.78,285.75,290.5833333333333,1.6633209062231091,0.77,0.76,2200.7496874997278,2247.773750001088,2.0920282791512035,,,,,2929.4117647085427,2647.0588235318164,1882.3529411769907,1700.0000000013572,0.3549999999999969,0.3299999999999983,0.6699999999999994,0.643333333333333,435.0000000000247,1284.9999999998904,346.6666666666741,876.6666666666238,1569.9999999999777,1739.9999999999752,1054.9999999999866,1125.833333333332,1481.6666666666806,1550.0000000000148,962.7777777777848,1026.1111111111188,1189.9999999999832,1274.9999999999818,838.7499999999951,905.8333333333281,1048,1077,792.6666666666666,822.6666666666666,0.4837500000000756,1.2384375000023935,0.3527083333333006,1.0354166666671976,5.140624999995325,7.972500000015408,3.607708333332443,5.6255208333369735,14.593437499986727,18.610625000035967,9.895729166664088,12.713854166675288,26.30124999997608,31.236875000060373,17.910312499995435,21.501041666681008,38.79124999996472,44.562187500086125,27.120416666660237,31.513333333353444,
3a64a8ed-9513-4652-982a-3a3573852f3d,01/27/2026,1:50 AM,ForceFrame-3451,Bar + Frame,Hip AD/AB,Pull,Hip AD/AB - 60,4,4,325.75,362.75,10.19986216402481,1.24,1.12,260.8125,283.9375,8.144397974906447,1.52,1.38,3351.2928124998148,3621.039375003649,7.449423620353823,,,,,1188.235294118727,1452.9411764719184,897.0588235294919,945.5882352944425,0.22500000000000142,0.25500000000000256,2.3925,2.116875000000002,239.9999999999966,259.99999999997783,141.24999999999844,126.2499999999934,197.4999999999972,230.00000000000492,150.6249999999989,154.37499999999986,176.66666666666416,320.000000000003,131.24999999999903,174.5833333333315,178.75000000000063,543.7500000000019,133.43749999999946,210.93749999999943,323,593,154.75,213.5,3.854375000001972,4.0112500000077524,3.386171875000284,3.7850781250032712,8.213437500004202,8.454687500016341,7.175703125000615,8.004296875006837,12.905625000006602,13.481249999987739,11.264921875001036,12.670546875010366,17.77062500000909,21.09906249998081,15.641484375001385,18.0722656250136,22.743437500011634,31.42531249997142,20.488671875001444,24.14968750001619,
3a64a8ed-9513-4652-982a-3a3573852f3d,01/27/2026,1:50 AM,ForceFrame-3451,Bar + Frame,Hip AD/AB,Squeeze,Hip AD/AB - 60,3,3,402.5,406.5,0.9840098400983988,1.24,1.12,396.75,393,-0.9451795841209809,1.52,1.38,3294.7343749992724,3261.44593750001,-1.0103526934328255,,,,,1794.1176470604491,1476.4705882345488,1378.4313725499767,1284.3137254903756,1.0174999999999983,0.9974999999999987,1.623333333333333,1.515833333333332,299.99999999999574,574.9999999999918,131.6666666666654,420.0000000000068,667.5000000000024,864.9999999999877,409.16666666666487,697.4999999999901,798.3333333333314,831.6666666666647,614.4444444444472,781.1111111111095,829.9999999999956,911.2499999999951,717.9166666666633,854.1666666666715,859,850,779.6666666666666,796.3333333333334,1.9368749999996147,2.8434375000014547,1.5861458333329435,2.359375000000004,5.392812499998927,8.17000000000418,4.014062499999006,6.691354166666575,11.652812499997681,15.75468750000806,8.798541666664443,13.271874999999966,20.50874999999592,25.747187500013172,16.041770833329625,22.383958333333833,31.977187499993637,37.38968750001913,26.20822916666133,33.711145833334555,
fd50323c-e3cd-4256-9832-ce6a132b76a1,01/27/2026,1:49 AM,ForceFrame-3057,Bar + Frame,Hip AD/AB,Pull,Hip AD/AB - 60,3,3,457,469.5,2.6624068157614533,0.94,0.94,440.0833333333333,451.75,2.5825493451392734,0.96,0.97,2959.977187499402,3006.03593750015,1.5322088943171663,,,,,5135.294117648081,6429.411764707161,4119.607843138449,5292.156862745039,0.6724999999999994,0.7299999999999995,0.9133333333333331,0.8949999999999999,3015.000000000011,3590.0000000000127,1451.6666666666952,3491.6666666666774,1877.4999999999734,2175.0000000000077,1622.5000000000052,1781.6666666666613,1448.3333333333471,1833.3333333333508,1373.8888888888941,1649.999999999999,1566.2500000000055,1758.749999999975,1517.9166666666677,1682.0833333333267,1423,1510,1390,1471.6666666666667,0.8059374999998397,4.577812499999089,0.3242708333332398,2.4253124999999778,7.374999999998533,13.728124999997268,7.142395833331986,10.17562500000024,17.700937500009054,25.646249999994897,16.46281249999697,20.48229166666751,30.176250000015436,41.697499999991706,28.942187499994322,35.2128125000016,46.78812500002394,59.806562499988104,45.464791666657646,52.825104166669014,
fd50323c-e3cd-4256-9832-ce6a132b76a1,01/27/2026,1:49 AM,ForceFrame-3057,Bar + Frame,Hip AD/AB,Squeeze,Hip AD/AB - 60,3,3,428.5,441,2.8344671201814053,0.94,0.94,421.4166666666667,436.9166666666667,3.5475872592027446,0.96,0.97,2789.6749999990225,2850.7687500002958,2.143062288067632,,,,,3417.647058821782,2958.823529414456,2539.2156862740158,2619.6078431383585,1.3550000000000004,1.3825000000000003,1.6858333333333329,1.8300000000000007,1440.0000000000307,1914.9999999999727,738.333333333344,711.6666666666571,1302.5000000000277,1332.5000000000048,1219.1666666666767,1135.8333333333292,1294.999999999997,1399.9999999999966,1259.4444444444468,1235.5555555555484,1342.4999999999989,1478.7500000000052,1284.583333333336,1265.8333333333292,1318,1408,1269.3333333333333,1288.0000000000002,1.2343749999997544,1.0790624999997853,0.5417708333332548,0.3821874999999377,6.214374999998764,6.88593749999863,4.684687499998759,4.256354166666893,13.92718749999723,15.615624999996893,12.260312499996251,11.69666666666754,25.522812499994924,28.252187499994378,23.361770833325938,22.577500000001766,40.43749999999196,44.125624999991224,37.71958333332116,36.90812500000303,
3b64d0cc-84bd-4d01-8932-816eb6e5408b,01/27/2026,1:47 AM,ForceFrame-3451,Bar + Frame,Hip AD/AB,Pull,Hip AD/AB - 60,3,3,471,425.75,-9.607218683651809,1.13,1.35,436.1666666666667,408.5,-6.343141001146357,1.10,1.25,4469.7978125026675,4118.975624998154,-7.848726099494108,,,,,2482.352941178727,2288.2352941197273,2243.1372549012826,2196.078431374064,0.9650000000000016,0.6000000000000014,1.3908333333333325,0.8733333333333336,699.9999999999901,1600.000000000091,440.00000000000324,986.6666666667205,1344.999999999981,1832.4999999999739,871.6666666666542,1309.1666666666479,1560.0000000000148,1858.333333333351,1133.3333333333387,1483.8888888888994,1528.7500000000325,1766.249999999975,1278.3333333333371,1451.666666666649,1407,1522,1270.3333333333333,1317.6666666666667,2.216875000001134,1.965937499998212,1.11166666666681,1.4410416666658215,7.665000000003921,8.557187499992217,4.4258333333331406,6.464687499995503,17.381562500008894,20.137499999981685,11.43999999999931,15.981770833322736,30.6890625000157,35.37468749996783,22.88500000000158,29.446458333315007,46.93031249995732,53.66874999995119,38.05885416667369,45.54197916663972,
3b64d0cc-84bd-4d01-8932-816eb6e5408b,01/27/2026,1:47 AM,ForceFrame-3451,Bar + Frame,Hip AD/AB,Squeeze,Hip AD/AB - 60,3,3,532.5,576.75,7.672301690507155,1.13,1.35,478.75,511.3333333333333,6.372229465449797,1.10,1.25,4599.049687498824,4877.777187497124,5.714231898757971,,,,,5070.588235284311,2994.117647061552,2699.999999996501,1923.5294117652713,0.9825000000000017,2.4425000000000026,1.9508333333333345,2.730000000000001,1965.0000000001116,1070.000000000061,998.3333333333688,448.33333333335236,2889.999999999959,1574.9999999999777,1573.333333333315,882.4999999999982,2368.3333333333558,1743.3333333333499,1451.6666666666688,1066.6666666666754,1896.249999999973,1942.4999999999725,1288.3333333333183,1183.749999999992,1698,1648,1189.6666666666667,1088.3333333333333,1.4915624999997033,1.0637499999990325,1.0469791666664274,0.9151041666661991,11.843124999989229,6.815624999993801,7.084374999996888,4.248645833330396,28.177187499974373,17.521874999984064,17.05864583332635,11.07249999999191,46.76093749995747,34.431249999968685,29.389999999988806,21.75385416665056,66.94374999993912,55.35749999994965,43.806770833317636,35.286354166640685,
b51cd86a-9d38-40a3-8fb6-1e3893857e88,01/27/2026,1:47 AM,ForceFrame-3057,Bar + Frame,Hip AD/AB,Pull,Hip AD/AB - 60,3,3,292,307,4.885993485342022,1.18,1.10,281.6666666666667,298,5.480984340044737,1.12,1.05,1987.5034375003156,2095.660937499386,5.161020948747918,,,,,7788.235294119196,4341.176470589098,5060.784313726917,3201.9607843143526,0.3674999999999997,1.2675,0.6133333333333338,1.4416666666666667,3159.999999999955,2450.0000000000086,1251.666666666649,973.333333333334,1632.500000000006,1599.9999999999916,1420.8333333333273,805.8333333333361,1246.6666666666638,1371.6666666666633,1154.9999999999934,805.5555555555578,1228.7499999999989,1161.2499999999989,1069.9999999999936,912.0833333333348,1048,1024,935.3333333333334,833,3.318125000000519,5.172500000000809,1.8907291666672297,2.178333333333202,10.485000000001639,12.630625000001974,8.881562500001172,5.745104166665951,18.838125000002943,21.43031250000335,17.486354166669113,11.056041666664257,29.521562500004613,32.6259375000051,27.727916666670605,19.5963541666617,42.14812500000659,44.72687500000699,39.49437500000557,29.85614583332544,
b51cd86a-9d38-40a3-8fb6-1e3893857e88,01/27/2026,1:47 AM,ForceFrame-3057,Bar + Frame,Hip AD/AB,Squeeze,Hip AD/AB - 60,3,3,346,338.75,-2.095375722543358,1.18,1.10,315.1666666666667,311.4166666666667,-1.189846641988368,1.12,1.05,2145.1240625002174,2137.2412500002106,-0.36747583218189606,,,,,3041.17647058884,3305.882352941832,1990.1960784321345,2292.1568627449233,1.375,0.36249999999999893,1.91,1.0941666666666665,2190.000000000047,2680.0000000000573,1238.333333333342,1568.333333333345,1620.0000000000057,1805.0000000000064,1005.0000000000097,1176.666666666664,1551.666666666663,1568.3333333333483,1050.5555555555577,1132.2222222222224,1196.2500000000043,1208.7500000000043,941.2500000000024,995.8333333333363,1035,1055,875,934.6666666666666,2.403124999999522,1.8062499999999615,1.8051041666668102,1.5301041666667512,8.915624999998226,9.056249999998197,6.108125000000467,6.915208333333804,19.065312499996207,19.6003124999961,12.96656250000087,14.62854166666755,31.058437499993822,31.645937499993703,22.22760416666826,24.586875000001598,43.417187499991364,44.32406249999118,32.84760416666919,36.06083333333592,
01495ae2-46d3-4146-83ef-324c89184396,01/27/2026,1:44 AM,ForceFrame-3057,Bar + Frame,Hip AD/AB,Pull,Hip AD/AB - 60,3,3,547.25,535.75,-2.1014161717679336,0.92,0.98,528.5,523.4166666666666,-0.9618416903185212,0.94,0.98,3426.6018750002168,3401.4125000002246,-0.7351123917770708,,,,,4658.823529409385,6788.2352941189965,4531.372549017839,6594.117647061739,1.1600000000000001,1.17,1.490833333333334,1.381666666666667,3345.0000000000714,785.0000000000028,1895.0000000000264,326.6666666666678,2147.5000000000077,2140.0000000000077,2004.1666666666626,746.6666666666692,2016.666666666662,1701.6666666666727,1682.777777777772,1013.888888888895,2028.7500000000073,1775.0000000000064,1687.9166666666727,1082.9166666666704,1766,1572,1603.3333333333333,1422.3333333333333,2.66468749999947,0.12281249999997557,1.591562499999687,0.060416666666660714,11.5621874999977,9.966249999998016,8.261145833332167,3.3679166666660123,23.668124999995293,21.834687499995656,19.429895833332207,10.030520833331357,41.51093749999174,37.54749999999253,34.28052083333199,19.324062499996188,62.43687499998758,56.40874999998878,53.03187499999874,32.01489583332735,
01495ae2-46d3-4146-83ef-324c89184396,01/27/2026,1:44 AM,ForceFrame-3057,Bar + Frame,Hip AD/AB,Squeeze,Hip AD/AB - 60,3,3,504.25,523.25,3.631151457238413,0.92,0.98,497.3333333333333,513.1666666666666,3.085417343293273,0.94,0.98,3277.8312500003635,3382.8318749994514,3.1039267950348504,,,,,6058.823529408665,4923.529411769186,4456.862745097281,3421.568627452667,1.5899999999999999,2.0725,2.0983333333333336,2.3200000000000003,3040.000000000011,1764.9999999999907,1869.999999999992,771.666666666666,1755.0000000000061,1617.5000000000346,1474.1666666666633,1417.5000000000061,1549.999999999978,1331.6666666666674,1341.6666666666588,1238.3333333333364,1353.7500000000048,1437.500000000005,1310.833333333337,1359.9999999999989,1286,1334,1269.6666666666667,1298.3333333333333,2.4768749999999473,1.218437499999974,1.0925000000001164,0.4728124999999867,9.672499999999793,7.649374999999837,7.9392708333345965,5.882812499999012,19.288749999999588,16.84843749999964,16.16968750000237,13.993229166664198,31.88156250001631,28.794062499999388,28.159375000003823,25.50562499999592,46.60624999999901,42.98718749999908,42.65677083333859,40.32572916666048,
b680bdf4-68b7-4866-a877-fbc866ff6600,01/27/2026,1:44 AM,ForceFrame-3451,Bar + Frame,Hip AD/AB,Pull,Hip AD/AB - 60,3,3,402.5,411.5,2.1871202916160404,1.04,0.99,389.8333333333333,407.75,4.3940322910280045,1.05,0.97,4049.971562501547,3911.7859374999753,-3.4120146985974986,,,,,2105.882352940105,2294.117647060904,1939.2156862717618,2243.137254902913,1.875,2.0175000000000054,4.468333333333335,2.931666666666666,785.0000000000447,305.00000000001734,448.3333333333408,130.0000000000036,1134.9999999999839,245.00000000000523,496.66666666666106,132.50000000000102,1230.0000000000116,790.0000000000075,526.1111111111128,311.111111111114,1189.9999999999832,1151.250000000004,495.41666666666043,410.83333333333525,1056,1070,442,391,3.712812499996623,3.4596874999968534,2.9092708333330535,2.830208333333477,10.450624999990495,7.319374999993343,7.138958333331961,5.9311458333333045,20.910624999980982,11.279374999989741,12.805312499996658,10.01020833333221,34.507499999968616,21.271562499980654,19.71552083332737,15.822708333329428,50.12437499995441,36.1712499999671,27.40374999999118,23.015729166658986,
b680bdf4-68b7-4866-a877-fbc866ff6600,01/27/2026,1:44 AM,ForceFrame-3451,Bar + Frame,Hip AD/AB,Squeeze,Hip AD/AB - 60,3,3,420,407.5,-2.9761904761904767,1.04,0.99,409.6666666666667,395.9166666666667,-3.356387306753461,1.05,0.97,3956.188749999638,3701.521562499309,-6.437184967485498,,,,,2888.235294120273,2729.411764708372,2701.960784314033,2607.8431372563336,2.3800000000000026,2.3775000000000013,3.215000000000001,2.8925000000000005,1390.000000000005,1560.0000000000055,611.6666666666696,938.3333333333509,1884.99999999999,1880.0000000000066,888.3333333333312,1511.6666666666563,1813.333333333329,1770.0000000000064,1049.9999999999939,1597.2222222222233,1466.2499999999986,1377.4999999999989,982.4999999999951,1274.5833333333433,1269,1195,840.3333333333334,1064.6666666666667,2.085937500001067,3.3406249999969617,1.7796874999998107,2.2830208333325777,8.077500000001262,11.759374999989305,6.040624999999957,8.769166666663585,19.8256250000031,25.533124999976778,13.402500000000762,20.33677083332684,34.684687500005424,40.84593749996285,23.86395833333584,34.542395833323525,50.45718750000789,56.52562499994859,35.46093750000457,49.141041666653415,
c4af5dff-a038-40c0-8eab-be2e9a653245,01/27/2026,1:42 AM,ForceFrame-3057,Bar + Frame,Hip AD/AB,Pull,Hip AD/AB - 60,3,3,291.25,269.75,-7.381974248927037,0.87,1.00,266.0833333333333,236,-11.305981835264634,0.89,1.08,1714.4078125006608,1503.4578125000312,-12.304540288633826,,,,,2264.7058823550005,1323.52941176403,1488.2352941180725,1205.8823529409835,0.5099999999999998,0.33999999999999986,1.256666666666667,0.6424999999999995,509.9999999999928,615.0000000000022,324.9999999999974,535.0000000000028,867.4999999999877,740.0000000000026,671.6666666666639,559.1666666666646,1016.6666666666522,895.0000000000085,804.4444444444385,676.111111111117,954.9999999999865,805.0000000000028,802.0833333333271,607.5000000000022,925,773,742,546,1.7518750000002739,1.8362499999996347,1.127187500000369,1.1661458333334378,4.94468750000253,5.645624999998876,4.421666666668375,4.068229166666988,10.82906250000554,12.080937499997596,9.804583333337273,8.78635416666751,19.28875000000987,20.689687499995884,17.641979166673845,15.02937500000155,28.920625000014795,29.883124999994056,27.181875000011065,22.222291666669154,
c4af5dff-a038-40c0-8eab-be2e9a653245,01/27/2026,1:42 AM,ForceFrame-3057,Bar + Frame,Hip AD/AB,Squeeze,Hip AD/AB - 60,3,3,254.25,269.25,5.571030640668528,0.87,1.00,235.75,254.83333333333334,7.488554610856768,0.89,1.08,1569.0375000001216,1684.171250000521,6.836225829194264,,,,,1500.000000000032,1817.647058823569,1372.5490196083667,1598.0392156861665,1.665,1.4874999999999998,1.9125000000000005,1.8350000000000006,1199.999999999983,1149.9999999999836,458.33333333332786,471.6666666666602,782.4999999999889,1024.9999999999854,693.33333333333,838.3333333333263,699.9999999999983,833.3333333333313,642.7777777777811,700.5555555555524,753.7499999999993,747.499999999996,595.8333333333344,624.9999999999994,657,612,499.3333333333333,504,1.1800000000006037,0.9468750000004844,0.44885416666686545,0.3740625000001813,4.682187500002396,5.161875000002641,2.7793750000006816,3.206250000001264,8.845937500004526,11.00187500000563,6.957812500001109,7.995520833336201,13.221562499999719,17.88187500000915,12.44625000000139,13.770208333338067,21.094062499999552,25.536875000013065,18.538958333334843,20.138541666673333,
0530676d-7e30-4462-8040-5f6609e81874,01/27/2026,1:41 AM,ForceFrame-3451,Bar + Frame,Hip AD/AB,Pull,Hip AD/AB - 60,3,3,412.75,391.25,-5.208964264082372,0.93,1.02,410.1666666666667,385.9166666666667,-5.912230800487606,0.90,1.02,3701.612812502447,3424.5890624986287,-7.483866196598199,,,,,6164.705882358546,6711.764705888458,3629.4117647058015,4017.6470588271836,0.7725000000000009,0.4624999999999986,0.9600000000000009,0.7324999999999982,84.99999999999275,5745.0000000003265,63.33333333333136,2646.6666666668148,2229.999999999968,2277.5000000001296,1027.4999999999852,1358.33333333341,1400.0000000000132,1653.333333333349,979.4444444444466,1290.0000000000068,1266.249999999982,1587.5000000000339,962.0833333333334,1253.3333333333505,1280,1396,1007.6666666666666,1139,0.02531250000001295,4.1787499999961994,0.01562500000001051,1.9893749999981996,3.568125000006896,14.126562499987152,1.6926041666692144,8.525208333325589,15.041875000029071,24.928124999977328,7.5909375000104715,16.637916666653222,25.63218750004954,39.080624999964456,15.48885416668368,27.91874999997941,40.49187500007826,55.509999999949514,26.89468750002597,41.13260416663828,
0530676d-7e30-4462-8040-5f6609e81874,01/27/2026,1:41 AM,ForceFrame-3451,Bar + Frame,Hip AD/AB,Squeeze,Hip AD/AB - 60,3,3,383.75,399.5,3.94242803504381,0.93,1.02,367.9166666666667,394,6.6201353637901805,0.90,1.02,3233.271874999037,3459.500624997617,6.539346990253414,,,,,3764.705882356369,3358.823529405271,2935.2941176493728,2454.901960781466,1.1624999999999996,1.3200000000000003,1.8508333333333333,1.9624999999999975,3025.000000000172,1080.0000000000614,1850.000000000048,540.000000000024,2379.9999999999663,1685.0000000000957,1800.833333333312,742.500000000034,1893.3333333333512,1595.000000000015,1566.666666666663,967.7777777777846,1553.749999999978,1608.7500000000343,1328.7499999999955,1105.8333333333446,1297,1288,1167.3333333333333,1057,3.5121874999968057,0.6149999999994407,1.8504166666658886,0.48999999999968646,12.971562499988202,7.501249999993178,8.81968749999785,3.5434374999972356,25.99437499997636,17.83343749998378,19.46833333332917,8.848958333326468,41.26218749996247,31.762187499971112,32.19177083332651,18.183541666652722,57.171562499948,48.07187499995628,46.16416666665691,30.512187499976985,
df79741a-0c54-486b-8a9c-644933bb2932,01/27/2026,1:40 AM,ForceFrame-3057,Bar + Frame,Hip AD/AB,Pull,Hip AD/AB - 60,3,3,477.5,468.75,-1.832460732984298,1.09,1.10,474.6666666666667,462.5,-2.56320224719101,1.08,1.09,2983.6815625004547,2909.9743750007506,-2.4703436327144224,,,,,6888.23529411657,7800.000000001552,5590.196078430604,5754.901960786546,0.7000000000000002,0.6274999999999995,0.7475000000000002,0.7083333333333327,104.99999999999851,5570.00000000002,66.66666666666599,1913.3333333333392,2777.499999999985,1485.0000000000052,1612.4999999999975,816.6666666666752,986.6666666666644,2251.6666666666747,789.4444444444463,1461.1111111111168,1668.7499999999984,1793.7499999999984,1196.2499999999975,1269.1666666666672,1371,1575,1314,1448.6666666666667,0.02062500000001055,4.915624999999022,0.013750000000003518,1.6616666666663524,2.4809375000003877,14.87749999999704,1.548229166666661,7.0641666666667575,13.101250000002048,27.720312499994485,8.361354166667498,14.399791666667468,23.999687500003752,44.69718749999111,16.48781250000172,26.23645833333617,41.14218750000643,63.94781249998728,30.873750000003295,41.90625000000629,
df79741a-0c54-486b-8a9c-644933bb2932,01/27/2026,1:40 AM,ForceFrame-3057,Bar + Frame,Hip AD/AB,Squeeze,Hip AD/AB - 60,3,3,519,513.75,-1.0115606936416222,1.09,1.10,511.4166666666667,502.5833333333333,-1.727228287436866,1.08,1.09,3521.02531249864,3465.7915625005644,-1.56868369568407,,,,,6594.11764705545,6252.941176467392,5711.764705881629,5350.980392154994,1.2400000000000002,1.1150000000000002,1.3416666666666661,1.3583333333333336,2539.999999999964,1064.9999999999943,1169.999999999986,434.999999999997,2474.9999999999977,2719.9999999999977,2146.666666666683,2279.999999999991,2341.666666666668,2416.666666666661,2173.3333333333394,1966.6666666666551,1923.7500000000068,1863.7499999999984,1891.2500000000055,1772.4999999999934,1692,1566,1643.6666666666667,1542.3333333333333,2.009687499999957,2.8584375000004467,1.0539583333330087,0.9855208333334766,12.036874999989053,14.00250000000219,10.135208333329047,8.89875000000137,26.404687499999437,32.029375000005004,24.019791666657365,22.07145833333681,46.928124999999,52.568437500008216,42.57218749998385,39.32583333333954,68.39281249999854,73.93125000001156,62.73677083330972,58.695729166675925,
81ddf3f9-a4cd-4885-97de-f8a7f387c208,01/27/2026,1:39 AM,ForceFrame-3451,Bar + Frame,Hip AD/AB,Pull,Hip AD/AB - 60,3,3,460,434,-5.6521739130434785,1.05,1.07,451.9166666666667,429.0833333333333,-5.052553936935289,1.00,1.03,4053.5290625020325,3863.06031250033,-4.698837656393562,,,,,1870.5882352958229,1770.5882352906883,1745.0980392165468,1686.274509803777,1.2575000000000003,1.1925000000000026,1.8308333333333344,1.2275000000000003,785.0000000000447,194.99999999998337,288.33333333334605,91.66666666666265,1147.4999999999836,479.9999999999932,532.4999999999924,179.1666666666646,1311.666666666679,796.6666666666365,736.1111111111068,277.7777777777678,1288.7499999999816,1013.7499999999856,882.4999999999897,399.5833333333283,1250,1067,944.6666666666666,546.6666666666666,1.285312499998831,1.0812499999990166,1.1278125000005088,0.6430208333329887,5.567812499994936,2.2306249999979713,3.586354166667334,1.611145833333237,14.036562499987234,5.618750000010859,8.459270833334616,3.6091666666687074,26.02656249997633,13.73218750002654,16.536041666670588,7.159062500006499,40.841249999962855,25.585312500049447,27.715416666675065,13.017708333345732,
81ddf3f9-a4cd-4885-97de-f8a7f387c208,01/27/2026,1:39 AM,ForceFrame-3451,Bar + Frame,Hip AD/AB,Squeeze,Hip AD/AB - 60,3,3,482.75,464.5,-3.780424650440184,1.05,1.07,451.75,440.5833333333333,-2.4718686589190186,1.00,1.03,3940.0593749992804,3784.729062497536,-3.9423343081415596,,,,,1017.6470588244559,1005.8823529420916,896.0784313731289,898.0392156868702,1.7025000000000006,1.884999999999998,2.1533333333333324,2.604999999999999,289.9999999999959,359.9999999999949,255.0000000000028,223.33333333333357,580.000000000033,607.5000000000022,453.3333333333435,410.00000000000085,715.0000000000068,589.9999999999986,554.4444444444445,486.66666666666896,693.7500000000148,625.0000000000023,582.0833333333352,517.4999999999983,684,661,590,541.6666666666666,2.11187499999958,1.3684374999987554,1.9278124999996622,1.0022916666659136,5.520937499998902,3.4003124999969074,5.021041666665602,3.106249999997923,10.736249999997863,7.23874999999856,9.913124999997537,6.722083333328935,18.138437499983503,13.004374999997413,16.571145833328945,11.969791666658859,27.58749999997491,20.580312499995905,24.904999999993194,18.706145833321195,
ce96297b-aef4-4201-ab7d-1371d7297d30,01/27/2026,1:38 AM,ForceFrame-3057,Bar + Frame,Hip AD/AB,Pull,Hip AD/AB - 60,3,3,266.5,273.25,2.470265324794141,0.95,0.80,243.83333333333334,253.75,3.9080459770114873,0.93,0.76,1654.5059375002306,1723.6146875002328,4.009524315450741,,,,,4405.882352942053,2658.8235294113488,3519.6078431374867,1978.4313725487134,0.7525000000000013,0.6500000000000021,1.1050000000000002,1.073333333333334,714.9999999999899,700.0000000000149,266.66666666666356,273.33333333333775,614.9999999999967,689.9999999999964,405.83333333332956,453.33333333333115,769.9999999999891,586.6666666666653,458.3333333333292,498.88888888888624,911.2499999999992,816.2499999999993,766.2500000000014,592.9166666666675,798,764,700.6666666666666,549.3333333333334,2.535312500001297,0.28937499999994243,0.8543750000004321,0.10604166666664949,4.858125000002485,3.436875000000537,3.06364583333438,2.400833333333697,9.096875000004655,7.380625000001154,5.743437500001971,5.467083333334103,15.924687500008147,13.29781250000208,12.37114583333644,10.441145833334497,24.842500000003884,22.380625000003498,20.814375000004542,17.066875000001975,
ce96297b-aef4-4201-ab7d-1371d7297d30,01/27/2026,1:38 AM,ForceFrame-3057,Bar + Frame,Hip AD/AB,Squeeze,Hip AD/AB - 60,3,3,253,217.25,-14.130434782608692,0.95,0.80,227.25,192.16666666666666,-15.438210487715443,0.93,0.76,1629.6353125001312,1390.0912500000923,-14.699243484883661,,,,,2747.05882353191,3176.4705882336675,1827.4509803930687,2237.2549019603457,1.4749999999999996,0.8000000000000007,1.5258333333333332,1.2841666666666665,2314.9999999999673,2689.999999999962,1058.3333333333283,931.6666666666542,1217.4999999999827,1345.0000000000286,851.6666666666624,854.1666666666775,1040.0000000000098,896.6666666666752,585.5555555555585,594.4444444444488,656.2500000000024,587.500000000002,474.16666666666805,545.0000000000016,584,554,433.3333333333333,517,4.495624999999105,2.1587500000011044,2.118020833333349,0.7276041666670335,11.332499999997745,8.166875000004179,6.257916666667097,3.4811458333346867,18.319687499996355,15.295000000007825,12.08645833333452,7.971041666669035,25.170624999994992,21.330000000010912,17.7783333333353,12.794583333336405,32.40312499999355,27.368125000014,23.906666666669295,18.72968750000364,
a16341de-4e4c-47a3-bf9c-73beadb84889,01/27/2026,1:36 AM,ForceFrame-3057,Bar + Frame,Hip AD/AB,Pull,Hip AD/AB - 60,3,3,381,338.75,-11.089238845144356,1.08,1.25,355.25,312.3333333333333,-12.080694346704203,1.04,1.24,2346.1065625003407,2061.767812500018,-12.119600812048859,,,,,1935.2941176467582,1911.7647058827283,1592.1568627455556,1552.9411764705528,0.8700000000000001,0.6499999999999995,1.3683333333333332,1.2266666666666668,365.0000000000078,1029.9999999999854,175.0000000000023,564.9999999999993,615.0000000000022,969.9999999999862,334.1666666666658,623.3333333333298,799.9999999999981,1041.666666666652,616.1111111111071,796.1111111111062,892.5000000000032,1057.5000000000039,837.4999999999967,927.0833333333354,919,911,905.6666666666666,900,1.5090624999996998,1.3106249999997392,0.6061458333332811,0.8221875000000489,4.593749999999086,4.513750000002309,1.9813541666665782,3.3127083333337435,10.24999999999796,11.032812500005644,5.633645833333554,8.236770833334306,18.85062499999625,20.50312500001049,12.646666666667793,16.39697916666826,30.164999999994,31.774062500016257,23.063645833335983,27.139166666668796,
a16341de-4e4c-47a3-bf9c-73beadb84889,01/27/2026,1:36 AM,ForceFrame-3057,Bar + Frame,Hip AD/AB,Squeeze,Hip AD/AB - 60,3,3,411,425,3.294117647058825,1.08,1.25,368.25,388.5833333333333,5.232682822217449,1.04,1.24,2517.7837500002847,2676.1637500002007,5.9181729817506135,,,,,2447.0588235294636,2317.6470588235798,1825.4901960786501,1768.627450980607,1.3775000000000013,0.7225000000000001,1.6358333333333341,1.4091666666666667,250.00000000000534,724.9999999999993,113.33333333333485,424.9999999999994,457.50000000000165,1180.0000000000016,304.16666666666566,777.4999999999981,711.6666666666671,1100.0000000000007,638.3333333333352,927.2222222222211,803.7500000000002,1087.5000000000002,756.2499999999997,963.7499999999997,833,1035,789.6666666666666,948.3333333333334,0.2181249999999566,1.4096874999997195,0.0856249999999903,1.0092708333334046,1.4903124999997035,5.381249999999885,0.8030208333333725,4.292812500000311,5.2590624999989535,12.639374999999731,4.095729166666849,10.480104166667433,11.15124999999778,22.46937499999952,10.078645833334093,19.53677083333471,19.638437499996094,34.13468749999927,18.87052083333499,30.888854166668892,
dbb4aa40-74a4-42c0-bc11-3a8a85dc7d1a,01/27/2026,1:36 AM,ForceFrame-3451,Bar + Frame,Hip AD/AB,Pull,Hip AD/AB - 60,3,3,423.25,466.25,9.222520107238608,1.26,1.27,419.5833333333333,453.5,7.478868063212063,1.23,1.30,3338.2040624985775,3575.289687497633,6.631228396068611,,,,,7552.941176472091,6029.411764707089,6315.686274508705,4788.235294120576,1.1449999999999996,1.240000000000002,1.8616666666666657,1.4741666666666688,5144.999999999927,4624.9999999999345,3160.000000000058,2456.666666666697,2602.499999999963,2860.00000000001,2305.0000000000177,2255.833333333318,2201.6666666666615,2256.6666666666615,2049.4444444444553,1979.4444444444543,1782.4999999999905,1906.2500000000068,1724.1666666666877,1740.8333333333403,1488,1581,1436.6666666666667,1508,4.722187500002416,5.547812499998896,1.8625000000005432,2.196666666665983,17.0109375000087,18.50499999999632,12.447291666663403,11.235104166660832,32.19031250001647,34.48312499999314,26.05885416665821,24.244687499986117,49.6556250000254,52.97781249998946,42.51020833331819,40.72458333330884,67.88125000003473,72.17718749998564,60.235416666644035,58.9206249999635,
dbb4aa40-74a4-42c0-bc11-3a8a85dc7d1a,01/27/2026,1:36 AM,ForceFrame-3451,Bar + Frame,Hip AD/AB,Squeeze,Hip AD/AB - 60,3,3,533.5,591.25,9.76744186046512,1.26,1.27,517.8333333333334,588.75,12.04529370134465,1.23,1.30,4122.330937497352,4646.391874996971,11.27887943157958,,,,,5429.411764710816,5452.941176467796,4733.333333335812,4384.313725490169,0.8725000000000023,1.947499999999998,0.9491666666666667,2.2649999999999992,2955.000000000168,3135.0000000001783,1711.6666666667406,1120.0000000000612,2682.5000000000573,2032.5000000000434,2495.000000000011,1958.3333333333405,2511.6666666666906,2223.3333333333544,2361.111111111129,2027.2222222222379,2013.7499999999714,2041.249999999971,1966.6666666666588,1909.1666666666588,1792,1805,1721.3333333333333,1718.3333333333333,3.3428124999969597,2.317812499997892,1.3678124999988661,0.7995833333326218,11.892499999989184,10.044062499990865,10.81312499999261,6.851458333328247,26.952812499975487,23.679374999978464,26.54916666664864,18.83968749998638,46.32437499995787,42.183437499961634,45.27541666663587,36.25895833330758,67.50281249993861,63.8790624999419,65.91729166662171,56.73677083329344,
244d461e-64e6-4e31-9161-07efb9485361,01/27/2026,1:34 AM,ForceFrame-3057,Bar + Frame,Hip AD/AB,Pull,Hip AD/AB - 60,3,3,419,445.25,5.8955642897248755,1.26,1.10,370.0833333333333,394.3333333333333,6.149619611158075,1.42,1.20,2340.036562500335,2462.28500000037,4.964837031457225,,,,,9929.411764704331,11276.470588237537,8256.862745096763,9247.058823533232,0.054999999999999716,0.04999999999999982,0.8449999999999994,1.0041666666666673,8250.00000000003,8825.000000000031,2821.6666666666765,5281.666666666643,2500.000000000009,2405.0000000000086,1571.6666666666595,1554.1666666666717,1804.9999999999957,1648.3333333333294,1588.3333333333412,1498.8888888888805,1479.9999999999986,1650.000000000006,1278.7500000000025,1439.9999999999964,1354,1295,1269.6666666666667,1254.6666666666667,1.958125000000306,3.4834375000005444,0.658854166666771,1.7794791666667251,16.37375000000256,18.090625000002827,6.568541666668082,10.199479166666803,27.69343750000433,29.30218750000458,16.95718750000312,20.735208333334935,42.068750000006574,43.78062500000684,28.937812500005027,33.91375000000319,57.985000000009066,59.55187500000931,43.41906250000744,48.97562500000518,
244d461e-64e6-4e31-9161-07efb9485361,01/27/2026,1:34 AM,ForceFrame-3057,Bar + Frame,Hip AD/AB,Squeeze,Hip AD/AB - 60,3,3,529.75,488.25,-7.833883907503536,1.26,1.10,525.4166666666666,474,-9.785884218873909,1.42,1.20,3569.056562500485,3242.470312499555,-9.150492413942679,,,,,7135.294117647207,6464.70588235308,6211.764705881741,6001.960784313215,0.8450000000000002,0.9375,0.9241666666666674,1.3375000000000004,3809.999999999946,3239.999999999954,3768.3333333332907,1124.9999999999848,2814.9999999999977,3000.0000000000105,2359.1666666666592,2212.5000000000114,2263.333333333328,2214.9999999999945,2089.444444444432,1767.7777777777803,2027.4999999999982,1823.7500000000064,1939.5833333333205,1567.0833333333376,1811,1654,1713,1467,6.190937500000968,6.087499999998789,4.0878125000010135,2.031770833332929,17.97812500000281,17.64812499999649,14.132812500002409,10.70218749999841,33.57718750000525,33.82906249999327,28.502187500004357,22.735416666663415,52.121875000008146,51.698437499989716,46.269479166673584,37.980312499994625,73.44406250001148,71.19749999998584,66.55510416667647,55.28822916665888,
8720d9d1-c213-400a-bd49-d989bc14b14d,01/27/2026,1:33 AM,ForceFrame-3451,Bar + Frame,Hip AD/AB,Pull,Hip AD/AB - 60,3,3,477.25,509.75,6.375674350171656,0.73,0.81,456.5833333333333,492.3333333333333,7.261340555179419,0.73,0.79,3673.4934374984746,4007.5824999982615,8.3364238290773,,,,,8323.529411772277,8076.470588242644,5527.45098039451,6064.705882351819,1.4149999999999991,1.1749999999999972,1.5591666666666661,1.3183333333333291,4834.999999999931,6055.000000000344,1633.3333333333114,4831.666666666824,3209.9999999997262,3245.0000000001846,2096.6666666665665,3039.1666666667697,2260.0000000000214,2588.3333333334804,1442.7777777777683,2342.2222222222667,1741.2500000000061,1876.2500000001066,1353.3333333333333,1777.5000000000498,1375,1605,1237.6666666666667,1550.3333333333333,7.2246875000036965,5.499062499994999,2.41458333333456,3.732812499998355,19.875312500010168,17.968124999983658,7.871041666668923,17.821145833325556,35.54937500001819,34.409062499968705,19.04947916666618,33.558124999985246,53.04156250002713,53.9884374999509,31.370833333329927,51.62437499997745,70.39468750003601,73.35343749993328,45.97781249999153,70.10072916663592,
8720d9d1-c213-400a-bd49-d989bc14b14d,01/27/2026,1:33 AM,ForceFrame-3451,Bar + Frame,Hip AD/AB,Squeeze,Hip AD/AB - 60,3,3,347.5,410.75,15.398660986001222,0.73,0.81,335.3333333333333,391.25,14.291799787007465,0.73,0.79,2908.1553125026985,3446.0646874990334,15.609381244283039,,,,,3647.058823527546,5005.8823529457295,2505.8823529412425,3211.7647058848106,0.942499999999999,0.9274999999999984,2.3608333333333333,2.3675000000000006,2849.9999999999595,1134.9999999999839,1158.3333333333082,428.3333333333256,1492.4999999999789,1544.999999999978,1104.1666666666524,1023.3333333333215,1229.9999999999534,1198.3333333333446,977.7777777777568,1090.5555555555638,1143.7499999999839,1113.7500000000039,999.5833333333227,1024.5833333333296,1065,1236,938.6666666666666,1027,1.72000000000088,0.3496875000001789,0.8701041666673218,0.19697916666667026,9.26593750000474,8.813750000004509,5.380312500005012,3.98895833333413,17.080312500008738,16.264062500008322,12.122708333345505,10.498437499999502,26.85781250001374,25.97656250001329,20.986979166687334,19.7596874999977,39.72843750002033,40.006875000020464,32.01208333336387,31.75260416666265,
fdf84293-add6-4bbf-a0df-e46427a4eb99,01/27/2026,1:32 AM,ForceFrame-3057,Bar + Frame,Hip AD/AB,Pull,Hip AD/AB - 60,3,3,281,274.75,-2.2241992882562234,0.98,0.89,274.8333333333333,270.75,-1.4857489387507528,0.94,0.85,1744.1100000002523,1749.52906249925,0.3097440685698727,,,,,6570.588235295425,6035.294117643971,5147.05882352942,4639.21568627271,0.47250000000000014,0.3974999999999973,0.8158333333333333,0.7583333333333323,2595.0000000000555,1535.0000000000873,1515.0000000000098,568.3333333333628,1212.5000000000043,1437.500000000005,742.4999999999967,822.5000000000088,1248.3333333333155,1221.666666666671,1114.999999999997,932.2222222222287,1115.0000000000039,1016.2500000000036,925.8333333333358,889.1666666666698,907,906,794.6666666666666,749.3333333333334,7.227187499998562,1.8796874999982904,3.330104166666658,0.6598958333327568,13.42156249999733,7.014687499998605,6.831354166666977,4.254479166664476,20.44718749999593,13.389062499997337,13.374479166668038,8.832916666662296,30.672187499993896,20.119062499995998,22.371250000002807,16.159166666658827,41.33749999999178,30.582499999972185,31.868958333337684,25.33458333332105,
fdf84293-add6-4bbf-a0df-e46427a4eb99,01/27/2026,1:32 AM,ForceFrame-3057,Bar + Frame,Hip AD/AB,Squeeze,Hip AD/AB - 60,3,3,276.5,244.75,-11.482820976491858,0.98,0.89,259.1666666666667,229.75,-11.350482315112542,0.94,0.85,1655.3353125001722,1433.2915625001524,-13.41382306794695,,,,,3135.294117645454,2170.5882352930057,1647.0588235289522,1327.4509803918627,0.4075000000000024,0.35249999999999915,0.6633333333333344,0.5041666666666663,514.9999999999927,550.0000000000117,306.6666666666634,380.00000000000176,989.9999999999859,757.5000000000027,661.6666666666624,605.8333333333311,663.3333333333239,654.9999999999984,527.7777777777738,529.9999999999972,828.750000000003,615.0000000000022,623.7499999999998,522.0833333333312,857,720,619.3333333333334,538.3333333333334,3.0228124999999357,3.2487499999993537,1.1349999999999587,1.9229166666664648,7.532187499999839,8.685937499998271,4.619791666667047,6.048229166666691,13.12281249999972,15.5890624999969,8.954791666667562,11.081250000000091,19.58187499999958,23.87437499999525,15.01843750000169,17.452812500000423,26.75906249999943,33.37999999999336,22.97229166666946,24.918229166667572,
73c3f58b-b017-4f98-acc6-30cc0b36b4b9,01/27/2026,1:30 AM,ForceFrame-3057,Bar + Frame,Hip AD/AB,Pull,Hip AD/AB - 60,3,3,338,351.75,3.9090262970859935,1.09,1.14,331.9166666666667,343.5,3.372149442018435,1.03,1.11,2027.2581250001,2104.5675000001,3.6734091446340544,,,,,2505.882352940785,3847.058823527442,1715.6862745095777,3001.9607843126173,0.9975000000000023,1.0950000000000024,1.7575000000000003,1.8000000000000005,2120.0000000000077,1505.0000000000055,994.9999999999985,551.6666666666678,662.4999999999906,1070.0000000000039,522.499999999998,575.0000000000017,759.9999999999982,1134.9999999999839,592.2222222222184,798.3333333333286,797.5000000000028,796.2500000000028,629.1666666666689,716.2499999999992,783,736,669.6666666666666,680.6666666666666,2.7631249999994503,4.159062499999172,1.893229166666843,1.4136458333330644,6.770312500003463,11.537499999997705,5.366354166667203,5.0208333333323525,13.216874999997371,20.034062499996015,10.190208333334347,9.288229166665117,21.792187499995663,29.74156249999408,17.010625000001685,15.976770833331608,32.31093750001653,40.91718749999186,25.780312500002523,24.77124999999801,
73c3f58b-b017-4f98-acc6-30cc0b36b4b9,01/27/2026,1:30 AM,ForceFrame-3057,Bar + Frame,Hip AD/AB,Squeeze,Hip AD/AB - 60,3,3,368.5,399.5,7.759699624530658,1.09,1.14,341.25,380.4166666666667,10.295728368017532,1.03,1.11,2064.6596875002347,2311.005937499672,10.65969783989239,,,,,1752.9411764696915,2400.0000000004775,1496.0784313723204,1625.490196078674,0.7300000000000004,1.7524999999999995,1.5625000000000002,1.914166666666666,1144.9999999999836,1765.0000000000375,619.9999999999928,888.3333333333429,692.4999999999901,787.5000000000028,674.9999999999973,547.5000000000017,823.3333333333326,793.3333333333409,693.3333333333321,596.6666666666684,742.4999999999993,820.000000000003,679.9999999999992,677.9166666666686,702,777,670,704,1.7259375000001165,1.6359374999996745,0.8379166666668095,1.0190624999998448,5.129062500000346,4.890312499999027,3.7647916666671595,3.4688541666661172,11.348750000000766,10.056249999997998,8.393125000001179,7.3741666666654595,19.609375000001325,17.23937499999657,14.926458333335438,13.254479166664517,29.02750000000196,26.58156249999471,22.939375000003178,21.377083333329967,
1ca9de9b-dac2-4f0f-bdd5-8c5714a68cc0,01/27/2026,1:28 AM,ForceFrame-3057,Bar + Frame,Hip AD/AB,Pull,Hip AD/AB - 60,3,3,375,390.5,3.969270166453265,1.09,1.14,364.25,366.5833333333333,0.6365082973402991,1.08,1.16,2349.163437500345,2378.567499999298,1.2362088735746068,,,,,3017.647058824131,5441.176470593185,2927.450980392054,4164.705882354635,1.0825000000000005,0.9749999999999996,1.317500000000001,1.2791666666666661,2549.9999999999636,4684.999999999934,1249.9999999999886,1629.999999999978,1412.500000000005,1210.0000000000257,1251.666666666664,800.8333333333434,923.3333333333311,904.9999999999978,761.666666666662,788.3333333333348,930.0000000000033,1018.7499999999991,743.3333333333313,839.1666666666662,811,873,744.3333333333334,746,4.407499999999123,1.263437499998851,1.5331249999997196,0.47937499999961625,11.91406249999763,9.113749999991711,7.24854166666691,4.858437499997508,18.5924999999963,15.057187499986306,13.367187500001142,8.88156249999599,26.18687499999479,22.62968749997942,19.78937500000195,16.15041666666041,36.13031249999281,31.736562499971136,28.409479166669666,25.147499999991037,
1ca9de9b-dac2-4f0f-bdd5-8c5714a68cc0,01/27/2026,1:28 AM,ForceFrame-3057,Bar + Frame,Hip AD/AB,Squeeze,Hip AD/AB - 60,3,3,407,445.25,8.5906793935991,1.09,1.14,392.4166666666667,425.5,7.77516647081864,1.08,1.16,2238.7681250007813,2458.683125000861,8.944422230091265,,,,,4417.647058823619,3958.8235294118526,3056.86274509913,2735.2941176463646,0.32250000000000023,0.3174999999999999,0.9791666666666669,0.8200000000000006,2649.9999999999623,2640.0000000000095,1561.666666666649,1154.9999999999993,2349.9999999999977,2487.4999999999977,1514.9999999999889,1522.4999999999945,1666.6666666666677,1641.6666666666677,1201.6666666666604,1161.6666666666613,1454.9999999999986,1637.5000000000023,1156.666666666659,1254.9999999999939,1484,1613,1104.6666666666667,1263,2.140000000001095,2.022499999999957,1.2601041666671278,0.9234375000001132,10.541874999999775,12.424062499999735,7.655416666668711,6.831979166667954,22.88499999999951,24.992187499999467,15.97177083333744,15.094062500003282,36.674999999999216,39.813124999999154,26.434166666673676,25.85000000000615,53.66874999999886,58.54781249999875,39.477500000010664,40.257604166676856,
a3eff9b3-1369-4738-afb3-530948180241,01/27/2026,1:26 AM,ForceFrame-3057,Bar + Frame,Hip AD/AB,Pull,Hip AD/AB - 60,3,3,437.5,434.25,-0.7428571428571451,0.94,0.98,429.6666666666667,428.3333333333333,-0.3103180760279378,0.94,0.98,2927.125937498724,2877.213125001135,-1.7051815864212672,,,,,4076.4705882361045,4694.1176470597575,3313.725490195757,4078.43137255066,0.8399999999999999,0.6500000000000021,1.0649999999999995,0.9033333333333342,2700.0000000000095,3354.9999999999523,933.333333333338,1146.6666666666506,1560.0000000000055,1832.4999999999739,1064.1666666666713,626.6666666666578,1798.3333333333292,2044.9999999999952,1243.333333333338,1314.4444444444377,1693.7499999999984,1829.9999999999902,1467.5000000000027,1271.249999999991,1544,1559,1411,1352,5.368124999998932,2.07218750000106,1.9829166666661386,0.7212500000003638,12.36437499999754,10.431562500005336,6.2209374999984695,3.559791666668474,22.732187499995476,22.53968750001153,13.472083333329714,11.088541666671595,38.422187499992354,40.06125000002049,26.131041666658614,22.5201041666766,56.3009374999888,59.40593750003039,42.4076041666523,37.609375000016264,
a3eff9b3-1369-4738-afb3-530948180241,01/27/2026,1:26 AM,ForceFrame-3057,Bar + Frame,Hip AD/AB,Squeeze,Hip AD/AB - 60,3,3,412.25,423.75,2.7138643067846635,0.94,0.98,404.4166666666667,420.75,3.8819568231332924,0.94,0.98,2625.5131250002505,2716.3731250002534,3.3449013010682926,,,,,5047.058823529522,4464.705882350655,4260.7843137260425,3660.7843137242867,0.40000000000000036,0.3525000000000009,0.8300000000000005,0.6575000000000006,944.9999999999866,2254.999999999988,428.33333333332786,1184.99999999999,1787.5000000000064,1947.4999999999982,1728.333333333337,1719.1666666666697,1881.6666666666622,1941.6666666666679,1747.7777777777737,1812.7777777777753,1648.750000000006,1662.4999999999986,1565.8333333333321,1621.6666666666652,1558,1526.999999999989,1455.9999999999964,1474.666666666663,0.849687499999831,1.260312499999973,0.3057291666666138,0.8086458333333525,7.256249999998556,9.632812499999794,6.677916666667206,7.565312500000972,19.961562499996027,21.814687499999536,17.716250000001434,18.867812500002103,35.50531249999294,37.5287499999992,32.26104166666943,33.9777083333369,53.99999999998926,54.78749999999883,49.34791666667104,51.61979166667199,
888bc2d4-4923-415f-bbd5-3568e2bc0f51,01/27/2026,1:23 AM,ForceFrame-3057,Bar + Frame,Hip AD/AB,Pull,Hip AD/AB - 60,3,3,488.25,486.25,-0.4096262160778297,1.29,1.31,467.1666666666667,475.9166666666667,1.8385571703729675,1.26,1.24,3029.5812499991102,3080.4715625004583,1.6520299398589344,,,,,10023.529411759579,10852.941176472748,9478.43137254621,10331.372549024118,0.5324999999999989,0.3949999999999996,0.6533333333333333,0.665,7249.999999999897,4074.9999999999422,2463.3333333332985,1378.333333333314,4055.0000000000146,3502.5000000000123,3573.3333333333558,2344.9999999999877,2361.6666666666893,2229.9999999999945,2181.666666666671,2104.999999999987,2026.2500000000073,2241.249999999988,1914.1666666666706,1981.666666666665,1805,1671,1720.3333333333333,1652.3333333333333,5.301874999995178,0.6384375000003266,1.7845833333317236,0.24531250000010918,22.29687499997972,18.247187500009336,12.58249999999363,11.498750000002042,37.928437499965504,34.543125000017675,29.052812499988544,26.95572916667109,57.365937499947826,53.77531250002751,46.0993749999825,45.0618750000073,77.5156249999295,74.73812500003824,66.66343749997618,65.05010416667699,
888bc2d4-4923-415f-bbd5-3568e2bc0f51,01/27/2026,1:23 AM,ForceFrame-3057,Bar + Frame,Hip AD/AB,Squeeze,Hip AD/AB - 60,3,3,632.25,637.25,0.7846214201647661,1.29,1.31,586.5833333333334,589.8333333333334,0.5510031082226585,1.26,1.24,4022.353750000386,4082.0978125014167,1.4635627377194371,,,,,14888.235294120608,15005.882352944169,10217.64705882282,9933.333333337474,0.0600000000000005,0.1700000000000017,1.1325,1.134166666666668,7149.999999999898,625.0000000000023,4306.666666666669,218.33333333333394,4237.5000000000155,3702.4999999999472,3584.9999999999854,1984.9999999999818,3316.666666666659,2494.9999999999645,2856.666666666674,1632.7777777777662,2518.750000000009,2160.0000000000077,2287.916666666672,1968.75,2077,1939,1927.6666666666667,1861.6666666666667,9.268750000004742,0.6140624999999869,3.733750000001475,0.21302083333333321,26.474062500013545,7.958437500004072,19.920208333336145,5.118333333334644,48.85999999999028,24.00156250001228,39.647916666671385,14.88718750000396,73.74218749998533,44.521250000022775,61.86281250000695,34.315104166677465,99.9903124999801,67.40718750003448,85.90239583334278,56.32739583335185,
66ccd6ec-cb42-481d-90cf-2ca609a9eef8,01/27/2026,1:21 AM,ForceFrame-3057,Bar + Frame,Hip AD/AB,Pull,Hip AD/AB - 60,3,3,411.25,399,-2.9787234042553234,1.09,1.11,407,396.5,-2.5798525798525818,1.08,1.10,2689.4818750007144,2651.5012500000958,-1.4121911492937067,,,,,10111.764705891548,11217.64705881779,9031.3725490238,8905.882352940293,0.1374999999999993,1.0350000000000001,0.9683333333333334,1.4533333333333325,6294.999999999911,105.00000000000037,3604.999999999976,68.33333333333346,1957.500000000007,1505.0000000000055,1291.66666666666,515.8333333333352,2033.3333333333405,1303.3333333333303,1800.5555555555484,767.77777777778,1643.7499999999986,1556.2500000000055,1444.5833333333314,842.9166666666682,1405,1906,1350.6666666666667,1511.3333333333333,6.83593749999864,0.06906249999998626,3.0592708333332794,0.05885416666666902,17.562812499996507,8.605624999998287,9.99104166666762,2.9384374999994445,29.394374999994152,16.43562499999673,20.00218750000327,8.841458333331607,45.319687499990984,29.071562499994215,34.39281250000686,16.34781249999679,62.68531249998753,44.61218749999112,50.29437500001089,26.68499999999519,
66ccd6ec-cb42-481d-90cf-2ca609a9eef8,01/27/2026,1:21 AM,ForceFrame-3057,Bar + Frame,Hip AD/AB,Squeeze,Hip AD/AB - 60,3,3,448.5,442.25,-1.3935340022296572,1.09,1.11,441.25,435.8333333333333,-1.22757318224741,1.08,1.10,2735.5775000002673,2571.7721874990984,-5.987960951614523,,,,,5764.705882354089,4752.941176471537,4019.6078431368937,3380.392156862518,1.6374999999999993,1.6974999999999998,1.6558333333333335,2.0341666666666662,4869.999999999931,4060.0000000000864,3011.666666666626,2625.0000000000787,1325.0000000000048,1152.500000000004,1119.9999999999961,1085.000000000008,1411.6666666666633,1421.6666666666633,1277.222222222215,1247.2222222222244,1417.500000000005,1363.7500000000048,1184.5833333333364,1120.8333333333358,1169,1053,1050.3333333333333,942.9999999999997,3.2237499999993586,2.889374999999425,1.893645833333511,1.632604166666087,10.846874999997842,9.925312499998025,7.627291666667407,7.462291666663995,19.972812499996028,18.29843749999636,15.380312500001523,14.973437499994867,32.81249999999347,30.56906249999392,26.285937500002465,25.397291666657992,46.669062499990716,43.27031249999139,38.48072916667015,36.71302083332094,
a29eddec-b5b1-400f-8bfc-94182622870c,09/24/2025,6:34 AM,ForceFrame-3057,Bar + Frame,Hip AD/AB,Pull,Hip AD/AB - 60,3,3,343.25,317.5,-7.501820830298611,1.02,1.06,331.75,307.8333333333333,-7.209243908565687,1.02,1.02,2633.2450000000003,2454.845,-6.774910803970025,,,,,,,,,,,,,,,,,,,,,,,,,,,,,,,,,,,,,,,,,,,,,,,,,,,,,
a29eddec-b5b1-400f-8bfc-94182622870c,09/24/2025,6:34 AM,ForceFrame-3057,Bar + Frame,Hip AD/AB,Squeeze,Hip AD/AB - 60,3,3,350,335.75,-4.07142857142857,1.02,1.06,338.9166666666667,315,-7.0567986230636865,1.02,1.02,3272.715,3066.66,-6.296148610557295,,,,,,,,,,,,,,,,,,,,,,,,,,,,,,,,,,,,,,,,,,,,,,,,,,,,,
41d77c54-30d6-487d-9328-741ed16ca4a0,09/24/2025,5:46 AM,ForceFrame-3057,Bar + Frame,Hip AD/AB,Pull,Hip AD/AB - 60,3,3,249.5,257.75,3.200775945683798,1.32,1.31,231.41666666666669,251.16666666666669,7.863304578633046,1.39,1.33,2030.92,2195.3999999999996,7.492028787464678,,,,,,,,,,,,,,,,,,,,,,,,,,,,,,,,,,,,,,,,,,,,,,,,,,,,,
41d77c54-30d6-487d-9328-741ed16ca4a0,09/24/2025,5:46 AM,ForceFrame-3057,Bar + Frame,Hip AD/AB,Squeeze,Hip AD/AB - 60,3,3,329.75,338,2.440828402366868,1.32,1.31,321.5,333.91666666666663,3.718492637883697,1.39,1.33,2884.5249999999996,2923.9299999999985,1.3476724818993202,,,,,,,,,,,,,,,,,,,,,,,,,,,,,,,,,,,,,,,,,,,,,,,,,,,,,
41d77c54-30d6-487d-9328-741ed16ca4a0,09/13/2025,8:23 AM,ForceFrame-3057,Bar + Frame,Hip AD/AB,Pull,Hip AD/AB - 45,3,3,292.25,308.75,5.344129554655874,1.13,1.07,278.0833333333333,299.66666666666663,7.202447163515013,1.13,1.08,2371.7299999999996,2536.3500000000004,6.490429160013433,,,,,,,,,,,,,,,,,,,,,,,,,,,,,,,,,,,,,,,,,,,,,,,,,,,,,
41d77c54-30d6-487d-9328-741ed16ca4a0,09/13/2025,8:23 AM,ForceFrame-3057,Bar + Frame,Hip AD/AB,Squeeze,Hip AD/AB - 45,3,3,330.25,329.25,-0.3028009084027228,1.13,1.07,314.41666666666663,322.41666666666663,2.481261307831484,1.13,1.08,2754.460000000001,2837.1499999999996,2.914544525315854,,,,,,,,,,,,,,,,,,,,,,,,,,,,,,,,,,,,,,,,,,,,,,,,,,,,,
a29eddec-b5b1-400f-8bfc-94182622870c,08/28/2025,6:02 AM,ForceFrame-3057,Bar + Frame,Hip AD/AB,Pull,Hip AD/AB - 60,3,3,321.25,309.75,-3.579766536964979,1.20,1.15,312.6666666666667,299.6666666666667,-4.157782515991471,1.18,1.10,2808.7999999999997,2674.615,-4.777307035032752,,,,,,,,,,,,,,,,,,,,,,,,,,,,,,,,,,,,,,,,,,,,,,,,,,,,,
a29eddec-b5b1-400f-8bfc-94182622870c,08/28/2025,6:02 AM,ForceFrame-3057,Bar + Frame,Hip AD/AB,Squeeze,Hip AD/AB - 60,3,3,384.25,357.5,-6.961613532856214,1.20,1.15,368.8333333333333,330.91666666666663,-10.280162675101678,1.18,1.10,3208.6800000000003,2870.8250000000003,-10.529407731528229,,,,,,,,,,,,,,,,,,,,,,,,,,,,,,,,,,,,,,,,,,,,,,,,,,,,,
41d77c54-30d6-487d-9328-741ed16ca4a0,08/28/2025,6:00 AM,ForceFrame-3057,Bar + Frame,Hip AD/AB,Pull,Hip AD/AB - 60,3,3,252.25,286.25,11.877729257641922,1.23,1.14,243.75,268,9.048507462686572,1.19,1.17,2219.3050000000003,2373.184999999999,6.484113122238632,,,,,,,,,,,,,,,,,,,,,,,,,,,,,,,,,,,,,,,,,,,,,,,,,,,,,
41d77c54-30d6-487d-9328-741ed16ca4a0,08/28/2025,6:00 AM,ForceFrame-3057,Bar + Frame,Hip AD/AB,Squeeze,Hip AD/AB - 60,3,3,309.5,325.25,4.842428900845508,1.23,1.14,289.5833333333333,312.5,7.333333333333336,1.19,1.17,2518.3100000000004,2738.3699999999985,8.036167501104607,,,,,,,,,,,,,,,,,,,,,,,,,,,,,,,,,,,,,,,,,,,,,,,,,,,,,
9fe3a0cf-b703-4522-8a79-4c6452f6abc6,08/28/2025,5:59 AM,ForceFrame-3057,Bar + Frame,Hip AD/AB,Pull,Hip AD/AB - 60,3,3,405.25,410,1.1585365853658547,0.97,0.98,396.66666666666663,406.08333333333326,2.318900061563711,0.97,0.98,3670.359999999999,3768.1050000000005,2.5940094556813342,,,,,,,,,,,,,,,,,,,,,,,,,,,,,,,,,,,,,,,,,,,,,,,,,,,,,
9fe3a0cf-b703-4522-8a79-4c6452f6abc6,08/28/2025,5:59 AM,ForceFrame-3057,Bar + Frame,Hip AD/AB,Squeeze,Hip AD/AB - 60,3,3,392.75,403.75,2.724458204334368,0.97,0.98,384.4166666666667,399,3.654970760233911,0.97,0.98,3655.515,3854.2550000000006,5.15637911866238,,,,,,,,,,,,,,,,,,,,,,,,,,,,,,,,,,,,,,,,,,,,,,,,,,,,,
3a64a8ed-9513-4652-982a-3a3573852f3d,08/17/2025,9:49 AM,ForceFrame-3451,Bar + Frame,Hip AD/AB,Pull,Hip AD/AB - 60,3,3,321,329,2.4316109422492405,1.21,1.13,303.8333333333333,317.25,4.229051746782253,1.19,1.10,2332.7299999999996,2452.984999999999,4.902394429643875,,,,,,,,,,,,,,,,,,,,,,,,,,,,,,,,,,,,,,,,,,,,,,,,,,,,,
3a64a8ed-9513-4652-982a-3a3573852f3d,08/17/2025,9:49 AM,ForceFrame-3451,Bar + Frame,Hip AD/AB,Squeeze,Hip AD/AB - 60,3,3,389.5,370.25,-4.9422336328626475,1.21,1.13,361.75,348,-3.8009675190048386,1.19,1.10,2475.065,2421.6050000000005,-2.1599432742170244,,,,,,,,,,,,,,,,,,,,,,,,,,,,,,,,,,,,,,,,,,,,,,,,,,,,,
df79741a-0c54-486b-8a9c-644933bb2932,08/17/2025,9:48 AM,ForceFrame-3451,Bar + Frame,Hip AD/AB,Pull,Hip AD/AB - 60,3,3,519.75,514.25,-1.0582010582010581,0.99,0.96,482.91666666666663,471.16666666666663,-2.4331320103537557,0.95,0.93,3796.4849999999997,3723.489999999999,-1.92269954971509,,,,,,,,,,,,,,,,,,,,,,,,,,,,,,,,,,,,,,,,,,,,,,,,,,,,,
df79741a-0c54-486b-8a9c-644933bb2932,08/17/2025,9:48 AM,ForceFrame-3451,Bar + Frame,Hip AD/AB,Squeeze,Hip AD/AB - 60,3,3,515.75,495.75,-3.8778477944740652,0.99,0.96,458.66666666666663,437.66666666666663,-4.578488372093026,0.95,0.93,3604.53,3440.284999999999,-4.556627355022746,,,,,,,,,,,,,,,,,,,,,,,,,,,,,,,,,,,,,,,,,,,,,,,,,,,,,
60cf5fd7-297f-45eb-982f-6780b2558107,08/17/2025,9:46 AM,ForceFrame-3451,Bar + Frame,Hip AD/AB,Pull,Hip AD/AB - 60,3,3,444.75,472,5.773305084745761,0.98,0.92,426.08333333333326,451.16666666666663,5.55966014037681,1.01,0.95,3208.6549999999993,3360.7850000000008,4.526621012650356,,,,,,,,,,,,,,,,,,,,,,,,,,,,,,,,,,,,,,,,,,,,,,,,,,,,,
60cf5fd7-297f-45eb-982f-6780b2558107,08/17/2025,9:46 AM,ForceFrame-3451,Bar + Frame,Hip AD/AB,Squeeze,Hip AD/AB - 60,3,3,434.75,435,0.057471264367814356,0.98,0.92,429.58333333333326,428.25,-0.31037827352083935,1.01,0.95,2994.86,3014.3449999999993,0.6464090872146055,,,,,,,,,,,,,,,,,,,,,,,,,,,,,,,,,,,,,,,,,,,,,,,,,,,,,
5e0b77df-1117-457d-b219-40f4f4659759,08/17/2025,9:39 AM,ForceFrame-3451,Bar + Frame,Hip AD/AB,Pull,Hip AD/AB - 60,3,3,497.5,495,-0.5025125628140725,0.95,0.94,487.41666666666663,488.91666666666663,0.30680074995739215,0.77,0.77,3246.6199999999994,3197.62,-1.5092619401100071,,,,,,,,,,,,,,,,,,,,,,,,,,,,,,,,,,,,,,,,,,,,,,,,,,,,,
5e0b77df-1117-457d-b219-40f4f4659759,08/17/2025,9:39 AM,ForceFrame-3451,Bar + Frame,Hip AD/AB,Squeeze,Hip AD/AB - 60,4,4,473,467.25,-1.2156448202959802,0.95,0.94,375.1875,376.4375,0.3320604349991707,0.77,0.77,3008.3250000000003,3070.8350000000005,2.035602694381178,,,,,,,,,,,,,,,,,,,,,,,,,,,,,,,,,,,,,,,,,,,,,,,,,,,,,
ce96297b-aef4-4201-ab7d-1371d7297d30,08/17/2025,9:37 AM,ForceFrame-3451,Bar + Frame,Hip AD/AB,Pull,Hip AD/AB - 60,3,3,292.75,302.75,3.303055326176718,1.13,0.93,269.5,280.66666666666663,3.9786223277909594,1.12,0.94,2390.9750000000013,2520.645,5.144318220138045,,,,,,,,,,,,,,,,,,,,,,,,,,,,,,,,,,,,,,,,,,,,,,,,,,,,,
ce96297b-aef4-4201-ab7d-1371d7297d30,08/17/2025,9:37 AM,ForceFrame-3451,Bar + Frame,Hip AD/AB,Squeeze,Hip AD/AB - 60,3,3,331.25,280.25,-15.396226415094338,1.13,0.93,303.16666666666663,264.0833333333333,-12.89169873556899,1.12,0.94,2859.3099999999995,2501.7800000000007,-12.504065666192155,,,,,,,,,,,,,,,,,,,,,,,,,,,,,,,,,,,,,,,,,,,,,,,,,,,,,
b51cd86a-9d38-40a3-8fb6-1e3893857e88,08/17/2025,9:34 AM,ForceFrame-3451,Bar + Frame,Hip AD/AB,Pull,Hip AD/AB - 60,3,3,286.5,284,-0.8726003490401424,1.05,1.05,259,264.75,2.171860245514634,1.06,1.02,2304.0750000000003,2370.7200000000003,2.8111712897347596,,,,,,,,,,,,,,,,,,,,,,,,,,,,,,,,,,,,,,,,,,,,,,,,,,,,,
b51cd86a-9d38-40a3-8fb6-1e3893857e88,08/17/2025,9:34 AM,ForceFrame-3451,Bar + Frame,Hip AD/AB,Squeeze,Hip AD/AB - 60,3,3,299.75,297,-0.917431192660545,1.05,1.05,273.66666666666663,270.16666666666663,-1.2789281364189997,1.06,1.02,2279.94,2245.4400000000005,-1.513197715729342,,,,,,,,,,,,,,,,,,,,,,,,,,,,,,,,,,,,,,,,,,,,,,,,,,,,,
fd50323c-e3cd-4256-9832-ce6a132b76a1,08/17/2025,9:32 AM,ForceFrame-3451,Bar + Frame,Hip AD/AB,Pull,Hip AD/AB - 60,3,3,478.5,548.25,12.722298221614226,0.94,0.85,471.83333333333326,527.9166666666666,10.623520126282571,0.94,0.86,3791.4249999999997,4198.455000000002,9.694756761713574,,,,,,,,,,,,,,,,,,,,,,,,,,,,,,,,,,,,,,,,,,,,,,,,,,,,,
fd50323c-e3cd-4256-9832-ce6a132b76a1,08/17/2025,9:32 AM,ForceFrame-3451,Bar + Frame,Hip AD/AB,Squeeze,Hip AD/AB - 60,3,3,451,467.75,3.5809727418492754,0.94,0.85,444.66666666666663,453.75,2.0018365472911026,0.94,0.86,3257.675,3264.600000000002,0.21212399681437288,,,,,,,,,,,,,,,,,,,,,,,,,,,,,,,,,,,,,,,,,,,,,,,,,,,,,
ea32ada1-3719-4cab-a88b-0b56811dfa1f,08/17/2025,9:31 AM,ForceFrame-3451,Bar + Frame,Hip AD/AB,Pull,Hip AD/AB - 60,3,3,322.25,333.5,3.3733133433283324,1.29,1.34,315.25,326.91666666666663,3.568697425439704,1.22,1.24,2402.565,2482.7599999999993,3.2300745944029763,,,,,,,,,,,,,,,,,,,,,,,,,,,,,,,,,,,,,,,,,,,,,,,,,,,,,
ea32ada1-3719-4cab-a88b-0b56811dfa1f,08/17/2025,9:31 AM,ForceFrame-3451,Bar + Frame,Hip AD/AB,Squeeze,Hip AD/AB - 60,3,3,415.75,446,6.7825112107623315,1.29,1.34,383.58333333333337,405.16666666666663,5.3270259152611965,1.22,1.24,2417.2549999999997,2495.8250000000003,3.1480572556169095,,,,,,,,,,,,,,,,,,,,,,,,,,,,,,,,,,,,,,,,,,,,,,,,,,,,,
216d3c0e-24d3-47b2-8bf0-1ff559e3b440,08/17/2025,9:30 AM,ForceFrame-3451,Bar + Frame,Hip AD/AB,Pull,Hip AD/AB - 60,3,3,331.25,353.25,6.227883934890299,1.70,1.67,318.0833333333333,342.25,7.061115169223287,1.75,1.68,2679.755,2832.0149999999994,5.3763839527685935,,,,,,,,,,,,,,,,,,,,,,,,,,,,,,,,,,,,,,,,,,,,,,,,,,,,,
216d3c0e-24d3-47b2-8bf0-1ff559e3b440,08/17/2025,9:30 AM,ForceFrame-3451,Bar + Frame,Hip AD/AB,Squeeze,Hip AD/AB - 60,3,3,564.5,589.25,4.2002545608824775,1.70,1.67,555.0833333333334,574.6666666666666,3.407772621809735,1.75,1.68,4030.330000000001,4249.620000000001,5.160226090803411,,,,,,,,,,,,,,,,,,,,,,,,,,,,,,,,,,,,,,,,,,,,,,,,,,,,,
36220e68-d1be-4d98-9059-74de3091b1b1,08/17/2025,9:28 AM,ForceFrame-3451,Bar + Frame,Hip AD/AB,Pull,Hip AD/AB - 60,3,3,421.5,471.75,10.651828298887123,1.37,1.25,412.16666666666663,469.33333333333337,12.18039772727274,1.37,1.24,3472.3100000000004,3774.0600000000004,7.99536838312056,,,,,,,,,,,,,,,,,,,,,,,,,,,,,,,,,,,,,,,,,,,,,,,,,,,,,
36220e68-d1be-4d98-9059-74de3091b1b1,08/17/2025,9:28 AM,ForceFrame-3451,Bar + Frame,Hip AD/AB,Squeeze,Hip AD/AB - 60,3,3,576.25,590,2.330508474576276,1.37,1.25,566.5833333333334,582.25,2.6907113210247524,1.37,1.24,4129.359999999999,4272.9450000000015,3.3603287662256953,,,,,,,,,,,,,,,,,,,,,,,,,,,,,,,,,,,,,,,,,,,,,,,,,,,,,
73c3f58b-b017-4f98-acc6-30cc0b36b4b9,08/17/2025,9:26 AM,ForceFrame-3451,Bar + Frame,Hip AD/AB,Pull,Hip AD/AB - 60,3,3,373.5,373.25,-0.0669344042838027,0.68,0.76,346.8333333333333,362.5,4.321839080459777,0.71,0.77,2822.505,2952.9000000000005,4.4158285075688415,,,,,,,,,,,,,,,,,,,,,,,,,,,,,,,,,,,,,,,,,,,,,,,,,,,,,
73c3f58b-b017-4f98-acc6-30cc0b36b4b9,08/17/2025,9:26 AM,ForceFrame-3451,Bar + Frame,Hip AD/AB,Squeeze,Hip AD/AB - 60,3,3,253.25,284,10.8274647887324,0.68,0.76,245.08333333333331,278.25,11.919736448038343,0.71,0.77,1875.3799999999997,2130.825,11.98807973437519,,,,,,,,,,,,,,,,,,,,,,,,,,,,,,,,,,,,,,,,,,,,,,,,,,,,,
3b64d0cc-84bd-4d01-8932-816eb6e5408b,08/17/2025,9:25 AM,ForceFrame-3451,Bar + Frame,Hip AD/AB,Pull,Hip AD/AB - 60,3,3,430.75,418.5,-2.8438769587928014,1.22,1.34,426.3333333333333,417.3333333333333,-2.111024237685688,1.18,1.28,3446.1049999999977,3396.9750000000013,-1.42566752899278,,,,,,,,,,,,,,,,,,,,,,,,,,,,,,,,,,,,,,,,,,,,,,,,,,,,,
3b64d0cc-84bd-4d01-8932-816eb6e5408b,08/17/2025,9:25 AM,ForceFrame-3451,Bar + Frame,Hip AD/AB,Squeeze,Hip AD/AB - 60,3,3,524.25,561.5,6.634016028495104,1.22,1.34,505.08333333333337,533.4166666666666,5.3116700515544295,1.18,1.28,3863.37,4087.0049999999983,5.471855307248186,,,,,,,,,,,,,,,,,,,,,,,,,,,,,,,,,,,,,,,,,,,,,,,,,,,,,
c4af5dff-a038-40c0-8eab-be2e9a653245,08/17/2025,9:23 AM,ForceFrame-3451,Bar + Frame,Hip AD/AB,Pull,Hip AD/AB - 60,3,3,363.25,326,-10.254645560908472,0.90,1.00,342.8333333333333,300.75,-12.27515799708313,0.95,1.06,2464.1349999999998,2197.1550000000007,-10.834633654406078,,,,,,,,,,,,,,,,,,,,,,,,,,,,,,,,,,,,,,,,,,,,,,,,,,,,,
c4af5dff-a038-40c0-8eab-be2e9a653245,08/17/2025,9:23 AM,ForceFrame-3451,Bar + Frame,Hip AD/AB,Squeeze,Hip AD/AB - 60,3,3,328.25,325.75,-0.7616146230007614,0.90,1.00,324.0833333333333,319.3333333333333,-1.4656724093597306,0.95,1.06,2080.745,2029.6250000000005,-2.4568123436557343,,,,,,,,,,,,,,,,,,,,,,,,,,,,,,,,,,,,,,,,,,,,,,,,,,,,,
52525e58-1f87-453e-b89d-f7fa45a737ba,08/17/2025,9:22 AM,ForceFrame-3451,Bar + Frame,Hip AD/AB,Pull,Hip AD/AB - 60,3,3,399.25,376.5,-5.69818409517846,0.78,0.84,357.08333333333337,339,-5.06417736289383,0.85,0.88,2998.6800000000007,2828,-5.691837741939809,,,,,,,,,,,,,,,,,,,,,,,,,,,,,,,,,,,,,,,,,,,,,,,,,,,,,
52525e58-1f87-453e-b89d-f7fa45a737ba,08/17/2025,9:22 AM,ForceFrame-3451,Bar + Frame,Hip AD/AB,Squeeze,Hip AD/AB - 60,3,3,311.75,316.25,1.4229249011857736,0.78,0.84,303,298.3333333333333,-1.5401540154015514,0.85,0.88,2139.415000000001,2087.4950000000003,-2.4268316338812435,,,,,,,,,,,,,,,,,,,,,,,,,,,,,,,,,,,,,,,,,,,,,,,,,,,,,
fdf84293-add6-4bbf-a0df-e46427a4eb99,08/17/2025,9:21 AM,ForceFrame-3451,Bar + Frame,Hip AD/AB,Pull,Hip AD/AB - 60,3,3,280,286.75,2.3539668700959027,1.04,0.98,264.0833333333333,277.75,4.9204920492049276,1.05,0.98,2021.995,2060.1099999999997,1.8501439243535422,,,,,,,,,,,,,,,,,,,,,,,,,,,,,,,,,,,,,,,,,,,,,,,,,,,,,
fdf84293-add6-4bbf-a0df-e46427a4eb99,08/17/2025,9:21 AM,ForceFrame-3451,Bar + Frame,Hip AD/AB,Squeeze,Hip AD/AB - 60,3,3,290.75,281,-3.353396388650043,1.04,0.98,278.41666666666663,273.3333333333333,-1.825800658485477,1.05,0.98,1859.9249999999997,1784.7599999999993,-4.0412919875801645,,,,,,,,,,,,,,,,,,,,,,,,,,,,,,,,,,,,,,,,,,,,,,,,,,,,,
244d461e-64e6-4e31-9161-07efb9485361,08/17/2025,9:19 AM,ForceFrame-3451,Bar + Frame,Hip AD/AB,Pull,Hip AD/AB - 60,3,3,363.75,431,15.603248259860791,1.42,1.08,357.16666666666663,412.58333333333326,13.431629973742677,1.42,1.11,2860.78,3277.7299999999977,12.72069389486009,,,,,,,,,,,,,,,,,,,,,,,,,,,,,,,,,,,,,,,,,,,,,,,,,,,,,
244d461e-64e6-4e31-9161-07efb9485361,08/17/2025,9:19 AM,ForceFrame-3451,Bar + Frame,Hip AD/AB,Squeeze,Hip AD/AB - 60,3,3,515.5,465.75,-9.650824442289041,1.42,1.08,506.58333333333337,457.8333333333333,-9.62329330481988,1.42,1.11,4053.815000000002,3608.059999999999,-10.995938393834026,,,,,,,,,,,,,,,,,,,,,,,,,,,,,,,,,,,,,,,,,,,,,,,,,,,,,
8720d9d1-c213-400a-bd49-d989bc14b14d,08/17/2025,9:16 AM,ForceFrame-3451,Bar + Frame,Hip AD/AB,Pull,Hip AD/AB - 60,3,3,419.75,464.5,9.634015069967706,0.87,0.82,409.75,447.41666666666663,8.418699944123665,0.88,0.84,3260.0649999999996,3519.534999999999,7.372280713219204,,,,,,,,,,,,,,,,,,,,,,,,,,,,,,,,,,,,,,,,,,,,,,,,,,,,,
8720d9d1-c213-400a-bd49-d989bc14b14d,08/17/2025,9:16 AM,ForceFrame-3451,Bar + Frame,Hip AD/AB,Squeeze,Hip AD/AB - 60,3,3,365,382,4.450261780104714,0.87,0.82,360.0833333333333,374.4166666666667,3.828177164478086,0.88,0.84,2741.325,2883.2499999999995,4.922396601057821,,,,,,,,,,,,,,,,,,,,,,,,,,,,,,,,,,,,,,,,,,,,,,,,,,,,,
dbb4aa40-74a4-42c0-bc11-3a8a85dc7d1a,08/17/2025,9:15 AM,ForceFrame-3451,Bar + Frame,Hip AD/AB,Pull,Hip AD/AB - 60,3,3,379.5,411.25,7.720364741641339,1.34,1.29,371.91666666666663,397.83333333333337,6.51445328864686,1.36,1.30,2299.555,2470.1249999999995,6.905318556753192,,,,,,,,,,,,,,,,,,,,,,,,,,,,,,,,,,,,,,,,,,,,,,,,,,,,,
dbb4aa40-74a4-42c0-bc11-3a8a85dc7d1a,08/17/2025,9:15 AM,ForceFrame-3451,Bar + Frame,Hip AD/AB,Squeeze,Hip AD/AB - 60,3,3,509.25,532.25,4.321277595115081,1.34,1.29,505.83333333333326,516.6666666666666,2.0967741935483897,1.36,1.30,3228.5750000000007,3280.39,1.579537798859254,,,,,,,,,,,,,,,,,,,,,,,,,,,,,,,,,,,,,,,,,,,,,,,,,,,,,
a16341de-4e4c-47a3-bf9c-73beadb84889,08/17/2025,9:13 AM,ForceFrame-3451,Bar + Frame,Hip AD/AB,Pull,Hip AD/AB - 60,3,3,383.25,361.5,-5.675146771037188,0.93,1.11,370,336.75,-8.98648648648649,0.93,1.10,3194.8050000000007,2892.304999999999,-9.468496512306757,,,,,,,,,,,,,,,,,,,,,,,,,,,,,,,,,,,,,,,,,,,,,,,,,,,,,
a16341de-4e4c-47a3-bf9c-73beadb84889,08/17/2025,9:13 AM,ForceFrame-3451,Bar + Frame,Hip AD/AB,Squeeze,Hip AD/AB - 60,3,3,355.25,401.25,11.464174454828658,0.93,1.11,343.1666666666667,371.16666666666663,7.543780871127059,0.93,1.10,2941.775000000002,3181.379999999999,7.531480049538164,,,,,,,,,,,,,,,,,,,,,,,,,,,,,,,,,,,,,,,,,,,,,,,,,,,,,
b680bdf4-68b7-4866-a877-fbc866ff6600,08/17/2025,9:12 AM,ForceFrame-3451,Bar + Frame,Hip AD/AB,Pull,Hip AD/AB - 60,3,3,448.5,445.5,-0.6688963210702337,1.07,1.05,426.5,432.75,1.444251877527436,1.05,1.02,3634.9749999999985,3620.7650000000003,-0.3909242842109806,,,,,,,,,,,,,,,,,,,,,,,,,,,,,,,,,,,,,,,,,,,,,,,,,,,,,
b680bdf4-68b7-4866-a877-fbc866ff6600,08/17/2025,9:12 AM,ForceFrame-3451,Bar + Frame,Hip AD/AB,Squeeze,Hip AD/AB - 60,3,3,481.25,468.75,-2.5974025974025983,1.07,1.05,448.5,443.33333333333326,-1.1519881085098604,1.05,1.02,3797.9399999999987,3811.175,0.34726823092620096,,,,,,,,,,,,,,,,,,,,,,,,,,,,,,,,,,,,,,,,,,,,,,,,,,,,,
db2ade3b-aec7-4930-a714-731303f3ff88,08/17/2025,9:09 AM,ForceFrame-3451,Bar + Frame,Hip AD/AB,Pull,Hip AD/AB - 60,3,3,320.75,340.5,5.800293685756241,1.16,1.09,314.8333333333333,338.5833333333333,7.014521289687425,1.06,0.99,2307.515000000001,2424.875,4.839837105005385,,,,,,,,,,,,,,,,,,,,,,,,,,,,,,,,,,,,,,,,,,,,,,,,,,,,,
db2ade3b-aec7-4930-a714-731303f3ff88,08/17/2025,9:09 AM,ForceFrame-3451,Bar + Frame,Hip AD/AB,Squeeze,Hip AD/AB - 60,3,3,372.5,372.5,0,1.16,1.09,333.91666666666663,334.75,0.24894199651482873,1.06,0.99,2388.425,2377.135000000001,-0.47269644221606955,,,,,,,,,,,,,,,,,,,,,,,,,,,,,,,,,,,,,,,,,,,,,,,,,,,,,
d8df6e8d-921c-49b6-9c5d-53a5b02173f3,08/17/2025,9:07 AM,ForceFrame-3451,Bar + Frame,Hip AD/AB,Pull,Hip AD/AB - 60,4,4,380,379.75,-0.06578947368420796,0.83,0.88,295.625,300.4375,1.6018306636155555,1.01,1.05,1939.98,1968.25,1.436301282865493,,,,,,,,,,,,,,,,,,,,,,,,,,,,,,,,,,,,,,,,,,,,,,,,,,,,,
d8df6e8d-921c-49b6-9c5d-53a5b02173f3,08/17/2025,9:07 AM,ForceFrame-3451,Bar + Frame,Hip AD/AB,Squeeze,Hip AD/AB - 60,3,3,316.5,333.5,5.097451274362818,0.83,0.88,299.4166666666667,316.1666666666667,5.297838692672641,1.01,1.05,1386.6899999999996,1455.1200000000001,4.702704931552071,,,,,,,,,,,,,,,,,,,,,,,,,,,,,,,,,,,,,,,,,,,,,,,,,,,,,
29c053b7-322e-4e20-8773-83b2e6fae05f,08/17/2025,8:28 AM,ForceFrame-3451,Bar + Frame,Hip AD/AB,Pull,Hip AD/AB - 60,3,3,285.5,296.5,3.7099494097807773,1.18,1.11,279.5,282.4166666666667,1.0327530244910066,1.20,1.16,2063.1549999999993,2110.370000000001,2.237285404929068,,,,,,,,,,,,,,,,,,,,,,,,,,,,,,,,,,,,,,,,,,,,,,,,,,,,,
29c053b7-322e-4e20-8773-83b2e6fae05f,08/17/2025,8:28 AM,ForceFrame-3451,Bar + Frame,Hip AD/AB,Squeeze,Hip AD/AB - 60,3,3,338.25,330.5,-2.291204730229124,1.18,1.11,335.25,326.4166666666667,-2.6348496147153844,1.20,1.16,2376.6000000000004,2310.89,-2.764874190019373,,,,,,,,,,,,,,,,,,,,,,,,,,,,,,,,,,,,,,,,,,,,,,,,,,,,,
bdfb9b9d-6ac1-4b34-88c0-eadd54d63a2d,08/17/2025,8:25 AM,ForceFrame-3451,Bar + Frame,Hip AD/AB,Pull,Hip AD/AB - 60,3,3,270,260,-3.703703703703709,0.82,0.84,260.3333333333333,250.25,-3.873239436619713,0.82,0.84,2384.104999999999,2312.635,-2.9977706518798053,,,,,,,,,,,,,,,,,,,,,,,,,,,,,,,,,,,,,,,,,,,,,,,,,,,,,
bdfb9b9d-6ac1-4b34-88c0-eadd54d63a2d,08/17/2025,8:25 AM,ForceFrame-3451,Bar + Frame,Hip AD/AB,Squeeze,Hip AD/AB - 60,3,3,220.25,217.25,-1.362088535754824,0.82,0.84,214.75,209.08333333333331,-2.6387272021730745,0.82,0.84,1622.3100000000004,1572.6749999999993,-3.059526231114962,,,,,,,,,,,,,,,,,,,,,,,,,,,,,,,,,,,,,,,,,,,,,,,,,,,,,
5fd8792f-7d52-4132-9444-5e58d7578023,08/17/2025,8:24 AM,ForceFrame-3451,Bar + Frame,Hip AD/AB,Pull,Hip AD/AB - 60,3,3,326.5,296.25,-9.26493108728943,1.23,1.24,320.66666666666663,295.5,-7.848232848232839,1.23,1.23,2824.3549999999996,2571.6899999999996,-8.945936328825521,,,,,,,,,,,,,,,,,,,,,,,,,,,,,,,,,,,,,,,,,,,,,,,,,,,,,
5fd8792f-7d52-4132-9444-5e58d7578023,08/17/2025,8:24 AM,ForceFrame-3451,Bar + Frame,Hip AD/AB,Squeeze,Hip AD/AB - 60,3,3,400.5,368.25,-8.052434456928836,1.23,1.24,393.16666666666663,363.0833333333333,-7.651547265790581,1.23,1.23,3288.09,2920.2000000000007,-11.188562356869781,,,,,,,,,,,,,,,,,,,,,,,,,,,,,,,,,,,,,,,,,,,,,,,,,,,,,
9a1b030b-629b-4dd0-b77e-6543ac15dc67,08/17/2025,8:22 AM,ForceFrame-3451,Bar + Frame,Hip AD/AB,Pull,Hip AD/AB - 60,3,3,265.5,305.25,13.022113022113025,1.32,1.14,258.0833333333333,301.0833333333333,14.281760309991698,1.34,1.13,1950.9450000000006,2246.0149999999994,13.137490177046852,,,,,,,,,,,,,,,,,,,,,,,,,,,,,,,,,,,,,,,,,,,,,,,,,,,,,
9a1b030b-629b-4dd0-b77e-6543ac15dc67,08/17/2025,8:22 AM,ForceFrame-3451,Bar + Frame,Hip AD/AB,Squeeze,Hip AD/AB - 60,3,3,349.5,346.75,-0.7868383404864066,1.32,1.14,344.5833333333333,339,-1.6203143893591232,1.34,1.13,2652.0649999999996,2611.75,-1.5201361957568715,,,,,,,,,,,,,,,,,,,,,,,,,,,,,,,,,,,,,,,,,,,,,,,,,,,,,
cdef4326-dae2-4775-b842-4fd3fe5f34a5,08/17/2025,8:21 AM,ForceFrame-3451,Bar + Frame,Hip AD/AB,Pull,Hip AD/AB - 60,3,3,374.5,386.5,3.1047865459249646,0.84,0.87,364.0833333333333,375.25,2.9757939151676682,0.85,0.85,2766.9849999999997,2779.8,0.4610043888049642,,,,,,,,,,,,,,,,,,,,,,,,,,,,,,,,,,,,,,,,,,,,,,,,,,,,,
cdef4326-dae2-4775-b842-4fd3fe5f34a5,08/17/2025,8:21 AM,ForceFrame-3451,Bar + Frame,Hip AD/AB,Squeeze,Hip AD/AB - 60,3,3,315.25,335.5,6.0357675111773474,0.84,0.87,310.1666666666667,319.4166666666667,2.8959039916514495,0.85,0.85,2037.1199999999997,2192.1750000000006,7.073112319956254,,,,,,,,,,,,,,,,,,,,,,,,,,,,,,,,,,,,,,,,,,,,,,,,,,,,,
dd1bb780-41f7-4d52-8f83-3088c584ca70,08/17/2025,8:20 AM,ForceFrame-3451,Bar + Frame,Hip AD/AB,Pull,Hip AD/AB - 60,3,3,338.5,340.75,0.6603081438004366,1.01,0.97,334.16666666666663,334.41666666666663,0.07475703962123159,0.97,0.97,2774.5299999999997,2779.5500000000006,0.18060477415412501,,,,,,,,,,,,,,,,,,,,,,,,,,,,,,,,,,,,,,,,,,,,,,,,,,,,,
dd1bb780-41f7-4d52-8f83-3088c584ca70,08/17/2025,8:20 AM,ForceFrame-3451,Bar + Frame,Hip AD/AB,Squeeze,Hip AD/AB - 60,3,3,340.75,331.5,-2.7146001467351466,1.01,0.97,324,325.5,0.4608294930875556,0.97,0.97,2719.8999999999996,2797.025,2.7573940168572175,,,,,,,,,,,,,,,,,,,,,,,,,,,,,,,,,,,,,,,,,,,,,,,,,,,,,
4d7548fb-1fdb-4d4f-9ba6-1620af9f1d2f,08/17/2025,8:18 AM,ForceFrame-3451,Bar + Frame,Hip AD/AB,Pull,Hip AD/AB - 60,3,3,338.25,359.5,5.910987482614738,1.10,1.04,322.75,352.8333333333333,8.526216343882853,1.14,1.05,2716.3499999999995,3030.745,10.37352202181313,,,,,,,,,,,,,,,,,,,,,,,,,,,,,,,,,,,,,,,,,,,,,,,,,,,,,
4d7548fb-1fdb-4d4f-9ba6-1620af9f1d2f,08/17/2025,8:18 AM,ForceFrame-3451,Bar + Frame,Hip AD/AB,Squeeze,Hip AD/AB - 60,3,3,372.75,375.25,0.6662225183211246,1.10,1.04,367,369.91666666666663,0.7884658706915904,1.14,1.05,2958.43,2907.8100000000004,-1.7110426814222257,,,,,,,,,,,,,,,,,,,,,,,,,,,,,,,,,,,,,,,,,,,,,,,,,,,,,
22254221-cc7b-4ece-831b-7753a96090d1,08/17/2025,8:16 AM,ForceFrame-3451,Bar + Frame,Hip AD/AB,Pull,Hip AD/AB - 60,3,3,279.75,293,4.5221843003412925,1.11,0.99,262.25,283.3333333333333,7.441176470588228,1.02,0.97,2126.9649999999997,2268.49,6.238731490991811,,,,,,,,,,,,,,,,,,,,,,,,,,,,,,,,,,,,,,,,,,,,,,,,,,,,,
22254221-cc7b-4ece-831b-7753a96090d1,08/17/2025,8:16 AM,ForceFrame-3451,Bar + Frame,Hip AD/AB,Squeeze,Hip AD/AB - 60,3,3,310,289.75,-6.532258064516128,1.11,0.99,267.75,274.0833333333333,2.3107327455153426,1.02,0.97,2001.074999999999,2041.8200000000015,1.99552360149291,,,,,,,,,,,,,,,,,,,,,,,,,,,,,,,,,,,,,,,,,,,,,,,,,,,,,
fb19e221-2d5c-489c-8784-96a2a0323b94,08/17/2025,8:15 AM,ForceFrame-3451,Bar + Frame,Hip AD/AB,Pull,Hip AD/AB - 60,3,3,334,328,-1.7964071856287456,0.90,0.81,324.16666666666663,321,-0.9768637532133528,0.83,0.75,2162.935,2126.315,-1.693069833351435,,,,,,,,,,,,,,,,,,,,,,,,,,,,,,,,,,,,,,,,,,,,,,,,,,,,,
fb19e221-2d5c-489c-8784-96a2a0323b94,08/17/2025,8:15 AM,ForceFrame-3451,Bar + Frame,Hip AD/AB,Squeeze,Hip AD/AB - 60,3,3,301.75,267.25,-11.433305716652853,0.90,0.81,268.16666666666663,242.08333333333331,-9.726538222498437,0.83,0.75,1573.32,1423.1100000000001,-9.547326672259926,,,,,,,,,,,,,,,,,,,,,,,,,,,,,,,,,,,,,,,,,,,,,,,,,,,,,
f3293177-dfe2-45e1-8f9e-d774d61c92ec,08/17/2025,8:13 AM,ForceFrame-3451,Bar + Frame,Hip AD/AB,Pull,Hip AD/AB - 60,3,3,260.25,264.5,1.6068052930056753,0.99,0.93,252.33333333333331,253.66666666666669,0.5256241787122362,0.98,0.85,1985.9049999999993,2050.8599999999988,3.167207903026026,,,,,,,,,,,,,,,,,,,,,,,,,,,,,,,,,,,,,,,,,,,,,,,,,,,,,
f3293177-dfe2-45e1-8f9e-d774d61c92ec,08/17/2025,8:13 AM,ForceFrame-3451,Bar + Frame,Hip AD/AB,Squeeze,Hip AD/AB - 60,3,3,258,246.5,-4.457364341085269,0.99,0.93,247.33333333333331,216.75,-12.365229110512121,0.98,0.85,1897.365,1656.5700000000002,-12.691021495600474,,,,,,,,,,,,,,,,,,,,,,,,,,,,,,,,,,,,,,,,,,,,,,,,,,,,,
a29eddec-b5b1-400f-8bfc-94182622870c,08/17/2025,8:11 AM,ForceFrame-3451,Bar + Frame,Hip AD/AB,Pull,Hip AD/AB - 60,3,3,275.25,270.5,-1.725703905540421,1.23,1.15,267.41666666666663,256.0833333333333,-4.238080398878152,1.16,1.14,2264.875,2148.6400000000003,-5.132071306363473,,,,,,,,,,,,,,,,,,,,,,,,,,,,,,,,,,,,,,,,,,,,,,,,,,,,,
a29eddec-b5b1-400f-8bfc-94182622870c,08/17/2025,8:11 AM,ForceFrame-3451,Bar + Frame,Hip AD/AB,Squeeze,Hip AD/AB - 60,3,3,337.5,310.25,-8.074074074074078,1.23,1.15,311.0833333333333,290.9166666666667,-6.482721671577806,1.16,1.14,2423.5,2281.6750000000015,-5.852073447493233,,,,,,,,,,,,,,,,,,,,,,,,,,,,,,,,,,,,,,,,,,,,,,,,,,,,,
a0df75c5-ae50-43af-9b2a-41855646740c,08/17/2025,8:09 AM,ForceFrame-3451,Bar + Frame,Hip AD/AB,Pull,Hip AD/AB - 60,3,3,263.5,268.75,1.9534883720930263,1.33,1.25,256.75,261.16666666666663,1.6911295469049015,1.35,1.27,1859.7399999999993,1911.2150000000001,2.6933128925840766,,,,,,,,,,,,,,,,,,,,,,,,,,,,,,,,,,,,,,,,,,,,,,,,,,,,,
a0df75c5-ae50-43af-9b2a-41855646740c,08/17/2025,8:09 AM,ForceFrame-3451,Bar + Frame,Hip AD/AB,Squeeze,Hip AD/AB - 60,3,3,350,337,-3.7142857142857144,1.33,1.25,345.6666666666667,332.9166666666667,-3.688524590163933,1.35,1.27,2376.145,2288.9000000000005,-3.6717035366107487,,,,,,,,,,,,,,,,,,,,,,,,,,,,,,,,,,,,,,,,,,,,,,,,,,,,,
87e2d9bf-dadc-4202-b483-2e3fee35834a,08/17/2025,8:07 AM,ForceFrame-3451,Bar + Frame,Hip AD/AB,Pull,Hip AD/AB - 60,3,3,255.5,239.75,-6.164383561643838,0.93,0.95,229.25,216.75,-5.452562704471098,0.97,1.03,1714.925,1566.3049999999996,-8.666268204148885,,,,,,,,,,,,,,,,,,,,,,,,,,,,,,,,,,,,,,,,,,,,,,,,,,,,,
87e2d9bf-dadc-4202-b483-2e3fee35834a,08/17/2025,8:07 AM,ForceFrame-3451,Bar + Frame,Hip AD/AB,Squeeze,Hip AD/AB - 60,3,3,238.75,227.25,-4.816753926701567,0.93,0.95,223.16666666666666,223.5,0.1491424310216316,0.97,1.03,1818.9850000000008,1823.5500000000002,0.25033588330450884,,,,,,,,,,,,,,,,,,,,,,,,,,,,,,,,,,,,,,,,,,,,,,,,,,,,,
cbe72f8c-5ae1-465a-a3f5-45039d13e470,08/17/2025,8:06 AM,ForceFrame-3451,Bar + Frame,Hip AD/AB,Pull,Hip AD/AB - 60,3,3,262.5,295,11.016949152542377,1.20,1.08,251.33333333333331,269.0833333333333,6.596469495199752,1.23,1.14,1723.7199999999996,1869.4449999999997,7.795094265945246,,,,,,,,,,,,,,,,,,,,,,,,,,,,,,,,,,,,,,,,,,,,,,,,,,,,,
cbe72f8c-5ae1-465a-a3f5-45039d13e470,08/17/2025,8:06 AM,ForceFrame-3451,Bar + Frame,Hip AD/AB,Squeeze,Hip AD/AB - 60,3,3,314.5,318,1.1006289308176154,1.20,1.08,308,307.0833333333333,-0.29761904761905766,1.23,1.14,2047.42,2025.875,-1.0522999677643141,,,,,,,,,,,,,,,,,,,,,,,,,,,,,,,,,,,,,,,,,,,,,,,,,,,,,
3f981991-e2dc-4ee4-bb4b-5733733a12e1,08/17/2025,8:04 AM,ForceFrame-3451,Bar + Frame,Hip AD/AB,Pull,Hip AD/AB - 60,3,3,324.5,301,-7.241910631741144,1.04,1.12,309.0833333333333,288.3333333333333,-6.713399838231327,1.05,1.11,2365.205,2169.505,-8.274124230246416,,,,,,,,,,,,,,,,,,,,,,,,,,,,,,,,,,,,,,,,,,,,,,,,,,,,,
3f981991-e2dc-4ee4-bb4b-5733733a12e1,08/17/2025,8:04 AM,ForceFrame-3451,Bar + Frame,Hip AD/AB,Squeeze,Hip AD/AB - 60,3,3,336.75,336.5,-0.07423904974016571,1.04,1.12,324.0833333333333,318.75,-1.6456672666495198,1.05,1.11,2208.4650000000006,2169.03,-1.7856293851159277,,,,,,,,,,,,,,,,,,,,,,,,,,,,,,,,,,,,,,,,,,,,,,,,,,,,,
2c1aac33-30d7-4b1e-be00-0c106fcd235b,08/17/2025,8:03 AM,ForceFrame-3451,Bar + Frame,Hip AD/AB,Pull,Hip AD/AB - 60,3,3,310.25,315,1.5079365079365026,1.18,1.16,303.1666666666667,305.91666666666663,0.8989376191773202,1.15,1.14,2007.0349999999999,2044.32,1.823833842059952,,,,,,,,,,,,,,,,,,,,,,,,,,,,,,,,,,,,,,,,,,,,,,,,,,,,,
2c1aac33-30d7-4b1e-be00-0c106fcd235b,08/17/2025,8:03 AM,ForceFrame-3451,Bar + Frame,Hip AD/AB,Squeeze,Hip AD/AB - 60,3,3,367.5,365,-0.6802721088435382,1.18,1.16,347.66666666666663,350,0.6666666666666821,1.15,1.14,2302.3750000000005,2341.51,1.6713573719522756,,,,,,,,,,,,,,,,,,,,,,,,,,,,,,,,,,,,,,,,,,,,,,,,,,,,,
ab4b4d22-e858-4de3-9113-2e5b9c177500,08/17/2025,8:01 AM,ForceFrame-3451,Bar + Frame,Hip AD/AB,Pull,Hip AD/AB - 60,3,3,310.25,319.25,2.8191072826938113,0.78,0.71,278.5,288.6666666666667,3.5219399538106266,0.85,0.77,2282.915,2381.1200000000003,4.124319647896801,,,,,,,,,,,,,,,,,,,,,,,,,,,,,,,,,,,,,,,,,,,,,,,,,,,,,
ab4b4d22-e858-4de3-9113-2e5b9c177500,08/17/2025,8:01 AM,ForceFrame-3451,Bar + Frame,Hip AD/AB,Squeeze,Hip AD/AB - 60,3,3,241.5,227,-6.004140786749479,0.78,0.71,237.08333333333331,223,-5.940246045694197,0.85,0.77,1712.4850000000006,1601.420000000001,-6.4856042534678915,,,,,,,,,,,,,,,,,,,,,,,,,,,,,,,,,,,,,,,,,,,,,,,,,,,,,
873ca3b5-8585-4c00-ad99-d85539183582,08/17/2025,8:00 AM,ForceFrame-3451,Bar + Frame,Hip AD/AB,Pull,Hip AD/AB - 60,3,3,355.75,379.25,6.1964403427818056,1.13,1.09,344.8333333333333,360.66666666666663,4.390018484288349,1.15,1.11,2800.2700000000013,2985.635,6.208561997698947,,,,,,,,,,,,,,,,,,,,,,,,,,,,,,,,,,,,,,,,,,,,,,,,,,,,,
873ca3b5-8585-4c00-ad99-d85539183582,08/17/2025,8:00 AM,ForceFrame-3451,Bar + Frame,Hip AD/AB,Squeeze,Hip AD/AB - 60,3,3,401.5,413,2.784503631961255,1.13,1.09,395.25,401.5,1.5566625155666203,1.15,1.11,3305.0299999999997,3366.5,1.8259319768305415,,,,,,,,,,,,,,,,,,,,,,,,,,,,,,,,,,,,,,,,,,,,,,,,,,,,,
07d011b6-fe6f-4210-97f8-76db414dee2e,08/17/2025,7:58 AM,ForceFrame-3451,Bar + Frame,Hip AD/AB,Pull,Hip AD/AB - 60,3,3,359.5,368.5,2.4423337856173677,1.06,0.99,355.8333333333333,354.75,-0.30444964871193525,0.97,0.92,2920.085,2884.6250000000005,-1.2143482124663985,,,,,,,,,,,,,,,,,,,,,,,,,,,,,,,,,,,,,,,,,,,,,,,,,,,,,
07d011b6-fe6f-4210-97f8-76db414dee2e,08/17/2025,7:58 AM,ForceFrame-3451,Bar + Frame,Hip AD/AB,Squeeze,Hip AD/AB - 60,3,3,379.5,364.75,-3.886693017127796,1.06,0.99,346.16666666666663,324.91666666666663,-6.138661531054401,0.97,0.92,2446.335000000001,2283.0099999999998,-6.676313750978546,,,,,,,,,,,,,,,,,,,,,,,,,,,,,,,,,,,,,,,,,,,,,,,,,,,,,
6dbf42b5-f353-4cb3-aaba-1918d79b5784,08/17/2025,7:57 AM,ForceFrame-3451,Bar + Frame,Hip AD/AB,Pull,Hip AD/AB - 60,3,3,304,305.75,0.5723630417007408,0.84,0.89,297.41666666666663,299,0.5295429208472813,0.86,0.89,2381.2650000000003,2390.6899999999996,0.39423764687179785,,,,,,,,,,,,,,,,,,,,,,,,,,,,,,,,,,,,,,,,,,,,,,,,,,,,,
6dbf42b5-f353-4cb3-aaba-1918d79b5784,08/17/2025,7:57 AM,ForceFrame-3451,Bar + Frame,Hip AD/AB,Squeeze,Hip AD/AB - 60,3,3,255.75,273.5,6.489945155393051,0.84,0.89,254.41666666666669,267.25,4.801995634549416,0.86,0.89,1849.5199999999995,1957.6950000000006,5.525630907776802,,,,,,,,,,,,,,,,,,,,,,,,,,,,,,,,,,,,,,,,,,,,,,,,,,,,,
8ebb21d1-84ab-4846-a228-fdcf1f9a34b9,08/17/2025,7:55 AM,ForceFrame-3451,Bar + Frame,Hip AD/AB,Pull,Hip AD/AB - 60,3,3,293.5,305.5,3.9279869067103124,1.19,1.15,287.6666666666667,303.6666666666667,5.26893523600439,1.20,1.15,1951.2549999999999,2046.6750000000002,4.662196000830631,,,,,,,,,,,,,,,,,,,,,,,,,,,,,,,,,,,,,,,,,,,,,,,,,,,,,
8ebb21d1-84ab-4846-a228-fdcf1f9a34b9,08/17/2025,7:55 AM,ForceFrame-3451,Bar + Frame,Hip AD/AB,Squeeze,Hip AD/AB - 60,3,3,350.25,350.25,0,1.19,1.15,345.66666666666663,347.75,0.59908938413612,1.20,1.15,2347.0750000000007,2374.95,1.1737089201877549,,,,,,,,,,,,,,,,,,,,,,,,,,,,,,,,,,,,,,,,,,,,,,,,,,,,,
a4203d99-23a3-4d17-83a5-edfbf9a266c0,08/17/2025,7:54 AM,ForceFrame-3451,Bar + Frame,Hip AD/AB,Pull,Hip AD/AB - 60,3,3,301.25,313,3.753993610223638,0.88,0.85,282.0833333333333,290,2.7298850574712707,0.88,0.85,2075.5799999999995,2133.8450000000003,2.7305169775686977,,,,,,,,,,,,,,,,,,,,,,,,,,,,,,,,,,,,,,,,,,,,,,,,,,,,,
a4203d99-23a3-4d17-83a5-edfbf9a266c0,08/17/2025,7:54 AM,ForceFrame-3451,Bar + Frame,Hip AD/AB,Squeeze,Hip AD/AB - 60,3,3,265.25,267,0.6554307116104829,0.88,0.85,248,245.66666666666666,-0.9408602150537626,0.88,0.85,1891.3449999999998,1838.3900000000008,-2.7998593593447585,,,,,,,,,,,,,,,,,,,,,,,,,,,,,,,,,,,,,,,,,,,,,,,,,,,,,
854f037e-3158-45cf-b5ea-9c709641e417,08/17/2025,7:53 AM,ForceFrame-3451,Bar + Frame,Hip AD/AB,Pull,Hip AD/AB - 60,3,3,299.5,327.5,8.549618320610685,1.08,1.00,298.4166666666667,314.66666666666663,5.164194915254217,1.05,1.02,2192.8650000000002,2271.3050000000003,3.453521213575461,,,,,,,,,,,,,,,,,,,,,,,,,,,,,,,,,,,,,,,,,,,,,,,,,,,,,
854f037e-3158-45cf-b5ea-9c709641e417,08/17/2025,7:53 AM,ForceFrame-3451,Bar + Frame,Hip AD/AB,Squeeze,Hip AD/AB - 60,3,3,322.5,327,1.3761467889908285,1.08,1.00,314.0833333333333,321.8333333333333,2.408078715691353,1.05,1.02,2263.5550000000007,2337.7000000000007,3.1717072336056806,,,,,,,,,,,,,,,,,,,,,,,,,,,,,,,,,,,,,,,,,,,,,,,,,,,,,
3913038f-bf0f-4ed9-90d1-89e8c404fc9b,08/17/2025,7:51 AM,ForceFrame-3451,Bar + Frame,Hip AD/AB,Pull,Hip AD/AB - 60,3,3,297.75,304.75,2.2969647251845804,1.34,1.32,275.8333333333333,291.8333333333333,5.482581382067386,1.41,1.35,1794.4300000000007,1880.2299999999998,4.563271514655076,,,,,,,,,,,,,,,,,,,,,,,,,,,,,,,,,,,,,,,,,,,,,,,,,,,,,
3913038f-bf0f-4ed9-90d1-89e8c404fc9b,08/17/2025,7:51 AM,ForceFrame-3451,Bar + Frame,Hip AD/AB,Squeeze,Hip AD/AB - 60,3,3,399,403.75,1.17647058823529,1.34,1.32,389.0833333333333,393.83333333333337,1.2060939483707345,1.41,1.35,2673.8900000000003,2687.37,0.5016056590644191,,,,,,,,,,,,,,,,,,,,,,,,,,,,,,,,,,,,,,,,,,,,,,,,,,,,,
06c71e5c-cd0f-430a-bb03-3baa86430007,08/17/2025,7:50 AM,ForceFrame-3451,Bar + Frame,Hip AD/AB,Pull,Hip AD/AB - 60,3,3,295,292.25,-0.9322033898305104,0.84,0.95,275.91666666666663,272.91666666666663,-1.0872848082150388,0.82,0.90,2010.7049999999995,2025.585,0.7346025962870262,,,,,,,,,,,,,,,,,,,,,,,,,,,,,,,,,,,,,,,,,,,,,,,,,,,,,
06c71e5c-cd0f-430a-bb03-3baa86430007,08/17/2025,7:50 AM,ForceFrame-3451,Bar + Frame,Hip AD/AB,Squeeze,Hip AD/AB - 60,3,3,248.5,277.5,10.450450450450454,0.84,0.95,226,246.75,8.409321175278617,0.82,0.90,1611.1150000000002,1776.7650000000003,9.323123767071062,,,,,,,,,,,,,,,,,,,,,,,,,,,,,,,,,,,,,,,,,,,,,,,,,,,,,
f6ed7c54-46ee-4c06-bd75-0552edd35a86,08/17/2025,7:48 AM,ForceFrame-3451,Bar + Frame,Hip AD/AB,Pull,Hip AD/AB - 60,3,3,294.75,311.75,5.453087409783485,0.90,1.02,290.4166666666667,300.41666666666663,3.328710124826606,0.85,1.05,2438.0299999999997,2531.875,3.706541594667989,,,,,,,,,,,,,,,,,,,,,,,,,,,,,,,,,,,,,,,,,,,,,,,,,,,,,
f6ed7c54-46ee-4c06-bd75-0552edd35a86,08/17/2025,7:48 AM,ForceFrame-3451,Bar + Frame,Hip AD/AB,Squeeze,Hip AD/AB - 60,3,3,265.75,316.5,16.0347551342812,0.90,1.02,247.08333333333331,314.0833333333333,21.331918280711072,0.85,1.05,1852.6399999999994,2347.8649999999993,21.092567076897527,,,,,,,,,,,,,,,,,,,,,,,,,,,,,,,,,,,,,,,,,,,,,,,,,,,,,
