subject_uuid,Date UTC,Time UTC,Device,Test,L Reps,R Reps,L Max Force (N),R Max Force (N),Max Imbalance (%),L Max Torque (Nm),R Max Torque (Nm),L Avg Force (N),R Avg Force (N),Avg Imbalance (%),L Max Impulse (Ns),R Max Impulse (Ns),Impulse Imbalance (%),L Min Time to Peak Force (s),R Min Time to PeakForce (s),L Avg Time to Peak Force (s),R Avg Time to Peak Force (s),L Max Force Per Kg (N/kg),R Max Force Per Kg (N/kg),L Avg Force Per Kg (N/kg),R Avg Force Per Kg (N/kg),L Max RFD 50ms (N/s),L Avg RFD 50ms (N/s),R Max RFD 50ms (N/s),R Avg RFD 50ms (N/s),L Max RFD 100ms (N/s),L Avg RFD 100ms (N/s),R Max RFD 100ms (N/s),R Avg RFD 100ms (N/s),L Max RFD 150ms (N/s),L Avg RFD 150ms (N/s),R Max RFD 150ms (N/s),R Avg RFD 150ms (N/s),L Max RFD 200ms (N/s),L Avg RFD 200ms (N/s),R Max RFD 200ms (N/s),R Avg RFD 200ms (N/s),L Max RFD 250ms (N/s),L Avg RFD 250ms (N/s),R Max RFD 250ms (N/s),R Avg RFD 250ms (N/s),L Max Impulse 50ms (N⋅s),L Avg Impulse 50ms (N⋅s),R Max Impulse 50ms (N⋅s),R Avg Impulse 50ms (N⋅s),L Max Impulse 100ms (N⋅s),L Avg Impulse 100ms (N⋅s),R Max Impulse 100ms (N⋅s),R Avg Impulse 100ms (N⋅s),L Max Impulse 150ms (N⋅s),L Avg Impulse 150ms (N⋅s),R Max Impulse 150ms (N⋅s),R Avg Impulse 150ms (N⋅s),L Max Impulse 200ms (N⋅s),L Avg Impulse 200ms (N⋅s),R Max Impulse 200ms (N⋅s),R Avg Impulse 200ms (N⋅s),L Max Impulse 250ms (N⋅s),L Avg Impulse 250ms (N⋅s),R Max Impulse 250ms (N⋅s),R Avg Impulse 250ms (N⋅s),L Max Torque Per Kg (Nm/kg),R Max Torque Per Kg (Nm/kg),L Avg Torque Per Kg (Nm/kg),R Avg Torque Per Kg (Nm/kg),Notes
d04a8cf7-1b14-4ecc-96a0-7c60b8181f80,08/24/2026,9:46 PM,NordBord-1754,ISO 30,3,3,256.5,308.5,16.855753646677474,93.49425000000001,112.44825000000002,233,281.1666666666667,17.13100177830469,2468.6749999999984,2577.0300000000007,4.204646434073423,,,,,,,,,,,,,,,,,,,,,,,,,,,,,,,,,,,,,,,,,,,,,,,,,,,,,
8f9a1d5c-813d-4196-8a5e-37138d85343d,08/24/2026,9:45 PM,NordBord-1754,ISO 30,3,3,280.75,295.25,4.911092294665542,104.86012500000001,110.27587500000001,274.0833333333333,289.8333333333333,5.434157561817132,3007.8749999999986,2466.209999999999,-18.00822840044881,,,,,,,,,,,,,,,,,,,,,,,,,,,,,,,,,,,,,,,,,,,,,,,,,,,,,
9a1b030b-629b-4dd0-b77e-6543ac15dc67,08/24/2026,9:43 PM,NordBord-1754,ISO 30,3,3,332.25,301,-9.405568096313022,121.10512500000002,109.71450000000002,325.16666666666663,293.3333333333333,-9.7898513582778,3164.8149999999996,2479.7749999999996,-21.645499026009418,,,,,,,,,,,,,,,,,,,,,,,,,,,,,,,,,,,,,,,,,,,,,,,,,,,,,
27695e1e-45aa-49e4-822b-c38be9fdf949,08/24/2026,9:41 PM,NordBord-1754,ISO 30,3,3,282.25,326,13.420245398773002,95.259375,110.025,269.41666666666663,318.6666666666667,15.455020920502104,3379.32,3099.579999999999,-8.277996756743999,,,,,,,,,,,,,,,,,,,,,,,,,,,,,,,,,,,,,,,,,,,,,,,,,,,,,
9c089293-87ee-4369-9900-179d2b44564d,08/24/2026,9:40 PM,NordBord-1754,ISO 30,3,4,292.5,323.25,9.512761020881666,106.61625000000001,117.82462500000001,287,284.5,-0.8710801393728262,3837.2600000000048,3928.575000000001,2.3243797051092696,,,,,,,,,,,,,,,,,,,,,,,,,,,,,,,,,,,,,,,,,,,,,,,,,,,,,
68ba208c-e483-496b-a380-3330f1c8d1f2,08/24/2026,9:38 PM,NordBord-1754,ISO 30,3,3,219.75,248.75,11.65829145728643,82.076625,92.90812500000001,214.75,244.25,12.077789150460594,2105.6700000000005,2281.27,7.697466761935212,,,,,,,,,,,,,,,,,,,,,,,,,,,,,,,,,,,,,,,,,,,,,,,,,,,,,
a29eddec-b5b1-400f-8bfc-94182622870c,08/24/2026,9:37 PM,NordBord-1754,ISO 30,3,3,269,286.5,6.108202443280975,93.20850000000002,99.27225000000001,253.41666666666666,282.5,10.294985250737465,2519.1500000000005,2806.7650000000012,10.247206303342127,,,,,,,,,,,,,,,,,,,,,,,,,,,,,,,,,,,,,,,,,,,,,,,,,,,,,
0953475b-4ec0-4605-bb8c-c08c74308d1f,08/24/2026,9:35 PM,NordBord-1754,ISO 30,3,3,232.75,266.5,12.664165103189495,80.64787500000001,92.34225,221.08333333333331,259.66666666666663,14.858793324775343,1963.9299999999994,2405.425,18.354137002816586,,,,,,,,,,,,,,,,,,,,,,,,,,,,,,,,,,,,,,,,,,,,,,,,,,,,,
8171e469-2cf0-4495-a162-28523f1c37b8,08/24/2026,9:33 PM,NordBord-1754,ISO 30,3,2,198.75,189,-4.9056603773584895,70.655625,67.18950000000001,185,171.75,-7.162162162162167,1665.705,1326.5500000000002,-20.361048324883445,,,,,,,,,,,,,,,,,,,,,,,,,,,,,,,,,,,,,,,,,,,,,,,,,,,,,
11401ea2-9080-404e-b2ca-fdc4003f493f,08/24/2026,9:31 PM,NordBord-1754,ISO 30,3,3,260.25,330.25,21.19606358819076,85.492125,108.487125,256.5,319.8333333333333,19.8019801980198,2499.405,2964.164999999999,15.679289108399807,,,,,,,,,,,,,,,,,,,,,,,,,,,,,,,,,,,,,,,,,,,,,,,,,,,,,
a4203d99-23a3-4d17-83a5-edfbf9a266c0,08/24/2026,9:29 PM,NordBord-1754,ISO 30,3,3,298,322.75,7.668474051123164,108.62100000000001,117.64237500000002,287,314.5833333333333,8.7682119205298,2688.6649999999995,3008.5200000000013,10.63163947721809,,,,,,,,,,,,,,,,,,,,,,,,,,,,,,,,,,,,,,,,,,,,,,,,,,,,,
8ebb21d1-84ab-4846-a228-fdcf1f9a34b9,08/24/2026,9:28 PM,NordBord-1754,ISO 30,3,3,273.5,277.25,1.352569882777277,102.15225000000001,103.55287500000001,270.75,271,0.0922509225092294,2808.0950000000016,2319.7100000000014,-17.392039799223312,,,,,,,,,,,,,,,,,,,,,,,,,,,,,,,,,,,,,,,,,,,,,,,,,,,,,
c3a96b0a-98b0-4c5c-8cf0-e29c80251e93,08/24/2026,9:26 PM,NordBord-1754,ISO 30,3,3,267.75,258,-3.6414565826330514,83.136375,80.109,252.83333333333331,254.5,0.6548788474132317,2485.2500000000005,2492.69,0.29847273427500154,,,,,,,,,,,,,,,,,,,,,,,,,,,,,,,,,,,,,,,,,,,,,,,,,,,,,
4d7548fb-1fdb-4d4f-9ba6-1620af9f1d2f,08/24/2026,9:25 PM,NordBord-1754,ISO 30,3,3,308.75,349.25,11.59627773801002,118.096875,133.588125,301.0833333333333,342.75,12.156576707999033,3150.3700000000017,3498.3549999999977,9.947103710172245,,,,,,,,,,,,,,,,,,,,,,,,,,,,,,,,,,,,,,,,,,,,,,,,,,,,,
cbe72f8c-5ae1-465a-a3f5-45039d13e470,08/24/2026,9:23 PM,NordBord-1754,ISO 30,3,3,219,283.75,22.819383259911895,79.8255,103.42687500000001,213.33333333333331,277.5,23.123123123123136,1813.3199999999995,2502.5499999999993,27.54110806976884,,,,,,,,,,,,,,,,,,,,,,,,,,,,,,,,,,,,,,,,,,,,,,,,,,,,,
06c71e5c-cd0f-430a-bb03-3baa86430007,08/24/2026,9:22 PM,NordBord-1754,ISO 30,3,3,299.25,298.5,-0.25062656641604564,109.076625,108.80325000000002,276.8333333333333,291.8333333333333,5.139920045688173,2126.1499999999996,2306.5500000000006,7.821204829724094,,,,,,,,,,,,,,,,,,,,,,,,,,,,,,,,,,,,,,,,,,,,,,,,,,,,,
41d77c54-30d6-487d-9328-741ed16ca4a0,08/24/2026,9:21 PM,NordBord-1754,ISO 30,3,3,257.75,239.5,-7.080504364694473,98.589375,91.60875,249.33333333333331,234.33333333333331,-6.0160427807486645,2428.8199999999997,2089.2550000000006,-13.98065727390252,,,,,,,,,,,,,,,,,,,,,,,,,,,,,,,,,,,,,,,,,,,,,,,,,,,,,
d20d7d1f-63fb-43ac-a866-7d8623852f18,08/24/2026,9:19 PM,NordBord-1754,ISO 30,3,3,317.25,346,8.309248554913296,101.361375,110.547,312.75,343.5833333333333,8.97404802328401,3135.349999999999,3004.1200000000003,-4.185497631843294,,,,,,,,,,,,,,,,,,,,,,,,,,,,,,,,,,,,,,,,,,,,,,,,,,,,,
87e2d9bf-dadc-4202-b483-2e3fee35834a,08/24/2026,9:18 PM,NordBord-1754,ISO 30,3,3,215,231.75,7.227615965480039,72.5625,78.215625,203.83333333333331,224.83333333333331,9.34025203854707,1775.8899999999999,1910.7449999999992,7.05771832452784,,,,,,,,,,,,,,,,,,,,,,,,,,,,,,,,,,,,,,,,,,,,,,,,,,,,,
6024b985-9db2-4625-855c-a8902b28e287,08/24/2026,9:16 PM,NordBord-1754,ISO 30,3,3,231.25,228.5,-1.1891891891891881,82.20937500000001,81.23175,228.58333333333331,225.66666666666669,-1.2759752096244803,1873.9850000000006,1810.9450000000004,-3.363954353956955,,,,,,,,,,,,,,,,,,,,,,,,,,,,,,,,,,,,,,,,,,,,,,,,,,,,,
a0df75c5-ae50-43af-9b2a-41855646740c,08/24/2026,9:14 PM,NordBord-1754,ISO 30,3,3,289,297.75,2.9387069689336687,97.53750000000001,100.49062500000001,279.4166666666667,296.5,5.761663856098931,2073.015,2135.1900000000005,2.9119188456296907,,,,,,,,,,,,,,,,,,,,,,,,,,,,,,,,,,,,,,,,,,,,,,,,,,,,,
46b26bb3-5149-460f-bec6-57957b9126e7,08/24/2026,9:13 PM,NordBord-1754,ISO 30,3,3,265,263.5,-0.5660377358490565,87.05250000000001,86.55975000000001,245,248.75,1.5075376884422065,2266.2799999999993,2252.0849999999996,-0.6263568491095439,,,,,,,,,,,,,,,,,,,,,,,,,,,,,,,,,,,,,,,,,,,,,,,,,,,,,
854f037e-3158-45cf-b5ea-9c709641e417,08/24/2026,9:11 PM,NordBord-1754,ISO 30,3,3,321.5,304.25,-5.365474339035769,114.29325000000001,108.16087500000002,305.6666666666667,298.1666666666667,-2.4536532170119973,3124.8199999999965,2476.24,-20.75575553151854,,,,,,,,,,,,,,,,,,,,,,,,,,,,,,,,,,,,,,,,,,,,,,,,,,,,,
244d461e-64e6-4e31-9161-07efb9485361,08/24/2026,5:17 PM,NordBord-1754,ISO 30,3,3,401.5,406.75,1.290719114935468,171.64124999999999,173.885625,363.6666666666667,380.5833333333333,4.4449310269323306,3771.9349999999986,3921.8049999999985,3.821454661820256,,,,,,,,,,,,,,,,,,,,,,,,,,,,,,,,,,,,,,,,,,,,,,,,,,,,,
73c3f58b-b017-4f98-acc6-30cc0b36b4b9,08/24/2026,5:15 PM,NordBord-1754,ISO 30,3,3,224.75,250.75,10.368893320039884,98.103375,109.452375,200.74999999999997,231.08333333333331,13.126577713667508,2530.6450000000023,2656.4350000000004,4.73529373013073,,,,,,,,,,,,,,,,,,,,,,,,,,,,,,,,,,,,,,,,,,,,,,,,,,,,,
c2e8e048-67b2-4cca-8bac-7914842464c4,08/24/2026,5:13 PM,NordBord-1754,ISO 30,3,3,331.25,347.75,4.744787922358018,138.62812499999998,145.533375,326.5833333333333,334.75,2.4396315658451684,3349.364999999999,3432.5600000000013,2.4237012608665953,,,,,,,,,,,,,,,,,,,,,,,,,,,,,,,,,,,,,,,,,,,,,,,,,,,,,
8720d9d1-c213-400a-bd49-d989bc14b14d,08/24/2026,5:11 PM,NordBord-1754,ISO 30,3,3,375.5,357.5,-4.793608521970705,147.00825,139.96125,366.4166666666667,347.5833333333333,-5.139868091880839,3477.8250000000016,3113.0200000000004,-10.489458210231994,,,,,,,,,,,,,,,,,,,,,,,,,,,,,,,,,,,,,,,,,,,,,,,,,,,,,
1b9f67e0-f77d-47cf-a1f1-3abaaa17068a,08/24/2026,5:09 PM,NordBord-1754,ISO 30,3,3,485.25,452.25,-6.800618238021638,211.811625,197.407125,476.3333333333333,450.8333333333333,-5.353393981805454,3330.7800000000007,3265.335000000002,-1.9648550789904684,,,,,,,,,,,,,,,,,,,,,,,,,,,,,,,,,,,,,,,,,,,,,,,,,,,,,
a66dbba2-a1b0-4146-a90d-2f54e5eb44a4,08/24/2026,5:07 PM,NordBord-1754,ISO 30,3,3,404.75,424.5,4.652532391048291,176.673375,185.29425,394.33333333333337,420.91666666666663,6.315581073054821,4298.815,4547.105,5.460397329729572,,,,,,,,,,,,,,,,,,,,,,,,,,,,,,,,,,,,,,,,,,,,,,,,,,,,,
a3eff9b3-1369-4738-afb3-530948180241,08/24/2026,5:05 PM,NordBord-1754,ISO 30,3,3,319.5,344.25,7.189542483660127,125.08425000000001,134.773875,309.5833333333333,335.6666666666667,7.770605759682237,3005.135,3165.385,5.062575326540053,,,,,,,,,,,,,,,,,,,,,,,,,,,,,,,,,,,,,,,,,,,,,,,,,,,,,
a1ee8574-ee79-499a-a77b-bf04c62457da,08/24/2026,5:03 PM,NordBord-1754,ISO 30,3,2,219,176.75,-19.292237442922378,91.6515,73.969875,196.41666666666666,165.625,-15.676707679253287,2002.6500000000003,1451.0750000000003,-27.542256510124087,,,,,,,,,,,,,,,,,,,,,,,,,,,,,,,,,,,,,,,,,,,,,,,,,,,,,
a16341de-4e4c-47a3-bf9c-73beadb84889,08/24/2026,5:01 PM,NordBord-1754,ISO 30,3,3,173.5,274.25,36.736554238833186,69.48675,109.837125,162.83333333333334,236.66666666666663,31.19718309859153,1731.9399999999998,2531.9300000000007,31.59605518320019,,,,,,,,,,,,,,,,,,,,,,,,,,,,,,,,,,,,,,,,,,,,,,,,,,,,,
fd50323c-e3cd-4256-9832-ce6a132b76a1,08/24/2026,4:59 PM,NordBord-1754,ISO 30,3,3,339.5,354.5,4.231311706629059,135.96975,141.97725,335.5,347,3.3141210374639796,2881.8049999999994,2967.7049999999995,2.89449254558658,,,,,,,,,,,,,,,,,,,,,,,,,,,,,,,,,,,,,,,,,,,,,,,,,,,,,
b668e746-c85f-4439-9902-3301644fa9d6,08/24/2026,4:58 PM,NordBord-1754,ISO 30,3,3,465.75,443.75,-4.723564143853998,190.724625,181.71562500000002,453.5,436.41666666666663,-3.7669974274163964,4625.094999999999,4206.859999999998,-9.04273317629155,,,,,,,,,,,,,,,,,,,,,,,,,,,,,,,,,,,,,,,,,,,,,,,,,,,,,
66ccd6ec-cb42-481d-90cf-2ca609a9eef8,08/24/2026,4:55 PM,NordBord-1754,ISO 30,3,3,280.5,282.5,0.707964601769917,114.86475000000002,115.68375,270.0833333333333,270.75,0.2462296091105043,2746.8300000000004,2733.6950000000006,-0.47818758350534063,,,,,,,,,,,,,,,,,,,,,,,,,,,,,,,,,,,,,,,,,,,,,,,,,,,,,
5e0b77df-1117-457d-b219-40f4f4659759,08/24/2026,4:54 PM,NordBord-1754,ISO 30,3,3,465,442.75,-4.78494623655914,202.9725,193.260375,435.0833333333333,418.3333333333333,-3.849837195939476,4206.365000000002,3953.9100000000017,-6.001737842531496,,,,,,,,,,,,,,,,,,,,,,,,,,,,,,,,,,,,,,,,,,,,,,,,,,,,,
869a2f96-ea7e-41c1-8225-0592f5dac360,08/24/2026,4:52 PM,NordBord-1754,ISO 30,3,3,256,245.25,-4.19921875,95.61600000000001,91.60087500000002,241.91666666666669,233.25,-3.582500861178095,2201.1549999999997,2418.3950000000013,8.98281711631067,,,,,,,,,,,,,,,,,,,,,,,,,,,,,,,,,,,,,,,,,,,,,,,,,,,,,
df79741a-0c54-486b-8a9c-644933bb2932,08/24/2026,4:50 PM,NordBord-1754,ISO 30,3,3,368,401.25,8.28660436137072,150.696,164.31187500000001,356.5833333333333,391.0833333333333,8.821649264862563,4124.060000000002,4493.745000000005,8.226657275835692,,,,,,,,,,,,,,,,,,,,,,,,,,,,,,,,,,,,,,,,,,,,,,,,,,,,,
c5657db0-19d6-4a18-aebb-eee986114646,08/24/2026,4:49 PM,NordBord-1754,ISO 30,3,3,456.5,560.5,18.554861730597683,166.39425000000003,204.30225000000002,449.0833333333333,544.8333333333334,17.574181706944024,4809.06,5582.760000000004,13.858736538916283,,,,,,,,,,,,,,,,,,,,,,,,,,,,,,,,,,,,,,,,,,,,,,,,,,,,,
ea32ada1-3719-4cab-a88b-0b56811dfa1f,08/24/2026,4:47 PM,NordBord-1754,ISO 30,3,3,319.75,337.75,5.329385640266471,119.42662500000002,126.14962500000001,311.8333333333333,313.41666666666663,0.505184791278912,3908.010000000001,3926.4499999999944,0.4696354213091558,,,,,,,,,,,,,,,,,,,,,,,,,,,,,,,,,,,,,,,,,,,,,,,,,,,,,
bb1135cd-f25d-46a0-af00-fefcaaa08cf2,08/24/2026,4:45 PM,NordBord-1754,ISO 30,3,3,266.75,298.25,10.561609388097237,94.82962500000001,106.02787500000001,263.4166666666667,294.25,10.478617955253466,2591.2050000000004,2914.4949999999994,11.09248772085727,,,,,,,,,,,,,,,,,,,,,,,,,,,,,,,,,,,,,,,,,,,,,,,,,,,,,
dda8709b-f996-4ad8-9824-e08df523ec23,08/24/2026,4:43 PM,NordBord-1754,ISO 30,3,3,270.5,301.75,10.356255178127594,105.90075,118.135125,270.25,290.25,6.890611541774327,2865.5099999999984,2906.81,1.4208014971739291,,,,,,,,,,,,,,,,,,,,,,,,,,,,,,,,,,,,,,,,,,,,,,,,,,,,,
60cf5fd7-297f-45eb-982f-6780b2558107,08/24/2026,4:41 PM,NordBord-1754,ISO 30,3,3,425.75,398.25,-6.459189665296538,182.008125,170.25187499999998,415.83333333333326,384.99999999999994,-7.414829659318634,4616.824999999998,3568.9500000000016,-22.696875016921737,,,,,,,,,,,,,,,,,,,,,,,,,,,,,,,,,,,,,,,,,,,,,,,,,,,,,
fb8a8a70-19ab-453f-af0a-f65950e9633a,08/24/2026,4:39 PM,NordBord-1754,ISO 30,3,3,369.5,379.5,2.6350461133069825,147.98475000000002,151.98975000000002,368.8333333333333,374.25,1.447339122689828,4244.779999999998,4118.185000000003,-2.982368933136581,,,,,,,,,,,,,,,,,,,,,,,,,,,,,,,,,,,,,,,,,,,,,,,,,,,,,
0530676d-7e30-4462-8040-5f6609e81874,08/24/2026,4:37 PM,NordBord-1754,ISO 30,3,3,327,342,4.385964912280704,119.19150000000002,124.65900000000002,314.75,322.8333333333333,2.5038719669592147,3045.5550000000003,3154.2799999999997,3.44690388931862,,,,,,,,,,,,,,,,,,,,,,,,,,,,,,,,,,,,,,,,,,,,,,,,,,,,,
c4af5dff-a038-40c0-8eab-be2e9a653245,08/24/2026,4:36 PM,NordBord-1754,ISO 30,3,3,322.25,312,-3.1807602792862655,120.36037500000002,116.53200000000001,302.5,293.6666666666667,-2.920110192837455,2675.730000000001,2510.325,-6.181677523516981,,,,,,,,,,,,,,,,,,,,,,,,,,,,,,,,,,,,,,,,,,,,,,,,,,,,,
641ba67a-fcc7-455e-85b4-44948d50f8ee,08/24/2026,4:34 PM,NordBord-1754,ISO 30,3,3,323.75,360.5,10.194174757281548,129.661875,144.38025000000002,298,342.8333333333333,13.077297034516278,2242.2399999999993,2914.4249999999984,23.064069241788665,,,,,,,,,,,,,,,,,,,,,,,,,,,,,,,,,,,,,,,,,,,,,,,,,,,,,
01495ae2-46d3-4146-83ef-324c89184396,08/24/2026,4:32 PM,NordBord-1754,ISO 30,3,3,400.75,364.75,-8.983156581409856,153.286875,139.516875,393.08333333333326,343.8333333333333,-12.529149883400459,4523.900000000001,3998.6150000000002,-11.61133093127612,,,,,,,,,,,,,,,,,,,,,,,,,,,,,,,,,,,,,,,,,,,,,,,,,,,,,
b680bdf4-68b7-4866-a877-fbc866ff6600,08/24/2026,4:30 PM,NordBord-1754,ISO 30,3,3,282.75,343.75,17.745454545454542,118.33087499999999,143.859375,263.5833333333333,316.75,16.785056564062096,2537.274999999999,2826.5050000000006,10.232778643589924,,,,,,,,,,,,,,,,,,,,,,,,,,,,,,,,,,,,,,,,,,,,,,,,,,,,,
3b64d0cc-84bd-4d01-8932-816eb6e5408b,08/24/2026,4:28 PM,NordBord-1754,ISO 30,3,3,347,415.5,16.486161251504218,132.7275,158.92875,344.5,409.58333333333337,15.890132248219746,4001.6849999999968,4846.489999999998,17.43127500520999,,,,,,,,,,,,,,,,,,,,,,,,,,,,,,,,,,,,,,,,,,,,,,,,,,,,,
18a1b661-49ee-482f-b4cb-af6185688d3e,08/05/2026,2:56 PM,NordBord-1754,ISO 30,3,3,344.25,339.75,-1.3071895424836555,122.38087500000002,120.78112500000002,300.5833333333333,329,8.637284701114488,3478.529062499645,3737.7756249992854,6.935851386202185,1.0399999999999991,0.3500000000000014,1.562499999999999,1.053333333333333,,,,,1085.0000000000039,728.3333333333476,445.0000000000253,223.33333333334068,1619.999999999977,1342.4999999999854,1457.4999999999793,1228.3333333333228,1285.0000000000123,1175.5555555555618,1385.0000000000132,1311.666666666666,1158.7500000000248,1090.8333333333424,1263.7500000000268,1237.50000000001,993,942,1165,1128,0.9765625000001527,0.848437499999941,0.6796875000003477,0.32645833333335955,6.290312500000983,5.49427083333256,4.012187499996351,3.2445833333326646,15.220312499986157,13.81229166666484,12.915937499988253,11.958645833330886,26.46531249997593,24.304583333330402,24.96843749997729,23.476458333328505,38.819687499964694,35.9985416666626,38.76156249996475,36.928124999992484,,,,,
6024b985-9db2-4625-855c-a8902b28e287,08/05/2026,2:53 PM,NordBord-1754,ISO 30,3,3,263.75,286.5,7.940663176265272,98.51062500000002,107.00775000000002,256.5833333333333,281.8333333333333,8.959195742164406,2705.8149999998823,3113.5599999998044,13.095781035212028,0.6600000000000001,0.9949999999999974,0.739999999999999,1.0458333333333325,,,,,1399.9999999999802,616.6666666666652,1749.9999999999752,1411.6666666666642,1624.9999999999914,1358.333333333319,1954.9999999999895,1670.8333333333155,1294.999999999997,1216.1111111111084,1548.3333333333296,1428.888888888885,1038.749999999999,1003.7500000000019,1244.9999999999989,1197.4999999999957,887,847.6666666666666,1064,1018.3333333333334,0.9681250000001513,0.5562499999999397,1.0078125000001577,0.8165625000000767,7.776250000001216,5.246458333333262,8.143750000001273,6.979479166666894,16.854687500002633,13.416354166666252,18.394062500002875,16.659791666666447,26.98218750000422,23.09718749999888,30.333125000004742,28.086041666665796,37.773437500005905,33.53677083333141,43.096250000006734,40.444479166664955,,,,,
8ebb21d1-84ab-4846-a228-fdcf1f9a34b9,04/22/2026,10:44 PM,NordBord-1754,ISO 30,3,3,292.25,278.25,-4.790419161676651,114.415875,108.934875,277.1666666666667,269.75,-2.6758869512928496,2689.821875000828,2587.155937500798,-3.816830343087263,0.8525000000000009,0.7100000000000009,0.9375000000000006,0.8275000000000006,,,,,284.99999999999596,216.66666666666458,394.9999999999979,256.6666666666642,1062.499999999985,774.9999999999909,922.4999999999992,706.6666666666607,1143.333333333334,1098.3333333333278,1018.3333333333339,898.3333333333285,1061.249999999985,998.7499999999931,1012.4999999999991,951.2499999999936,971,892.6666666666666,880,846.3333333333334,0.4253125000002176,0.3858333333334587,0.799687499999983,0.7556250000002445,3.3615625000017197,2.7602083333343557,4.184687499999911,3.307291666667615,10.663437500005456,9.417187500003445,11.430312499999756,9.500104166669496,20.27250000001037,18.55802083334009,20.930624999999555,18.538229166672433,31.8603125000163,29.383958333343855,31.997499999999317,29.216979166675927,,,,,
f3293177-dfe2-45e1-8f9e-d774d61c92ec,04/22/2026,10:42 PM,NordBord-1754,ISO 30,2,1,189.25,163.75,-13.474240422721273,65.575125,56.739375,188.5,163.75,-13.12997347480106,1077.8749999997926,550.9146875000861,-48.88881479761642,0.6425000000000001,0.27000000000000046,0.7674999999999992,0.27000000000000046,,,,,254.9999999999964,202.49999999999847,49.99999999999929,49.99999999999929,130.00000000000279,96.25000000000122,22.49999999999988,22.49999999999988,75.00000000000071,71.66666666666694,66.66666666666652,66.66666666666652,107.50000000000038,80.62500000000017,52.49999999999995,52.49999999999995,80,77,42,42,7.496250000001172,7.472656249997199,7.464375000001167,7.464375000001167,15.125312500002364,15.081093749994345,15.10156250000236,15.10156250000236,22.790312500003562,22.78343749999142,22.938750000003587,22.938750000003587,30.726249999972055,30.62859374998841,30.936875000004836,30.936875000004836,38.719999999964784,38.59124999998539,38.89000000000608,38.89000000000608,,,,,
a0df75c5-ae50-43af-9b2a-41855646740c,04/22/2026,10:40 PM,NordBord-1754,ISO 30,3,3,280.5,304.5,7.881773399014779,94.66875,102.76875000000001,269.6666666666667,293.6666666666667,8.172531214528945,2640.2271874990406,2917.511250001133,9.504130018418422,1,0.9024999999999999,1.3491666666666664,1.6000000000000003,,,,,459.99999999999756,316.6666666666683,1389.9999999999925,826.6666666666591,547.4999999999995,441.6666666666688,809.9999999999885,724.9999999999933,963.3333333333311,626.6666666666673,1034.9999999999975,752.7777777777737,802.4999999999957,590.8333333333322,763.7499999999959,659.1666666666623,669,499,671,573.3333333333334,7.475624999999841,4.450416666664885,6.711875000001049,2.72020833333393,17.053437499999635,10.693333333329171,14.91406250000233,7.294166666668631,27.940624999999404,19.055208333325993,24.271562500003792,14.376145833337814,39.84531249999915,29.049374999988895,34.819062500005444,21.560208333340242,52.54281249999888,39.82906249998476,45.92406250000718,30.19562500001001,,,,,
41d77c54-30d6-487d-9328-741ed16ca4a0,04/22/2026,10:38 PM,NordBord-1754,ISO 30,3,3,280.25,291.75,3.94173093401885,107.195625,111.594375,272.8333333333333,274.75,0.6976038823172659,2695.3368750009113,2736.7849999989157,1.5144823213376624,0.54,0.7725000000000009,1.4666666666666677,1.1266666666666676,,,,,79.99999999999886,54.99999999999952,204.9999999999971,143.33333333333178,364.9999999999948,188.333333333331,687.5000000000147,480.8333333333382,749.9999999999893,377.2222222222185,1161.6666666666777,818.8888888888924,677.4999999999903,562.4999999999959,1093.7500000000039,891.6666666666684,785,631,912,791,1.3799999999999706,0.6132291666667352,1.4493749999999692,0.7637499999997827,2.8903124999999386,1.6408333333336593,4.099374999999912,2.5469791666657717,5.361250000002743,3.9796875000011696,11.038749999999764,7.782916666663486,12.836250000006567,8.679375000002965,19.377499999999586,15.428124999993557,21.830312500011168,16.560312500005534,30.613749999972157,25.261354166656144,,,,,
4d7548fb-1fdb-4d4f-9ba6-1620af9f1d2f,04/22/2026,10:36 PM,NordBord-1754,ISO 30,3,3,313.5,325.25,3.6126056879323576,114.27075000000002,118.55362500000001,300.1666666666667,324.0833333333333,7.379789148881444,3244.6599999982645,3534.3753125013827,8.197072661705473,2.4000000000000004,1.9825000000000017,2.6841666666666666,2.102500000000001,,,,,110.00000000000625,76.66666666667058,79.99999999999886,64.99999999999943,297.50000000000637,182.5000000000031,359.9999999999949,169.9999999999988,550.0000000000052,469.4444444444475,608.3333333333247,349.9999999999981,652.5000000000023,599.5833333333347,746.2500000000026,509.5833333333348,703,645.6666666666666,772,620.6666666666666,1.5187499999986187,1.0968749999994494,1.368750000000214,1.094687500000398,3.731562499996606,2.640104166665243,3.2812500000016787,2.5783333333343053,7.961249999992759,5.82822916666325,7.682187500003931,5.188125000002088,14.726562499986606,11.756562499993004,14.743437500007543,9.986354166670884,23.489374999978637,19.903020833321623,24.519375000012545,17.43041666667409,,,,,
40432303-15b6-4517-b85c-2c2012d97137,04/22/2026,10:33 PM,NordBord-1754,ISO 30,3,3,351.5,335.5,-4.551920341394022,131.28525000000002,125.30925000000002,343,330.25,-3.7172011661807614,3331.746250002435,3299.296562497786,-0.9739543491532499,0.7149999999999999,1.0925000000000011,1.1308333333333334,1.2283333333333328,,,,,584.9999999999917,389.9999999999806,3425.0000000001946,1891.6666666666788,1917.4999999999727,1573.3333333333185,2144.9999999999695,1854.1666666666727,1543.3333333332748,986.1111111110936,1966.6666666666854,1541.1111111111215,1433.7499999999795,1147.0833333333262,1487.4999999999789,1299.1666666666624,1152,998,1224,1101.6666666666667,1.387187499999724,0.6143750000002017,1.8853124999982853,1.1530208333323817,5.546874999998897,4.266458333336246,11.969374999989114,8.899270833326115,17.00250000003286,14.551979166678592,23.22124999997888,19.120833333319,28.368437500054828,24.101770833353694,37.29874999996608,31.048124999976977,41.82250000008083,35.71395833336364,52.51562499995224,44.46656249996746,,,,,
9a1b030b-629b-4dd0-b77e-6543ac15dc67,04/22/2026,10:31 PM,NordBord-1754,ISO 30,3,3,316.5,326.25,2.9885057471264354,115.36425000000001,118.91812500000002,304.9166666666667,308.3333333333333,1.1081081081080968,3017.631250000293,2930.9421874988857,-2.8727520137325935,1.0175,0.389999999999997,1.4741666666666677,0.6641666666666657,,,,,154.9999999999978,123.33333333333375,335.0000000000012,263.3333333333408,665.0000000000024,433.33333333333206,999.9999999999991,777.500000000006,890.0000000000084,676.6666666666662,1171.6666666666674,1132.2222222222297,871.2500000000031,765.4166666666684,1161.2500000000016,1129.5833333333364,771,751.3333333333334,1064,1027.3333333333333,3.070937500001571,2.632708333333658,0.8337499999998341,0.77145833333303,7.105312500003635,6.222083333334045,3.5693749999967537,3.2657291666653783,14.838749999997049,12.24562500000129,10.904687499999767,10.184999999996093,25.206562499994984,21.392604166668843,22.04656249999953,20.775312499992165,37.15156249999261,32.50500000000326,35.14187499999925,33.47749999998744,,,,,
cbe72f8c-5ae1-465a-a3f5-45039d13e470,04/22/2026,10:29 PM,NordBord-1754,ISO 30,3,3,266.5,352.5,24.397163120567377,97.13925000000002,128.48625,256.4166666666667,329,22.061803444782157,2500.217187500238,3291.822187500289,24.047623319568544,0.35999999999999943,0.46999999999999886,0.48833333333333373,0.7433333333333328,,,,,1080.0000000000039,546.6666666666691,3154.999999999983,1294.999999999991,1277.4999999999989,722.4999999999982,1932.4999999999982,1225.83333333333,1195.0000000000007,947.222222222218,1788.3333333333344,1592.2222222222254,1069.999999999999,871.2500000000015,1443.7499999999923,1396.2499999999984,957,833.3333333333334,1264,1193,0.6031249999999871,0.2883333333333247,1.687187499999964,0.6978125000000341,4.9490624999998944,2.5936458333333565,10.842812499999768,5.524270833333485,13.013437499999723,7.826145833333676,23.4471874999995,15.098958333334478,23.3681249999995,16.241979166667722,37.5762499999992,27.560104166668822,34.992187499999254,26.3229166666686,52.13031249999889,41.79135416667,,,,,
29c053b7-322e-4e20-8773-83b2e6fae05f,04/22/2026,10:27 PM,NordBord-1754,ISO 30,3,3,341,306.25,-10.190615835777129,118.15650000000001,106.11562500000001,319.5833333333333,301.6666666666667,-5.6062581486310155,3377.9990624995753,3136.180937499498,-7.158620251988523,0.9574999999999996,1.15,1.3724999999999998,1.7358333333333338,,,,,584.9999999999917,356.6666666666667,590.0000000000335,415.00000000000983,547.4999999999923,379.1666666666663,527.5000000000018,485.83333333333485,566.6666666666587,469.444444444443,614.9999999999912,518.3333333333318,646.2500000000009,587.4999999999987,801.2500000000028,575.4166666666684,642,554.3333333333334,717,537,7.437187500003805,2.622916666667899,7.482499999993195,4.7348958333310645,16.335937500008356,6.387395833335837,16.20624999998526,10.959687499995283,26.75937500001369,11.434687500003742,25.70499999997662,18.516562499992904,38.34093750001961,18.281458333337817,36.178749999967096,27.870520833324118,50.815312500025996,27.390520833337604,47.947499999998975,38.42468749998845,,,,,
a4203d99-23a3-4d17-83a5-edfbf9a266c0,04/22/2026,10:25 PM,NordBord-1754,ISO 30,3,3,263.75,291.75,9.597257926306767,103.258125,114.22012500000001,261.0833333333333,286.0833333333333,8.738712496358868,2582.6362499983893,2890.2143750009795,10.64205228729741,0.5249999999999986,0.817499999999999,1.0658333333333327,1.8650000000000002,,,,,1545.0000000000878,931.6666666666912,1374.9999999999804,536.6666666666594,1080.000000000023,779.1666666666792,1082.4999999999845,907.4999999999906,885.0000000000084,712.2222222222268,973.3333333333426,853.3333333333384,738.7500000000026,666.6666666666679,1050.0000000000036,911.6666666666684,711,594.3333333333334,921,847.3333333333334,7.6993749999929975,4.519895833329466,0.89906250000046,0.3641666666668344,17.275624999984288,10.837812499990994,5.491562500002809,3.10281250000126,27.734374999974776,18.956874999984922,13.631875000006975,9.068541666670043,39.33062499996423,28.7481249999782,23.450625000011996,17.49958333333958,51.24781249995339,39.299062499971086,34.657812500017734,27.195000000009514,,,,,
854f037e-3158-45cf-b5ea-9c709641e417,04/22/2026,10:23 PM,NordBord-1754,ISO 30,3,3,299.75,291.75,-2.668890742285235,109.25887500000002,106.342875,293.8333333333333,282.75,-3.771979580260909,2901.866562500476,2692.625625000271,-7.210563717992136,1.1600000000000006,1.125,1.6241666666666668,1.5900000000000005,,,,,275.00000000000585,193.33333333333454,3630.0000000000127,1669.9999999999975,677.5000000000024,508.33333333333286,1465.0000000000052,1062.5000000000002,1029.9999999999975,741.1111111111078,1311.6666666666674,1004.4444444444453,860.0000000000031,690.833333333332,1057.5000000000014,802.9166666666687,762,677.3333333333334,856,676.6666666666666,1.9800000000003095,1.9072916666669517,7.27093750000372,3.2881250000011994,5.792812499998847,5.063125000000593,16.08656250000823,9.771979166669071,13.46624999999732,10.89895833333435,25.53031250001306,18.100625000003493,23.17312499999539,18.69666666666842,35.840312500018335,27.920729166671247,34.12624999999321,28.13854166666954,46.401875000023736,38.38187500000563,,,,,
ab4b4d22-e858-4de3-9113-2e5b9c177500,04/22/2026,10:21 PM,NordBord-1754,ISO 30,3,3,295,321.75,8.313908313908314,112.8375,123.06937500000001,285.8333333333333,308.75,7.4224021592442675,3046.19718749928,3181.188437499218,4.243421999422847,1.5824999999999996,1.1749999999999972,2.5041666666666678,1.9641666666666648,,,,,599.9999999999915,223.33333333333064,484.9999999999931,178.33333333333198,644.9999999999908,297.4999999999962,634.999999999991,291.66666666666583,923.3333333333421,428.33333333333684,830.0000000000078,431.11111111111364,702.5000000000025,445.4166666666659,863.7500000000031,603.750000000004,764,577.3333333333334,854,729,0.3193750000001634,0.20125000000000423,0.2921875000001495,0.1638541666666676,2.3912500000012233,1.2167708333334843,2.7556250000014098,1.3102083333335879,7.304375000003737,3.5028125000006045,7.647500000003912,3.738958333334105,15.01312500000768,7.575937500000916,14.669062500007504,8.338020833334312,23.70750000001213,13.366875000000556,24.368125000012466,16.106354166667085,,,,,
06c71e5c-cd0f-430a-bb03-3baa86430007,04/22/2026,10:18 PM,NordBord-1754,ISO 30,3,3,304.25,374.75,18.81254169446298,110.89912500000001,136.59637500000002,278.5833333333333,339.5833333333333,17.963190184049083,2534.695000000777,3141.6768750009687,19.320315205872497,0.5300000000000011,0.8399999999999999,1.0808333333333338,1.0883333333333334,,,,,219.99999999999687,133.33333333333164,529.9999999999925,249.99999999999685,927.4999999999868,562.4999999999926,1345.0000000000048,698.333333333332,1188.3333333333305,771.6666666666619,1528.3333333333296,961.6666666666687,1019.9999999999945,755.4166666666612,1413.7499999999925,1018.7499999999985,942,750.3333333333334,1242,1022,1.7956250000009186,1.1395833333336645,1.9381250000009915,1.1243750000004133,4.982187500002549,3.4167708333345193,5.1612500000026404,4.081041666668365,11.412187500005839,8.662395833336733,14.642187500007491,10.551562500004602,20.122187500010295,16.251562500006493,27.358437500013995,20.081145833341896,30.204375000015453,25.965104166676756,42.08125000002153,32.64770833334646,,,,,
a29eddec-b5b1-400f-8bfc-94182622870c,04/22/2026,10:16 PM,NordBord-1754,ISO 30,3,3,295.5,325.75,9.286262471220263,102.39075000000001,112.872375,282.5,321.6666666666667,12.176165803108818,2510.028437500616,2892.800937498959,13.231899057986274,1.0200000000000031,2.0874999999999986,1.5691666666666677,2.451666666666666,,,,,449.99999999999363,204.99999999999622,220.0000000000125,148.33333333333277,502.5000000000107,295.83333333333604,457.5000000000098,247.50000000000193,633.3333333333393,398.3333333333371,565.0000000000053,351.6666666666694,671.2500000000024,475.8333333333332,817.500000000003,548.3333333333311,637,506.6666666666667,838,656.6666666666666,0.2668749999997573,0.17572916666667152,0.22250000000011383,0.15114583333330125,2.2334374999979687,1.341979166666617,1.5540624999985866,1.008854166666093,5.988749999994553,3.6151041666664487,5.07968749999538,2.9596874999980844,11.39093749998964,7.3772916666662915,11.596249999989453,7.11708333332853,18.85531249998285,13.02833333333313,20.635624999981232,14.088124999990718,,,,,
3b64d0cc-84bd-4d01-8932-816eb6e5408b,04/13/2026,2:38 PM,NordBord-1754,ISO 30,3,3,325.5,356.5,8.695652173913048,124.50375,136.36125,319.1666666666667,336.4166666666667,5.127569977706214,3505.818125000825,3667.7365624976055,4.414669230947144,0.9650000000000034,1.0700000000000003,1.8708333333333342,1.789166666666666,,,,,89.99999999999872,63.333333333330664,135.00000000000287,113.33333333333628,575.000000000002,292.5000000000006,545.0000000000019,294.1666666666715,768.3333333333316,469.99999999999704,944.9999999999977,538.8888888888902,860.0000000000031,602.0833333333331,1063.7500000000039,712.083333333338,747,617.3333333333334,923,735,1.9374999999996145,1.4466666666668802,0.8540624999998301,0.5379166666663797,4.92312499999902,3.436145833333827,2.8124999999994404,1.7309374999990919,11.473437499997717,7.324791666667541,8.94656249999822,4.937499999997629,20.645624999995892,13.724895833334495,18.35343749999635,11.178020833327514,31.139687499993805,21.566041666668138,30.122187499994006,19.549062499989354,,,,,
b680bdf4-68b7-4866-a877-fbc866ff6600,04/13/2026,2:36 PM,NordBord-1754,ISO 30,3,3,234.25,293.75,20.255319148936167,98.033625,122.93437499999999,224,267.6666666666667,16.31382316313824,2112.0740625005374,2561.691249998666,17.55157603393316,1.1125000000000007,0.9949999999999974,1.6016666666666666,1.5099999999999982,,,,,249.99999999999645,154.9999999999985,1970.000000000112,931.6666666667037,612.4999999999912,568.3333333333285,895.0000000000191,671.6666666666779,713.3333333333401,697.2222222222221,1200.0000000000114,810.5555555555611,697.5000000000025,680.8333333333358,963.7500000000034,698.3333333333352,632,614,848,632.3333333333334,0.7071874999998593,0.6430208333334948,6.601562500001032,2.7436458333331832,2.6909375000013767,2.54708333333404,15.646562500002446,8.48624999999784,7.5362500000038555,7.2582291666686585,25.66125000000401,15.53281249999499,14.046875000007187,13.616041666670355,36.18468750000566,24.10874999999093,22.016875000011265,21.40937500000575,47.173437500007374,34.074062499985764,,,,,
d7d79228-ef64-4269-89a3-57df6efb786c,04/13/2026,2:34 PM,NordBord-1754,ISO 30,3,3,296.75,311.75,4.811547714514841,113.50687500000001,119.244375,295.0833333333333,306.0833333333333,3.593792540157914,2851.827812498715,2896.237812497366,1.5333685585838475,1.1774999999999949,0.8350000000000009,1.9691666666666652,1.3058333333333334,,,,,384.99999999999454,235.00000000000423,1475.000000000084,776.6666666666915,960.0000000000546,625.0000000000156,1357.5000000000289,887.5000000000101,1211.666666666678,877.2222222222214,1458.3333333333471,975.0000000000092,1013.7500000000216,737.91666666667,1252.5000000000045,950.8333333333435,882,706.3333333333334,1022,838,1.8149999999983493,1.4721874999993385,5.248437499995227,2.2091666666646574,5.1731250000026465,4.708333333331502,12.594062499988546,7.060937499993578,12.269062499988841,10.416145833329445,20.454062499981397,14.603645833320051,21.745937499980222,17.946979166660046,29.21374999997343,24.531041666644356,32.93749999997004,27.244479166656607,40.29999999996335,36.13062499996713,,,,,
df79741a-0c54-486b-8a9c-644933bb2932,04/13/2026,2:31 PM,NordBord-1754,ISO 30,3,3,384.25,418.25,8.129109384339506,157.350375,171.27337500000002,379.0833333333333,413.9166666666667,8.41554258103484,4348.24374999817,4859.503437500195,10.520821604049024,1.942499999999999,0.9074999999999989,2.7541666666666664,1.6833333333333325,,,,,3280.0000000001864,1138.3333333333949,3324.9999999999527,2015.0000000000057,2405.0000000000514,1870.0000000000018,2824.99999999996,2493.3333333332976,1643.333333333349,1061.666666666673,2218.3333333333544,2001.6666666666715,1250.0000000000045,1082.083333333331,1792.5000000000064,1702.0833333333292,1055,974.6666666666666,1432,1370.3333333333333,1.7199999999984357,0.7013541666660549,1.7896875000009156,1.3278125000002443,8.671874999992113,5.726666666663206,12.21656250000625,10.262916666667818,16.96406249998457,13.911145833325497,26.376562500013495,24.897187500002133,26.754999999975666,23.51968749998728,44.21687500002262,41.6303125000031,40.26031249996338,34.431666666648056,62.870000000032164,59.02843750000392,,,,,
a16341de-4e4c-47a3-bf9c-73beadb84889,04/13/2026,2:28 PM,NordBord-1754,ISO 30,3,3,297.25,361.75,17.829993089149966,119.048625,144.880875,288.0833333333333,350.5833333333333,17.827430473021156,2848.757812501094,3593.20531249929,20.718201028161896,1.2750000000000004,1.4400000000000013,2.003333333333332,1.6066666666666665,,,,,424.999999999994,233.33333333333061,280.0000000000159,210.00000000000497,962.4999999999864,693.3333333333267,927.4999999999868,846.6666666666694,936.6666666666755,840.0000000000047,1048.3333333333371,1007.2222222222217,763.7500000000027,736.2500000000015,995.0000000000035,983.7500000000035,682,645,908,878.3333333333334,2.23781250000035,1.8608333333340206,2.0112499999996,1.5810416666662885,5.677187500002905,5.388750000002108,5.647499999998876,5.090833333332156,12.713750000006504,11.883750000004659,13.353437499997343,12.371354166664064,21.531562500011017,20.60885416667473,24.297499999995168,22.794687499995433,30.757500000015735,29.969687500011712,36.419687499992754,34.65197916665978,,,,,
81ddf3f9-a4cd-4885-97de-f8a7f387c208,04/13/2026,2:26 PM,NordBord-1754,ISO 30,3,3,343.5,375.75,8.582834331337331,122.11425000000001,133.579125,337.9166666666667,371.0833333333333,8.937794745115646,3429.962499999762,3782.8768749993415,9.329258832925703,0.6024999999999991,0.9699999999999989,0.7766666666666661,1.8258333333333325,,,,,224.99999999999682,125.00000000000027,109.99999999999844,68.33333333333263,1174.9999999999834,469.99999999999517,217.4999999999969,157.5000000000001,1050.00000000001,517.2222222222264,611.666666666658,363.33333333333167,1115.0000000000039,640.8333333333352,840.000000000003,597.5000000000022,1043,697,987,728.3333333333334,1.5096875000002359,1.3586458333332232,1.4840624999997047,1.1867708333330957,4.493750000002299,3.5531250000000676,3.1799999999993673,2.6861458333328154,12.941875000006622,7.899270833334234,6.0603125000031,5.4389583333325495,24.350000000012457,14.736250000001368,14.292500000007312,11.346874999998661,37.559062500019216,23.316145833335025,26.07718750001334,19.897187499997838,,,,,
244d461e-64e6-4e31-9161-07efb9485361,04/13/2026,2:24 PM,NordBord-1754,ISO 30,3,3,428.75,417.5,-2.6239067055393583,183.290625,178.48125,384.3333333333333,392.5833333333333,2.1014646571853146,4029.3421875015165,4092.4999999991715,1.5432574831439894,0.6849999999999987,0.7099999999999973,1.3883333333333334,1.399166666666666,,,,,359.9999999999949,191.6666666666647,510.0000000000018,395.00000000000347,667.4999999999965,620.8333333333266,1480.0000000000052,1305.8333333333358,1344.9999999999968,1239.4444444444323,1375.0000000000048,1315.0000000000098,1234.9999999999989,1095.000000000002,1292.5000000000045,1260.4166666666713,1105,1038,1214,1194,1.2343750000006315,0.8198958333336875,0.6168749999998773,0.541979166666568,4.132500000002114,3.0473958333346043,5.159374999998974,4.197187499999427,10.926875000005591,9.89656250000391,14.313437499997152,12.611770833330958,21.04000000000329,20.530833333341345,26.218749999994785,24.363229166661807,34.974687500005466,33.53458333334635,40.39218749999196,38.48249999999218,,,,,
dbb4aa40-74a4-42c0-bc11-3a8a85dc7d1a,04/13/2026,2:22 PM,NordBord-1754,ISO 30,3,3,405.5,397.75,-1.9112207151664617,180.65025,177.19762500000002,389.9166666666667,383.4166666666667,-1.6670228681342159,4109.339062500141,4010.563437500635,-2.403686420059259,1.9125000000000014,1.1599999999999984,2.3025,1.4824999999999993,,,,,2609.9999999999627,1249.9999999999834,524.9999999999925,199.99999999999758,1574.9999999999777,1484.9999999999957,1812.4999999999905,1386.6666666666622,1553.3333333333112,1395.5555555555486,1456.666666666663,1351.1111111111031,1417.500000000005,1252.5000000000043,1318.7500000000048,1290.4166666666695,1230,1086.6666666666667,1176,1161.3333333333333,1.624375000000831,1.085000000000169,0.31593749999993714,0.18416666666665849,10.318750000005279,7.0945833333343655,5.301249999998945,3.5360416666666397,22.022500000011267,17.049791666668494,14.634999999997088,12.594583333334592,35.686875000018254,28.951041666669358,26.685937500004172,24.137187500002884,50.819375000026,42.34333333333695,40.65812499999191,37.90479166667162,,,,,
66ccd6ec-cb42-481d-90cf-2ca609a9eef8,04/13/2026,2:20 PM,NordBord-1754,ISO 30,3,3,316,326.25,3.1417624521072773,129.40200000000002,133.599375,302.6666666666667,299.3333333333333,-1.1013215859030923,3045.36062499973,2896.7778125002906,-4.878989085223784,3.0375000000000014,1.0800000000000018,3.182500000000001,1.8866666666666678,,,,,534.9999999999924,333.3333333333291,1610.0000000000057,1099.9999999999939,1627.5000000000348,1185.0000000000066,1652.4999999999986,1219.9999999999982,1111.6666666666772,1087.7777777777794,1376.6666666666674,1058.8888888888857,1081.2499999999943,1012.0833333333322,1157.4999999999989,881.2499999999958,954,878.3333333333334,989,753,1.6021874999985428,1.1685416666664314,7.780937500003981,3.212916666667935,6.753437499993858,4.9374999999989475,17.398750000008903,9.787500000002558,15.773437499985654,13.6343749999982,28.18812500001442,18.762708333337162,25.93656249997641,24.209479166664266,39.32468750002012,29.511145833338322,37.908125000019396,35.581562499996856,51.017500000026104,41.02406250000616,,,,,
c4af5dff-a038-40c0-8eab-be2e9a653245,04/13/2026,2:18 PM,NordBord-1754,ISO 30,3,3,340.5,337.5,-0.8810572687224627,127.17675000000001,126.05625000000002,327.5,329.9166666666667,0.732508209143734,2915.8150000003598,2929.0640625011606,0.4523309227141725,0.5075000000000003,1.0199999999999996,1.7441666666666669,1.613333333333333,,,,,849.999999999988,476.6666666666599,524.9999999999925,384.9999999999956,709.9999999999899,567.4999999999968,940.0000000000033,884.166666666662,986.6666666666644,764.4444444444403,1098.3333333333308,1045.0000000000014,976.2499999999948,723.7499999999986,1208.7499999999936,1128.3333333333321,884,687,1030,958.3333333333334,8.0150000000041,3.280416666668048,0.973437500000498,0.7161458333336205,18.050000000009234,8.075937500003016,4.273125000002186,3.8169791666682245,29.499687500015092,15.559583333338054,12.258750000006271,11.735312500004694,41.75406250002136,24.925729166673324,22.40218750001146,21.75562500000869,54.57031250002792,35.648854166675314,34.62750000001772,33.40697916667997,,,,,
60cf5fd7-297f-45eb-982f-6780b2558107,04/13/2026,2:15 PM,NordBord-1754,ISO 30,3,3,403.25,401.25,-0.49597024178549276,172.389375,171.53437499999998,396.25,376.1666666666667,-5.068349106203995,4278.301562501305,3891.0543749986373,-9.05142337082625,0.5750000000000028,0.46999999999999886,1.1508333333333343,1.240833333333333,,,,,189.99999999999898,108.33333333333235,439.99999999999375,293.3333333333342,1484.9999999999986,766.6666666666623,1560.0000000000332,1355.8333333333474,1495.000000000001,942.2222222222211,1601.6666666666817,1377.7777777777885,1465.000000000002,957.9166666666646,1445.0000000000052,1297.0833333333364,1301.9999999999977,864.3333333333326,1291,1174.6666666666667,2.858125000001462,2.0784375000008573,1.0056249999998,0.576666666666425,7.046875000003605,5.576666666668616,5.83874999999469,4.23989583333118,16.55218750000847,12.879791666670625,16.211562499985256,13.61104166666067,30.76593750001574,23.188020833340108,29.66624999997302,26.020312499989,47.57562500002434,35.414270833343444,45.21968749995887,40.364791666649886,,,,,
06c71e5c-cd0f-430a-bb03-3baa86430007,03/27/2026,2:30 PM,NordBord-1754,ISO 30,3,3,299.75,331.75,9.645817633760355,109.25887500000002,120.92287500000002,297.25,319.5833333333333,6.988265971316809,3425.1271875038046,3838.6803125080314,10.773315080620216,0.8774999999999977,2.3325000000000102,1.3500000000000039,2.934166666666672,,,,,244.9999999999443,178.3333333333172,964.9999999999177,593.3333333333195,742.4999999999367,406.6666666666433,1669.9999999999764,1401.6666666666185,861.666666666634,659.4444444444371,1535.0000000000146,1325.55555555555,919.9999999999869,681.2499999999951,1209.9999999999827,1137.4999999999975,862,686.3333333333334,1019,998,6.951562499993678,2.7267708333318983,0.7065625000013656,0.4947916666671395,15.696249999985724,6.7718749999993335,7.7568750000149915,5.514375000009068,25.74093749997659,13.360520833338748,16.957187500032774,13.580625000023282,36.883124999966455,22.21864583334622,28.106875000054323,24.09000000004281,48.80968749995561,32.71156250002259,40.566562500078405,36.14791666673241,,,,,
f3293177-dfe2-45e1-8f9e-d774d61c92ec,03/23/2026,3:43 PM,NordBord-1754,ISO 30,3,3,263.25,236.5,-10.161443494776822,91.216125,81.94725000000001,247.16666666666666,215,-13.014160485502357,3126.382499999699,2577.6525000009906,-17.551595174255276,1.7800000000000011,0.7650000000000006,1.9591666666666672,0.9699999999999998,,,,,379.9999999999946,179.9999999999974,189.9999999999973,134.9999999999981,184.99999999999739,132.49999999999957,257.49999999999864,201.66666666666458,268.3333333333359,179.44444444444557,264.9999999999994,230.55555555555517,267.50000000000097,198.3333333333338,369.99999999999966,282.08333333333377,263,208,385,313,7.215000000001128,3.528541666666809,1.8437500000009432,1.7215625000006642,15.148750000002368,7.508854166666996,4.364687500000683,3.976041666668184,23.520625000003676,12.050104166667225,7.729687500001209,6.98906250000266,32.212812500005036,17.149791666667458,12.444375000001946,10.930729166670787,41.218125000006445,22.829375000000937,18.314062500002862,15.95510416667266,,,,,
a4203d99-23a3-4d17-83a5-edfbf9a266c0,01/29/2026,5:26 PM,NordBord-2918,ISO 30,3,3,251,225.75,-10.059760956175301,98.26650000000001,88.381125,247.5,223.33333333333334,-9.764309764309765,2803.7231250002255,2468.2749999989846,-11.964381290367744,0.7175000000000011,2.164999999999999,1.1708333333333318,2.478333333333332,,,,,175.00000000000995,153.3333333333353,360.00000000002046,195.00000000000577,699.9999999999901,628.3333333333353,622.5000000000354,464.1666666666818,836.6666666666746,801.1111111111155,810.0000000000077,643.8888888888933,863.7499999999955,833.7500000000051,770.0000000000027,701.666666666672,762,740.6666666666666,705,667.6666666666666,0.9903125000005066,0.7779166666667323,0.9650000000004937,0.7342708333331226,3.4859375000017834,3.024583333333412,2.9803124999972894,2.4905208333321536,9.3793750000048,8.209375000000461,8.003124999992721,6.609479166663018,17.740625000009075,16.14614583333432,15.325937499986061,13.179166666659563,27.466875000014053,25.699166666668187,24.028437499978146,21.47010416665562,,,,,
8ebb21d1-84ab-4846-a228-fdcf1f9a34b9,01/26/2026,11:38 PM,NordBord-2918,ISO 30,3,3,263,250.5,-4.752851711026618,102.9645,98.07075,255.66666666666666,236.25,-7.5945241199478435,2544.5403124994828,2309.6562500016216,-9.230903568084415,0.5874999999999986,0.6900000000000048,1.0124999999999993,0.9075000000000019,,,,,310.0000000000176,193.33333333333871,439.99999999999375,328.33333333332536,687.5000000000391,445.0000000000121,842.4999999999881,796.6666666666603,848.3333333333413,729.4444444444467,938.3333333333311,893.3333333333381,808.7500000000028,782.9166666666742,823.750000000003,778.7499999999985,707,695,713,693.3333333333334,1.351249999998771,1.149166666666402,1.3118750000006711,0.8953125000006213,4.316562499996074,3.2895833333323434,4.84593750000248,3.7318750000026513,10.361562499990576,8.174895833330842,11.325000000005794,9.69937500000677,18.738124999982958,15.98302083332896,19.629062500010043,17.64906250001243,28.18968749997436,25.225312499993652,28.588437500014624,26.48375000001884,,,,,
06c71e5c-cd0f-430a-bb03-3baa86430007,01/26/2026,11:35 PM,NordBord-2918,ISO 30,3,3,302,297.25,-1.572847682119205,101.92500000000001,100.321875,285,283.3333333333333,-0.5847953216374324,3033.88031249925,3021.9234374992093,-0.3941116249965404,0.8475000000000001,0.6024999999999991,1.3758333333333326,1.1291666666666662,,,,,2775.000000000158,1323.3333333333858,1865.0000000000066,948.3333333333329,1157.500000000004,944.1666666666716,1207.5000000000257,1073.3333333333392,1240.0000000000043,1079.4444444444523,1150.000000000004,852.7777777777768,1053.749999999999,983.3333333333353,1055.0000000000036,896.6666666666698,933,871.6666666666666,907,804,1.5428124999985968,0.728541666666182,1.1778124999997657,0.707395833333357,8.454062499992311,5.370729166664108,7.016562499998604,4.533541666666575,17.1534374999844,12.412812499995098,15.699374999996877,11.410520833332052,26.70874999997571,21.37437499999284,25.78124999999487,19.953124999997062,37.521562499965874,31.720520833323718,37.10031249999262,29.758958333328575,,,,,
41d77c54-30d6-487d-9328-741ed16ca4a0,01/26/2026,11:33 PM,NordBord-2918,ISO 30,3,3,229,247,7.287449392712553,87.5925,94.4775,222.16666666666666,239.41666666666666,7.205012182387749,2289.3740624995535,2499.179375001856,8.394968148380578,0.8249999999999993,0.6575000000000024,1.2141666666666673,1.1400000000000026,,,,,230.00000000000082,206.66666666666936,239.9999999999966,173.3333333333296,320.00000000000114,276.66666666666464,480.0000000000017,450.8333333333298,710.0000000000025,479.4444444444446,756.6666666666694,653.8888888888796,615.0000000000022,540.8333333333293,677.4999999999994,655.8333333333309,607,535.6666666666666,681,632.6666666666666,0.7349999999993315,0.4941666666665192,1.6550000000008467,1.050625000000695,2.1909374999980074,1.771458333332846,4.35812500000223,3.1190625000021477,4.710624999999062,4.36760416666557,9.641562500004932,7.788437500005142,10.865624999997838,9.306458333331234,17.22093750000881,14.513750000009844,18.39968749999634,15.910312499996637,25.794062500013197,22.50625000001547,,,,,
9a1b030b-629b-4dd0-b77e-6543ac15dc67,01/26/2026,11:30 PM,NordBord-2918,ISO 30,3,3,263.75,263.25,-0.18957345971564177,96.13687500000002,95.95462500000001,260.75,257.5833333333333,-1.2144455097475304,2428.060625000797,2411.2893749997675,-0.6907261634385153,0.6174999999999997,0.6074999999999982,1.141666666666667,1.3116666666666663,,,,,704.99999999999,494.9999999999968,1209.9999999999827,646.6666666666612,887.4999999999874,667.4999999999956,922.4999999999869,539.9999999999978,911.6666666666753,743.3333333333344,718.3333333333317,633.8888888888865,892.5000000000032,758.3333333333316,816.2499999999993,678.7499999999981,774,697.3333333333334,818,647.6666666666666,3.693124999999921,1.850937500000291,6.097500000003119,2.3562500000009106,11.398437499999757,6.1536458333344575,14.441562500007388,6.072291666668671,20.937812499999552,12.195416666669187,24.033750000012297,11.378020833336137,31.43593749999933,20.46354166667155,33.77375000001728,18.72260416666936,42.464999999999094,30.28104166667461,43.834687500022426,28.015104166668376,,,,,
4d7548fb-1fdb-4d4f-9ba6-1620af9f1d2f,01/26/2026,11:29 PM,NordBord-2918,ISO 30,3,3,378.25,350.75,-7.270323859881033,137.872125,127.84837500000002,367.8333333333333,345.75,-6.0036248300860855,4097.814375001351,3866.1156250012928,-5.65420316287466,0.9699999999999989,2.210000000000001,1.9316666666666666,2.7066666666666683,,,,,219.99999999999687,119.99999999999862,135.00000000000048,73.33333333333309,539.9999999999995,432.50000000000233,439.99999999999375,244.99999999999736,1126.6666666666674,852.2222222222271,656.6666666666671,490.5555555555582,1023.7500000000014,909.1666666666691,838.7500000000011,746.2500000000022,1047.0000000000018,946.6666666666673,870.0000000000016,774.3333333333339,0.5637500000002884,0.4310416666668453,0.6884375000003522,0.5058333333335139,2.0903125000010694,1.6569791666672575,2.216250000001134,1.5120833333338826,7.2137499999998465,6.165833333335207,6.417812500003283,4.263437500001456,16.704687499999643,14.138541666670932,12.92062500000661,10.264479166669922,28.859062499999386,25.04187500000769,22.20281250001136,19.30697916667268,,,,,
ab4b4d22-e858-4de3-9113-2e5b9c177500,01/26/2026,11:26 PM,NordBord-2918,ISO 30,3,3,289.5,286.25,-1.1226252158894612,110.73375,109.49062500000001,274.75,266.25,-3.0937215650591487,3215.1987499987335,3028.1074999989632,-5.818963757678864,2.094999999999999,2.3424999999999976,2.713333333333333,2.7324999999999995,,,,,125.0000000000071,55.00000000000239,349.9999999999981,193.33333333333576,210.00000000000074,201.66666666666825,212.4999999999998,146.66666666666762,199.99999999999952,157.77777777777808,299.9999999999993,197.22222222222294,272.4999999999985,206.2499999999998,363.74999999999966,272.5000000000004,310,242.66666666666666,475,322.6666666666667,1.2690624999988458,1.1805208333328576,0.7906249999992809,0.5641666666664175,2.9587499999994114,2.7793749999989004,1.9521874999982245,1.6391666666660736,5.392499999998927,4.876249999998113,3.5181249999968003,3.1236458333322843,8.774999999998254,7.600312499997092,6.452187500001009,5.636666666664854,13.42187499999733,11.300416666662338,11.290937500001766,9.392708333330452,,,,,
f3293177-dfe2-45e1-8f9e-d774d61c92ec,01/26/2026,11:24 PM,NordBord-2918,ISO 30,3,3,224.5,220.25,-1.8930957683741645,77.78925000000001,76.316625,190.91666666666666,205.41666666666666,7.058823529411762,1226.5825000002903,1827.869687501263,32.89551720303131,0.32500000000000284,1.125,0.5391666666666678,1.4225,,,,,324.9999999999954,253.3333333333236,654.9999999999907,269.9999999999938,237.50000000000085,160.0000000000002,585.000000000002,296.6666666666659,366.6666666666658,225.55555555555316,543.333333333332,326.66666666666595,308.7500000000011,180.83333333333303,476.2500000000017,383.7499999999993,295,178.33333333333334,430,375.6666666666667,7.437812499993235,6.5791666666682715,3.3378124999993357,1.3104166666667159,15.199062499986177,13.57729166667004,8.970624999998215,3.577916666666812,23.180312499978918,21.120416666671925,15.759999999996865,6.689166666667372,31.34874999997149,29.17395833334069,23.305312499995363,11.002604166669158,39.68437499996391,37.50135416667607,30.982499999993834,16.33677083333889,,,,,
29c053b7-322e-4e20-8773-83b2e6fae05f,01/26/2026,11:21 PM,NordBord-2918,ISO 30,3,3,355.75,335.5,-5.692199578355583,123.26737500000002,116.25075000000001,350.6666666666667,333.9166666666667,-4.776615969581743,3919.850624999248,3696.964687499303,-5.686082425653338,2.2775000000000034,1.1425000000000018,2.452500000000002,1.3433333333333326,,,,,435.0000000000247,161.66666666667467,2474.999999999965,938.3333333333253,1294.9999999999816,648.3333333333263,687.4999999999902,481.6666666666667,983.333333333331,687.7777777777754,1203.3333333333162,846.6666666666652,1086.2499999999943,878.7499999999964,1098.7500000000039,842.9166666666719,981,893,1021,823.6666666666666,2.0128124999981694,0.8701041666660242,1.6290625000008334,1.2365624999998355,4.932187499995514,2.9685416666654256,7.035312500003599,4.338541666666742,8.694687499992092,7.692708333331477,14.540625000007438,9.779791666666872,16.299062499996758,15.71531249999711,24.39281250001248,17.70281250000002,28.1446874999944,26.437604166661913,35.82906250001833,27.46864583333262,,,,,
a29eddec-b5b1-400f-8bfc-94182622870c,01/26/2026,11:18 PM,NordBord-2918,ISO 30,3,3,262.25,276.25,5.067873303167425,90.86962500000001,95.72062500000001,249.16666666666666,260.5,4.3506078055022375,2626.2181250000926,2693.7893749982277,2.508408809734042,2.91,1.1574999999999989,3.1558333333333337,2.047499999999999,,,,,449.99999999999363,246.6666666666672,220.0000000000125,158.3333333333401,639.9999999999909,375.00000000000074,277.5000000000059,205.83333333333823,686.6666666666732,416.6666666666694,401.6666666666705,236.66666666666822,731.2500000000026,503.333333333336,487.5000000000017,325.0000000000025,644,461,516,352.6666666666667,0.4162499999996214,0.3922916666666702,1.4043749999997206,0.9888541666660999,2.474375000001266,1.7768750000003077,3.3471874999993343,2.494687499998524,6.696250000003426,4.447291666667563,5.7715624999988515,4.748333333330382,12.866562500006582,8.588541666668325,8.944374999998221,8.074166666661442,20.650625000010564,14.163437500002628,14.5131249999868,12.705624999991622,,,,,
cbe72f8c-5ae1-465a-a3f5-45039d13e470,01/26/2026,11:16 PM,NordBord-2918,ISO 30,3,3,253.75,309.5,18.01292407108239,92.49187500000001,112.81275000000001,240.08333333333334,289.0833333333333,16.950129720380502,2580.5237499983928,3237.171562499577,20.28461574628916,0.6750000000000003,0.23999999999999977,0.8983333333333333,0.8166666666666669,,,,,255.0000000000145,173.33333333333712,1490.0000000000052,739.9999999999983,1339.9999999999989,720.0000000000055,1037.499999999999,830.8333333333354,916.6666666666672,774.444444444449,1500.000000000001,1211.1111111111181,934.9999999999992,864.583333333335,1288.7500000000018,1124.5833333333364,888,815,1052,1012,0.9437499999991417,0.4620833333329426,0.9103125000004657,0.7193750000000234,3.607499999999923,2.683749999998627,6.8309374999998544,4.358854166666361,9.609999999999795,7.3143749999961925,16.02312499999966,11.477708333332354,18.37812499999961,15.026145833325108,27.57781249999941,21.758437499998024,28.551249999999392,24.754062499985938,40.35999999999914,33.858749999996746,,,,,
87e2d9bf-dadc-4202-b483-2e3fee35834a,01/26/2026,11:13 PM,NordBord-2918,ISO 30,3,3,230.75,221.5,-4.008667388949084,77.87812500000001,74.75625000000001,223.33333333333334,217,-2.8358208955223896,1862.0600000005534,1753.3381249995914,-5.838795473879987,0.9699999999999989,0.7399999999999984,1.200833333333333,0.7799999999999994,,,,,274.9999999999961,241.66666666666606,185.00000000001052,171.66666666667047,652.5000000000023,476.66666666666373,422.499999999994,314.9999999999993,713.3333333333233,547.2222222222193,616.6666666666579,407.7777777777751,711.2500000000025,569.5833333333329,720.0000000000026,541.6666666666687,660,551,665,518,0.7825000000004003,0.6436458333335705,0.48781249999955634,0.2978124999998759,2.7453125000014045,2.5345833333339907,1.3771875000007046,1.3308333333330946,7.267500000003718,6.129270833334882,4.837500000002475,3.8262499999997868,14.09343750000721,11.510729166669705,10.940000000005597,8.21041666666635,22.315000000011416,18.255104166671583,18.786562500009612,14.308333333332486,,,,,
a0df75c5-ae50-43af-9b2a-41855646740c,01/26/2026,11:11 PM,NordBord-2918,ISO 30,3,3,307.5,279.75,-9.024390243902436,103.78125,94.415625,296.3333333333333,274.75,-7.283464566929132,2773.908125002433,2569.124687498245,-7.382488109767815,0.7425000000000033,1.2399999999999993,1.1991666666666674,1.3766666666666667,,,,,1164.9999999999834,736.6666666666564,1570.0000000000894,978.3333333333735,914.999999999987,540.8333333333272,1200.0000000000257,734.1666666666739,754.9999999999893,532.7777777777748,938.3333333333422,621.6666666666715,666.2499999999906,586.2499999999937,798.7500000000028,527.0833333333364,674,586.3333333333334,675,471,5.2228125000026715,3.3545833333345776,8.007499999998407,6.879895833328973,12.591875000006443,8.314687500003236,17.018437499996615,14.979479166657073,21.667812500011085,14.61156250000617,27.071874999994613,24.227812499984378,31.74218750001624,22.481145833344403,37.75593749999249,34.39281249997766,42.89281250002195,32.06135416668483,49.038437499990245,45.14864583330388,,,,,
854f037e-3158-45cf-b5ea-9c709641e417,01/26/2026,11:08 PM,NordBord-2918,ISO 30,3,3,284.25,230,-19.085312225153917,103.60912500000002,83.83500000000001,270,207.66666666666666,-23.086419753086417,2673.6521874998057,1828.1843749998732,-31.622206375712214,1.5249999999999986,1.1574999999999989,2.133333333333333,1.7933333333333337,,,,,174.99999999999753,161.6666666666685,499.9999999999929,361.6666666666672,462.4999999999996,354.999999999997,189.99999999999983,135.83333333333223,585.0000000000003,527.777777777777,228.33333333333346,136.66666666666606,679.9999999999994,626.2500000000048,182.49999999999983,115.00000000000044,625,612.3333333333334,192,108,1.3890624999999703,0.9367708333332107,7.51062499999984,7.2373958333324095,3.6671874999999217,2.6008333333329143,15.623749999999667,14.984687499998017,8.236562499999824,6.338333333332358,24.04218749999949,22.667083333330414,15.00499999999968,12.092604166664936,33.0687499999993,30.610833333329435,23.3859374999995,19.685937499997284,42.3131249999991,38.614374999995256,,,,,
ce96297b-aef4-4201-ab7d-1371d7297d30,01/26/2026,4:02 PM,NordBord-2918,ISO 30,3,3,339,329.75,-2.7286135693215363,141.8715,138.000375,314.75,312.5833333333333,-0.6883770187979921,3486.9284374992535,3377.0431250013935,-3.1513498044905996,1.0450000000000017,1.7949999999999982,1.6150000000000004,2.364999999999999,,,,,489.99999999999307,408.33333333333985,929.9999999999868,646.6666666666597,1689.999999999976,1170.8333333333374,729.9999999999897,449.1666666666606,645.0000000000061,489.4444444444434,718.3333333333402,516.6666666666661,900.0000000000032,615.8333333333353,662.5000000000024,458.7500000000013,741,569.3333333333334,619,441,7.032812499998601,2.651354166666113,7.295000000003732,4.826250000001718,14.314374999997153,7.4169791666652065,16.18218750000828,11.06656250000411,21.96062499999563,14.81156249999694,26.3931250000135,18.742083333340506,30.127499999994008,22.935416666661766,37.80625000001934,27.300729166677268,39.00249999999224,31.361874999993287,50.20031250002568,36.91322916668116,,,,,
81ddf3f9-a4cd-4885-97de-f8a7f387c208,01/26/2026,3:59 PM,NordBord-2918,ISO 30,3,3,377,355.5,-5.702917771883287,130.6305,123.18075000000002,368.1666666666667,350.5,-4.798551380715265,5128.78468749898,4791.364375004735,-6.57895257948109,0.8725000000000023,0.5599999999999987,2.6308333333333347,0.9591666666666677,,,,,254.9999999999964,208.33333333332908,254.99999999997826,178.33333333332476,334.9999999999952,235.8333333333312,302.4999999999957,278.33333333332934,643.3333333333394,512.2222222222218,583.3333333333112,473.33333333332683,796.2499999999886,664.5833333333309,673.7499999999905,603.3333333333297,795,717,728,671.6666666666666,2.3581249999978553,2.038437499999574,2.6871875000051935,2.56802083333592,5.4981249999949995,4.589062499998934,6.082187500011755,5.793541666672511,10.999374999989996,8.915624999997705,11.353125000021942,10.525833333344096,19.69343749998209,16.030312499995787,19.352187500037402,17.64062500001819,30.99343749997181,25.81531249999342,29.784375000057565,27.25447916669472,,,,,
1ca9de9b-dac2-4f0f-bdd5-8c5714a68cc0,01/26/2026,3:57 PM,NordBord-2918,ISO 30,3,3,294.25,304.75,3.445447087776865,109.90237500000002,113.82412500000002,265.0833333333333,284.8333333333333,6.933879461673498,2925.039374999299,3164.0253124994597,7.553224576176698,0.39000000000000057,1.7274999999999991,1.9333333333333333,3.1750000000000003,,,,,365.0000000000013,284.9999999999981,494.99999999999295,296.6666666666633,527.5000000000018,420.00000000000256,552.5000000000019,310.0000000000021,615.0000000000022,512.2222222222233,816.6666666666647,421.11111111111194,795.0000000000028,617.5000000000013,883.7499999999992,416.6666666666668,747,617.3333333333334,871,442.6666666666667,5.170937500002646,2.2669791666672094,6.3721874999942045,2.8804166666649116,11.108750000005683,5.643541666667429,13.465312499987753,6.46895833332957,17.90812500000916,10.610416666667108,21.09874999998081,11.483958333327209,25.70750000001315,17.48333333333258,29.05937499997357,17.669166666658032,35.214375000018016,26.683958333330708,36.86812499996647,25.02416666665559,,,,,
d7d79228-ef64-4269-89a3-57df6efb786c,01/26/2026,3:56 PM,NordBord-2918,ISO 30,3,3,361.25,344,-4.775086505190307,131.67562500000003,125.38800000000002,318.3333333333333,324.5,1.9003595274781793,3201.779374999719,3284.667812501033,2.5234952888036677,0.4375,0.3724999999999987,0.9841666666666656,1.9158333333333326,,,,,944.9999999999992,406.6666666666651,469.99999999999335,284.99999999999744,1454.9999999999986,825.8333333333316,1397.5000000000298,705.8333333333421,1418.3333333333342,970.000000000005,1370.000000000013,1003.8888888888947,1244.9999999999989,1005.4166666666684,1230.0000000000043,1079.166666666669,1124,925,1043.000000000001,983.0000000000003,1.4753124999999685,0.9945833333332091,1.3300000000006804,1.3088541666671,7.50812499999984,4.228229166666446,6.232812500003188,4.317604166668246,17.499062499999628,10.726041666666255,15.733125000008048,10.937604166670534,29.90937499999936,20.054895833332413,28.13312500001439,21.056041666673845,43.94374999999906,31.696770833331385,41.592500000021275,33.54406250001125,,,,,
0530676d-7e30-4462-8040-5f6609e81874,01/26/2026,3:53 PM,NordBord-2918,ISO 30,4,4,335.25,316.75,-5.518269947800148,122.19862500000002,115.45537500000002,292.875,275.1875,-6.039265898420831,3341.335312499099,3209.6706250000543,-3.9404811305982945,0.2925000000000004,0.23499999999999943,1.6237499999999998,1.7481250000000002,,,,,2704.9999999999613,902.500000000001,2460.0000000000086,1260.000000000029,1940.0000000000414,1063.125000000006,1589.9999999999775,909.374999999995,1533.3333333333478,934.9999999999973,1376.6666666666472,923.7499999999968,1127.500000000004,849.3750000000031,951.2500000000034,746.5625,865,743.25,808,613.2499999999994,3.023750000001547,1.2417187500004367,3.9284375000020098,1.9650000000003236,8.316249999992436,5.90351562499994,9.575312500004898,8.27835937500078,18.004374999983625,13.681718749999241,16.06656250000822,15.59648437500125,29.396249999973264,22.793749999998337,25.7990625000132,23.73039062500201,40.73531249996295,32.388046874997556,36.03750000001844,32.38554687500264,,,,,
73c3f58b-b017-4f98-acc6-30cc0b36b4b9,01/26/2026,3:51 PM,NordBord-2918,ISO 30,3,3,279.25,307.75,9.26076360682372,121.892625,134.332875,259.25,282.8333333333333,8.338243959929281,3274.616562499404,3743.730312499424,12.53065020292089,0.7324999999999999,0.817499999999999,1.154166666666668,1.0691666666666677,,,,,254.99999999997826,203.33333333332442,270.00000000001535,180.00000000000614,307.4999999999956,255.83333333333061,287.4999999999959,243.33333333333135,561.666666666672,397.7777777777778,423.33333333333735,384.4444444444439,559.999999999992,479.9999999999961,457.50000000000165,415.4166666666686,514,459.3333333333333,475,437.6666666666667,4.058437499999193,3.1202083333331614,4.914062499999022,4.539583333332486,8.489374999998311,6.853645833332846,10.40093749999793,9.703958333331439,13.833749999997249,11.815208333332095,17.192187499996578,16.109791666663465,21.397499999995745,18.691666666664066,25.645624999994897,23.987395833328446,30.61562499999391,26.908749999995823,35.59656249999292,33.11343749999323,,,,,
66ccd6ec-cb42-481d-90cf-2ca609a9eef8,01/26/2026,3:49 PM,NordBord-2918,ISO 30,3,3,400.5,419,4.415274463007157,153.19125,160.2675,359.4166666666667,368.5,2.4649479873360414,4606.795312501744,4675.002500001111,1.458976492512054,0.432500000000001,2.357499999999998,1.5941666666666674,2.609999999999999,,,,,1940.0000000000068,911.6666666666652,1189.9999999999832,479.9999999999941,2165.0000000000077,1657.4999999999893,3045.000000000011,1598.3333333333285,1666.6666666666626,1540.5555555555402,1618.3333333333392,1162.2222222222301,1317.5000000000048,1270.0000000000027,1296.2500000000045,1125.8333333333374,1188,1135.3333333333333,1075,1020,2.1262500000010878,1.6644791666673708,2.4637500000012604,1.7295833333341413,9.176250000001435,7.665312500002834,10.646562500005446,6.43062500000228,21.30812500000333,18.862395833340457,22.786250000011655,14.888333333337393,35.010312500005476,32.71541666667926,36.446250000018644,27.10875000000711,49.14000000000768,47.22062500001834,50.74468750002596,40.88833333334431,,,,,
888bc2d4-4923-415f-bbd5-3568e2bc0f51,01/26/2026,3:48 PM,NordBord-2918,ISO 30,3,3,396.25,433.5,8.59284890426759,172.963125,189.22275,381.75,413.3333333333333,7.641129032258065,4737.648124998033,5118.599375003888,7.4424900660557185,0.5600000000000005,0.5224999999999991,0.9149999999999997,1.5225000000000015,,,,,710.0000000000404,323.33333333334554,2444.9999999997917,1864.9999999999354,1545.000000000033,1385.8333333333321,2109.99999999997,1775.8333333333187,1338.333333333346,1241.1111111111184,1856.6666666666843,1769.9999999999966,1311.2499999999814,1123.749999999993,1648.7499999999766,1509.166666666654,1217,1022,1353,1278.3333333333333,0.6737499999993872,0.304999999999836,1.7821875000034444,1.3582291666678767,6.3974999999941815,3.681979166664916,11.246875000021737,9.477604166674672,14.60093749998672,12.561458333327186,24.614375000047573,21.11083333335092,25.000937499977262,22.92114583332244,39.90781250007713,35.34083333336208,36.58906249996672,34.83437499998362,56.87906250010993,51.158229166707734,,,,,
fd50323c-e3cd-4256-9832-ce6a132b76a1,01/26/2026,3:46 PM,NordBord-2918,ISO 30,3,3,373,380,1.8421052631578894,149.3865,152.19,361.4166666666667,367.25,1.5883821193555692,4116.84250000164,4126.265937499164,0.2283768821559562,1.2024999999999997,1.1375000000000002,1.5849999999999993,1.6058333333333321,,,,,2394.999999999966,879.999999999989,2904.9999999999586,2018.3333333333503,1902.499999999973,1406.6666666666479,1520.0000000000325,1246.6666666666733,1813.3333333333505,1208.8888888888894,1785.0000000000168,1475.5555555555668,1532.5000000000055,1249.5833333333364,1546.2500000000055,1342.500000000003,1283,1088,1283,1175.6666666666667,1.4490625000007413,0.5916666666669365,1.6646875000008516,1.259895833333329,10.34156250000529,4.492500000002139,10.410625000005325,8.374374999998972,22.435000000011478,13.16333333333936,21.00875000001075,18.255833333330383,36.97312500001892,24.440937500010893,33.72656250001725,30.90958333332752,52.61531250002692,37.58375000001636,48.698750000024916,45.373229166657744,,,,,
3a64a8ed-9513-4652-982a-3a3573852f3d,01/26/2026,3:44 PM,NordBord-2918,ISO 30,3,3,324,372.75,13.078470824949695,118.09800000000001,135.867375,294,353.4166666666667,16.812072624381045,3388.296874999867,4272.484999997704,20.694938074640678,1.0925000000000011,1.1724999999999994,1.7666666666666673,2.710833333333331,,,,,670.0000000000381,266.6666666666793,314.9999999999955,196.66666666666939,574.9999999999918,357.4999999999956,649.9999999999966,329.99999999999756,700.0000000000066,519.4444444444438,796.6666666666648,515.0000000000017,763.7500000000163,675.4166666666729,821.2499999999993,572.9166666666721,889,757.3333333333334,820,635.3333333333334,0.6937500000003549,0.4387499999999842,1.4846874999986497,0.8831249999993388,3.1131249999971686,1.9407291666660795,2.92468749999734,2.4641666666652298,7.138124999993508,4.805104166665463,7.336875000001147,5.808020833330658,13.322187499987884,11.006770833331652,14.907812500002331,11.37135416666162,21.57249999998038,18.74229166666427,24.41875000000382,18.74854166665829,,,,,
8720d9d1-c213-400a-bd49-d989bc14b14d,01/26/2026,3:42 PM,NordBord-2918,ISO 30,3,3,391,337,-13.810741687979544,153.0765,131.93550000000002,376.75,322.3333333333333,-14.443707144437079,4676.228437498348,4064.730312501291,-13.076737656644333,1.6500000000000001,0.8399999999999999,1.8358333333333328,1.7550000000000008,,,,,324.9999999999954,178.33333333333374,475.0000000000006,341.66666666666424,1365.0000000000048,789.1666666666692,2264.9999999999677,1410.8333333333203,1471.666666666663,963.3333333333329,1553.3333333333296,1136.6666666666613,1388.750000000005,1012.9166666666691,1297.4999999999932,1069.1666666666656,1249,992.3333333333334,1158,965,2.0484375000000474,1.138645833333095,2.1303124999999548,1.1017708333335186,5.843125000000135,3.9807291666659155,6.395312499999863,4.959062500001401,14.334687499997148,10.729999999998038,15.492812499999669,13.222291666670678,27.18093749999459,20.389062499995944,28.66875000001467,24.46020833334096,42.13968749999162,32.64802083332608,43.243750000022125,37.1515625000118,,,,,
fdf84293-add6-4bbf-a0df-e46427a4eb99,01/26/2026,3:40 PM,NordBord-2918,ISO 30,3,3,405,375.75,-7.222222222222219,154.9125,143.724375,386.3333333333333,362.6666666666667,-6.125970664365821,5383.7362499971,5177.908749997165,-3.823134909330783,0.9699999999999989,1.0274999999999999,1.4866666666666657,1.2758333333333327,,,,,2225.0000000001264,831.6666666667089,200.0000000000007,168.33333333333937,447.50000000000955,322.5000000000054,625.0000000000133,401.66666666667334,1141.6666666666774,728.8888888888945,920.0000000000088,602.2222222222266,1063.7500000000039,853.7500000000022,920.0000000000033,750.4166666666687,984,869,909,758.3333333333334,1.272187499998843,0.7173958333329291,3.90312499999645,1.9840624999987295,5.487812499995009,2.8444791666648563,10.3349999999906,5.253749999996494,10.844062499990137,6.534999999995622,20.040624999981773,10.571874999992927,19.540937499982228,13.406562499991175,32.637499999970316,18.651562499987318,30.977499999971826,23.470312499984818,46.483437499957724,29.284479166647007,,,,,
b51cd86a-9d38-40a3-8fb6-1e3893857e88,01/26/2026,3:38 PM,NordBord-2918,ISO 30,3,3,222.75,305.25,27.027027027027028,85.201875,116.758125,210,269.5,22.077922077922075,2542.0706250001654,3515.934062499351,27.698569432411404,0.45500000000000185,1.0549999999999997,1.4783333333333324,2.6733333333333325,,,,,234.99999999999667,190.00000000000037,1419.9999999999798,778.3333333333371,210.00000000001194,180.00000000000242,849.999999999988,500.0000000000023,191.6666666666662,156.11111111111066,1104.9999999999843,549.4444444444397,198.74999999999895,172.91666666666688,724.9999999999897,396.66666666666515,168,131.33333333333334,613,365.6666666666667,7.452812500003812,7.323958333333621,7.206562499998566,4.227395833331764,15.410312500007883,15.136666666667265,15.140937499996987,10.797916666663978,23.402187500011973,23.19218750000088,23.431249999995337,17.562812499995786,31.777500000016257,31.767812500001213,32.11062499999361,25.22541666666101,40.86312500002091,40.51145833333492,41.239062499991796,33.50572916665951,,,,,
3b64d0cc-84bd-4d01-8932-816eb6e5408b,01/26/2026,3:36 PM,NordBord-2918,ISO 30,3,3,382,404.75,5.620753551575042,146.115,154.816875,360.25,387.25,6.972240154938669,4082.298124999608,4579.371249999605,10.854615139579272,0.5,0.6524999999999963,2.225,2.3683333333333314,,,,,265.00000000001506,160.0000000000041,509.9999999999928,355.0000000000041,1267.4999999999932,937.4999999999905,1347.499999999981,939.166666666678,1229.9999999999825,1042.2222222222179,1456.6666666666804,1332.7777777777849,1283.7499999999989,1159.166666666663,1452.4999999999986,1302.916666666676,1184,1074.3333333333333,1216,1137,2.709375000001386,1.2810416666668878,2.707500000001385,1.8223958333332124,8.160312500004174,4.522812500000822,8.81343750000451,5.750937499999814,18.370000000009398,12.178125000001748,19.905000000010183,15.42989583333298,32.002812500016375,23.390416666668887,34.16750000001748,28.5180208333324,47.63437500002437,36.95427083333549,50.131875000025644,43.697812499998186,,,,,
01495ae2-46d3-4146-83ef-324c89184396,01/26/2026,3:34 PM,NordBord-2918,ISO 30,3,3,382.5,411.75,7.103825136612018,146.30625,157.494375,365.9166666666667,388.0833333333333,5.711831651277633,4465.678125001118,4748.086249999493,5.947830560121037,1.0199999999999996,1.0450000000000017,1.6199999999999994,2.1425000000000005,,,,,1230.0000000000043,613.3333333333318,2375.0000000000086,966.6666666666671,1735.0000000000061,1153.3333333333271,1439.9999999999923,990.0000000000051,1728.3333333333394,1278.8888888888898,1538.3333333333296,1208.3333333333321,1428.750000000005,1220.4166666666708,1329.9999999999989,1168.7500000000023,1265,1101,1125,1033.3333333333333,0.914999999999818,0.6520833333334503,1.5771875000002464,0.8233333333333627,8.259999999998357,4.712291666667121,10.016875000001566,5.3318749999993935,19.174062499996186,12.815000000002016,21.35593750000334,12.98635416666508,32.792187499993474,24.15552083333792,34.32312500000536,23.622395833330717,47.7671874999905,37.30218750000777,48.43531250000757,36.188124999996504,,,,,
b680bdf4-68b7-4866-a877-fbc866ff6600,01/26/2026,3:33 PM,NordBord-2918,ISO 30,3,3,280,268.75,-4.01785714285714,107.10000000000001,102.796875,254.5,252.75,-0.6876227897838927,3111.2462499987996,3164.903437500336,1.6953815040851694,2.33,1.7400000000000002,2.559166666666666,2.0241666666666664,,,,,710.0000000000025,424.9999999999982,1024.999999999999,468.33333333333553,1235.0000000000016,1142.5000000000093,927.5000000000033,618.3333333333334,1171.6666666666674,1043.333333333336,931.6666666666755,641.1111111111157,981.2500000000002,922.0833333333356,895.0000000000032,710.4166666666687,855,784.6666666666666,772,611.6666666666666,1.1353124999997741,0.6863541666664578,7.2596874999998455,2.8717708333332967,5.14312499999989,4.609270833331835,16.524687499999647,7.359791666666467,12.353749999997543,11.51437499999607,26.73531249999943,13.9312499999997,21.889062499995646,20.670104166659474,37.2759374999992,22.339062500000097,32.48718749999354,30.784583333322548,48.39249999999897,32.04427083333405,,,,,
c4af5dff-a038-40c0-8eab-be2e9a653245,01/26/2026,3:31 PM,NordBord-2918,ISO 30,3,3,310.5,326,4.754601226993859,118.76625,124.69500000000001,298.0833333333333,309.8333333333333,3.792361484669182,3088.0843749992573,3201.554375001225,3.544215924863814,2.1599999999999993,1.379999999999999,2.5983333333333336,2.0433333333333334,,,,,74.99999999999893,46.666666666666366,235.00000000000082,218.33333333333164,225.0000000000008,202.50000000000102,539.9999999999924,394.9999999999982,375.0000000000013,266.66666666666714,815.0000000000077,564.4444444444476,462.50000000000165,365.4166666666661,878.7500000000031,597.9166666666679,426,375.6666666666667,841,584.6666666666666,2.8484374999974094,2.0197916666660487,1.8796875000009616,1.4292708333339317,6.20156249999436,4.535520833331985,5.031875000002574,3.7512500000015407,10.448124999990497,8.002083333331,11.133437500005696,8.120000000003287,15.902812499985536,12.722812499996357,20.399687500010437,14.497812500005823,22.334687499979687,18.858229166661637,31.690312500016212,22.32750000000893,,,,,
a16341de-4e4c-47a3-bf9c-73beadb84889,01/26/2026,3:29 PM,NordBord-2918,ISO 30,3,3,301,311.75,3.4482758620689613,123.2595,127.66162500000002,284.6666666666667,298.9166666666667,4.767214942849174,2207.4993749990836,2237.4065625002972,1.3366898981377995,1.1899999999999995,1.3999999999999986,1.3333333333333333,1.6624999999999996,,,,,214.99999999999696,169.9999999999984,180.00000000000384,90.00000000000108,307.5000000000011,195.0000000000016,199.99999999999716,143.33333333333246,395.0000000000014,253.88888888888997,236.6666666666689,207.77777777777843,527.4999999999995,374.58333333333394,360.0000000000013,317.91666666666714,510,386.6666666666667,368,337.33333333333314,2.255312499999551,1.6260416666660198,1.3337499999997346,1.2827083333335205,4.87499999999903,3.6904166666652127,2.952187499999413,2.920416666667116,7.777499999998453,6.534062499997425,5.401250000002763,5.154583333334196,11.583437499997695,10.71302083332907,9.223125000004718,8.669479166668152,18.278749999996364,16.327499999993396,14.40625000000737,13.486041666668998,,,,,
244d461e-64e6-4e31-9161-07efb9485361,01/26/2026,3:26 PM,NordBord-2918,ISO 30,3,3,427.75,477.25,10.371922472498696,190.562625,212.614875,402.5,423,4.846335697399528,3199.8506249988677,3305.7046875002547,3.2021633058043397,1.4875,1.4474999999999998,1.8083333333333333,1.8549999999999998,,,,,369.99999999999477,194.99999999999912,1469.9999999999986,644.9999999999977,1207.5000000000016,624.1666666666707,1777.5000000000023,888.3333333333312,1301.6666666666674,622.7777777777799,1753.3333333333344,864.9999999999982,1326.2500000000002,662.9166666666675,1330.0000000000002,713.7499999999982,1090,588.3333333333334,1001,571.3333333333334,3.7846874999992473,1.6932291666662467,3.946875000002019,2.165312500000621,8.102499999998388,4.660729166665377,9.92906249999979,7.109791666668156,13.0634374999974,10.320104166664146,22.081249999999528,14.27614583333588,25.115937499999465,17.484062499995932,36.61749999999922,22.825520833337,39.168124999999165,25.888437499993888,50.67781249999892,31.637500000004735,,,,,
df79741a-0c54-486b-8a9c-644933bb2932,01/26/2026,3:24 PM,NordBord-2918,ISO 30,3,3,358.25,370.75,3.3715441672285906,149.927625,155.158875,347.3333333333333,365.8333333333333,5.056947608200457,2663.681249999654,2665.712499999987,0.07619914001727457,1.2850000000000001,0.5549999999999999,1.4000000000000004,0.934166666666667,,,,,484.9999999999931,334.99999999999795,655.0000000000023,343.3333333333324,687.5000000000024,370.00000000000097,600.0000000000022,443.33333333333303,744.9999999999982,456.6666666666658,714.9999999999983,450.55555555555475,791.2500000000028,577.083333333334,742.499999999996,582.4999999999985,711,606.3333333333334,800,595.6666666666666,2.438437499999515,1.270104166666453,5.837187500000913,2.6627083333335686,5.42874999999892,3.534166666666074,13.285937500002078,6.589583333333774,9.441562499998122,7.00604166666551,21.36031250000334,11.628645833333884,15.754062499996866,12.590520833331388,29.895312500004675,18.88000000000054,24.768124999995074,20.17822916666376,39.08718750000611,28.004270833333834,,,,,
dbb4aa40-74a4-42c0-bc11-3a8a85dc7d1a,01/26/2026,3:21 PM,NordBord-2918,ISO 30,3,3,392,369,-5.867346938775508,156.996,147.7845,377.1666666666667,360.5,-4.418912947414944,3136.4618749988795,3033.195625000253,-3.292443973949566,1.1075,1.3625000000000007,1.405,2.0475000000000008,,,,,364.9999999999948,226.6666666666656,319.99999999999545,251.66666666666438,782.5000000000167,486.66666666667305,602.4999999999994,334.9999999999988,880.0000000000006,798.8888888888938,690.0000000000005,426.6666666666647,888.7500000000032,832.9166666666691,708.7500000000009,456.66666666666725,856,809.6666666666666,673,522.3333333333334,4.923437499995522,4.207083333331549,5.0987500000026085,4.584479166667208,11.96218749998912,9.552916666662407,10.942187500005598,10.112291666667831,21.23124999998069,17.757916666659025,17.923749999999618,16.83104166666857,32.51406249997043,28.939270833321434,28.2665624999994,25.156458333336275,45.6334374999585,42.091979166649786,40.102812499999146,35.065729166670835,,,,,
cae2b11a-5515-4922-8fe3-86c4c2ae18d6,11/18/2025,8:28 PM,NordBord-2918,ISO 30,4,4,500.25,356.75,-28.68565717141429,231.86587500000002,165.35362500000002,420.875,308.625,-26.670626670626675,5324.1500000000015,4799.544999999998,-9.85330991801514,,,,,,,,,,,,,,,,,,,,,,,,,,,,,,,,,,,,,,,,,,,,,,,,,,,,,
cae2b11a-5515-4922-8fe3-86c4c2ae18d6,11/07/2025,11:07 PM,NordBord-2918,ISO 30,3,4,434,287.25,-33.813364055299544,201.15900000000002,133.140375,374.91666666666663,231.6875,-38.20293398533007,4153.364999999999,4237.544999999998,1.9865275766982826,,,,,,,,,,,,,,,,,,,,,,,,,,,,,,,,,,,,,,,,,,,,,,,,,,,,,
41d77c54-30d6-487d-9328-741ed16ca4a0,09/23/2025,7:50 PM,NordBord-1754,ISO 30,1,1,234.75,242.5,3.1958762886597936,89.791875,92.75625000000001,234.75,242.5,3.1958762886597936,956.0349999999992,1052.6149999999996,9.175244510101077,,,,,,,,,,,,,,,,,,,,,,,,,,,,,,,,,,,,,,,,,,,,,,,,,,,,,
41d77c54-30d6-487d-9328-741ed16ca4a0,09/23/2025,7:50 PM,NordBord-1754,ISO 30,1,1,249.5,235,-5.811623246492981,95.43375,89.8875,249.5,235,-5.811623246492981,959.9099999999999,1054.9250000000006,9.00680143138145,,,,,,,,,,,,,,,,,,,,,,,,,,,,,,,,,,,,,,,,,,,,,,,,,,,,,
41d77c54-30d6-487d-9328-741ed16ca4a0,09/23/2025,7:49 PM,NordBord-1754,ISO 30,1,1,237.5,240.5,1.2474012474012475,90.84375,91.99125000000001,237.5,240.5,1.2474012474012475,1269.8199999999997,1471.5099999999986,13.7063288730623,,,,,,,,,,,,,,,,,,,,,,,,,,,,,,,,,,,,,,,,,,,,,,,,,,,,,
41d77c54-30d6-487d-9328-741ed16ca4a0,09/12/2025,10:32 PM,NordBord-1754,ISO 30,3,3,228,249.75,8.708708708708713,87.21000000000001,95.529375,223.16666666666666,241.83333333333331,7.718814610613367,2179.49,2478.1050000000005,12.050135083057445,,,,,,,,,,,,,,,,,,,,,,,,,,,,,,,,,,,,,,,,,,,,,,,,,,,,,
bc8caca5-cb63-40ee-ba9a-62a635ec4a05,08/29/2025,10:32 PM,NordBord-2918,ISO 30,3,3,321.25,381.25,15.73770491803279,134.44312499999998,159.553125,298.91666666666663,352.5,15.200945626477546,3434.625,4225.794999999998,18.722394247709573,,,,,,,,,,,,,,,,,,,,,,,,,,,,,,,,,,,,,,,,,,,,,,,,,,,,,
01495ae2-46d3-4146-83ef-324c89184396,08/29/2025,10:30 PM,NordBord-2918,ISO 30,3,3,357.25,356.25,-0.2799160251924393,133.43287500000002,133.05937500000002,323.25,325.75,0.7674597083653145,3632.8950000000013,3543.44,-2.46236128487064,,,,,,,,,,,,,,,,,,,,,,,,,,,,,,,,,,,,,,,,,,,,,,,,,,,,,
41d77c54-30d6-487d-9328-741ed16ca4a0,08/27/2025,7:56 PM,NordBord-2918,ISO 30,4,4,293.5,340.5,13.803230543318644,96.41475,111.85425000000001,284.8125,310.9375,8.402010050251253,3793.899999999999,4029.984999999999,5.8582103903612515,,,,,,,,,,,,,,,,,,,,,,,,,,,,,,,,,,,,,,,,,,,,,,,,,,,,,
a29eddec-b5b1-400f-8bfc-94182622870c,08/27/2025,7:54 PM,NordBord-2918,ISO 30,3,3,232,232.5,0.21505376344086446,86.65200000000002,86.83875000000002,224.33333333333331,218.58333333333331,-2.563150074294207,2360.9000000000005,2379.38,0.7766729147929086,,,,,,,,,,,,,,,,,,,,,,,,,,,,,,,,,,,,,,,,,,,,,,,,,,,,,
9fe3a0cf-b703-4522-8a79-4c6452f6abc6,08/27/2025,7:53 PM,NordBord-2918,ISO 30,3,3,279.5,282.75,1.1494252873563204,104.39325000000001,105.60712500000001,262.5,255.16666666666666,-2.7936507936507926,2850.5400000000013,2777.785,-2.552323419422331,,,,,,,,,,,,,,,,,,,,,,,,,,,,,,,,,,,,,,,,,,,,,,,,,,,,,
cae2b11a-5515-4922-8fe3-86c4c2ae18d6,08/16/2025,11:44 PM,NordBord-2918,ISO 30,1,1,505.25,425.25,-15.833745670460164,206.899875,174.13987500000002,505.25,425.25,-15.833745670460164,1287.9649999999995,1080.525,-16.106027725908657,,,,,,,,,,,,,,,,,,,,,,,,,,,,,,,,,,,,,,,,,,,,,,,,,,,,,
cae2b11a-5515-4922-8fe3-86c4c2ae18d6,08/16/2025,11:43 PM,NordBord-2918,ISO 30,1,1,499.5,425.25,-14.864864864864868,204.54525,174.13987500000002,499.5,425.25,-14.864864864864868,1366.8600000000004,1167.7249999999995,-14.568792707373168,,,,,,,,,,,,,,,,,,,,,,,,,,,,,,,,,,,,,,,,,,,,,,,,,,,,,
cae2b11a-5515-4922-8fe3-86c4c2ae18d6,08/16/2025,11:43 PM,NordBord-2918,ISO 30,4,3,480.5,421.5,-12.278876170655561,196.76475000000002,172.60425,212.0625,229.83333333333331,7.7320522117476305,1906.2600000000002,2546.930000000001,25.154597888438268,,,,,,,,,,,,,,,,,,,,,,,,,,,,,,,,,,,,,,,,,,,,,,,,,,,,,
ce96297b-aef4-4201-ab7d-1371d7297d30,08/16/2025,11:42 PM,NordBord-2918,ISO 30,1,1,342,277.25,-18.9327485380117,112.34700000000001,91.076625,342,277.25,-18.9327485380117,687.1199999999998,556.9349999999998,-18.94647223192455,,,,,,,,,,,,,,,,,,,,,,,,,,,,,,,,,,,,,,,,,,,,,,,,,,,,,
ce96297b-aef4-4201-ab7d-1371d7297d30,08/16/2025,11:41 PM,NordBord-2918,ISO 30,1,1,337.25,281.25,-16.60489251297257,110.786625,92.390625,337.25,281.25,-16.60489251297257,670.4150000000003,541.6550000000001,-19.206014185243493,,,,,,,,,,,,,,,,,,,,,,,,,,,,,,,,,,,,,,,,,,,,,,,,,,,,,
ce96297b-aef4-4201-ab7d-1371d7297d30,08/16/2025,11:41 PM,NordBord-2918,ISO 30,1,1,374.5,332.5,-11.214953271028039,123.02325,109.22625000000001,374.5,332.5,-11.214953271028039,982.8899999999995,836.15,-14.929442765721458,,,,,,,,,,,,,,,,,,,,,,,,,,,,,,,,,,,,,,,,,,,,,,,,,,,,,
d8df6e8d-921c-49b6-9c5d-53a5b02173f3,08/16/2025,11:38 PM,NordBord-2918,ISO 30,1,1,262.5,305.75,14.145543744889611,105.13125000000001,122.452875,262.5,305.75,14.145543744889611,559.3550000000001,579.6150000000001,3.4954236864125354,,,,,,,,,,,,,,,,,,,,,,,,,,,,,,,,,,,,,,,,,,,,,,,,,,,,,
d8df6e8d-921c-49b6-9c5d-53a5b02173f3,08/16/2025,11:38 PM,NordBord-2918,ISO 30,1,1,271.5,315,13.809523809523805,108.73575000000001,126.15750000000001,271.5,315,13.809523809523805,558.4050000000002,635.1999999999996,12.089892947103188,,,,,,,,,,,,,,,,,,,,,,,,,,,,,,,,,,,,,,,,,,,,,,,,,,,,,
d8df6e8d-921c-49b6-9c5d-53a5b02173f3,08/16/2025,11:38 PM,NordBord-2918,ISO 30,1,1,313,366.75,14.655760054533062,125.35650000000001,146.883375,313,366.75,14.655760054533062,674.6249999999998,788.7449999999997,14.468554475781136,,,,,,,,,,,,,,,,,,,,,,,,,,,,,,,,,,,,,,,,,,,,,,,,,,,,,
73c3f58b-b017-4f98-acc6-30cc0b36b4b9,08/16/2025,11:36 PM,NordBord-2918,ISO 30,1,1,147.75,155,4.677419354838708,56.514375,59.2875,147.75,155,4.677419354838708,359.80500000000006,373.99499999999995,3.794168371234874,,,,,,,,,,,,,,,,,,,,,,,,,,,,,,,,,,,,,,,,,,,,,,,,,,,,,
73c3f58b-b017-4f98-acc6-30cc0b36b4b9,08/16/2025,11:36 PM,NordBord-2918,ISO 30,1,1,163.75,178,8.00561797752809,62.634375,68.08500000000001,163.75,178,8.00561797752809,471.20000000000005,550.495,14.404308849308345,,,,,,,,,,,,,,,,,,,,,,,,,,,,,,,,,,,,,,,,,,,,,,,,,,,,,
36220e68-d1be-4d98-9059-74de3091b1b1,08/16/2025,11:35 PM,NordBord-2918,ISO 30,1,1,414.5,400.5,-3.3775633293124274,158.54625000000001,153.19125,414.5,400.5,-3.3775633293124274,1028.885,1029.2950000000005,0.03983308963907417,,,,,,,,,,,,,,,,,,,,,,,,,,,,,,,,,,,,,,,,,,,,,,,,,,,,,
36220e68-d1be-4d98-9059-74de3091b1b1,08/16/2025,11:35 PM,NordBord-2918,ISO 30,1,1,417,431.5,3.360370799536505,159.5025,165.04875,417,431.5,3.360370799536505,1131.2549999999994,1188.7949999999994,4.840195323836316,,,,,,,,,,,,,,,,,,,,,,,,,,,,,,,,,,,,,,,,,,,,,,,,,,,,,
36220e68-d1be-4d98-9059-74de3091b1b1,08/16/2025,11:34 PM,NordBord-2918,ISO 30,1,1,346.5,353.75,2.0494699646643078,132.53625,135.309375,346.5,353.75,2.0494699646643078,828.175,827.975,-0.02414948531408445,,,,,,,,,,,,,,,,,,,,,,,,,,,,,,,,,,,,,,,,,,,,,,,,,,,,,
3b64d0cc-84bd-4d01-8932-816eb6e5408b,08/16/2025,11:34 PM,NordBord-2918,ISO 30,1,1,343,359.5,4.589707927677333,134.2845,140.74425,343,359.5,4.589707927677333,718.9150000000001,801.3700000000001,10.289254651409463,,,,,,,,,,,,,,,,,,,,,,,,,,,,,,,,,,,,,,,,,,,,,,,,,,,,,
3b64d0cc-84bd-4d01-8932-816eb6e5408b,08/16/2025,11:33 PM,NordBord-2918,ISO 30,1,1,327.25,339.5,3.6082474226804107,128.11837500000001,132.91425,327.25,339.5,3.6082474226804107,724.3849999999998,813.11,10.911807750488888,,,,,,,,,,,,,,,,,,,,,,,,,,,,,,,,,,,,,,,,,,,,,,,,,,,,,
3b64d0cc-84bd-4d01-8932-816eb6e5408b,08/16/2025,11:33 PM,NordBord-2918,ISO 30,1,1,309,324,4.629629629629628,120.9735,126.846,309,324,4.629629629629628,648.3700000000002,723.8649999999994,10.429430902170889,,,,,,,,,,,,,,,,,,,,,,,,,,,,,,,,,,,,,,,,,,,,,,,,,,,,,
52525e58-1f87-453e-b89d-f7fa45a737ba,08/16/2025,11:31 PM,NordBord-2918,ISO 30,1,1,315.25,326.5,3.4456355283307816,120.583125,124.88625,315.25,326.5,3.4456355283307816,894.3899999999999,942.0000000000005,5.054140127388596,,,,,,,,,,,,,,,,,,,,,,,,,,,,,,,,,,,,,,,,,,,,,,,,,,,,,
52525e58-1f87-453e-b89d-f7fa45a737ba,08/16/2025,11:30 PM,NordBord-2918,ISO 30,1,1,339.75,342.5,0.8029197080291928,129.954375,131.00625,339.75,342.5,0.8029197080291928,837.9149999999994,857.4749999999996,2.2811160675238584,,,,,,,,,,,,,,,,,,,,,,,,,,,,,,,,,,,,,,,,,,,,,,,,,,,,,
52525e58-1f87-453e-b89d-f7fa45a737ba,08/16/2025,11:30 PM,NordBord-2918,ISO 30,1,1,308.75,332.75,7.212622088655152,118.096875,127.276875,308.75,332.75,7.212622088655152,735.0199999999998,861.2849999999999,14.660071869358005,,,,,,,,,,,,,,,,,,,,,,,,,,,,,,,,,,,,,,,,,,,,,,,,,,,,,
fdf84293-add6-4bbf-a0df-e46427a4eb99,08/16/2025,11:29 PM,NordBord-2918,ISO 30,1,2,349.25,342.5,-1.9327129563350032,130.44487500000002,127.92375000000001,349.25,207.125,-40.69434502505369,772.155,777.6050000000002,0.7008699789739392,,,,,,,,,,,,,,,,,,,,,,,,,,,,,,,,,,,,,,,,,,,,,,,,,,,,,
fdf84293-add6-4bbf-a0df-e46427a4eb99,08/16/2025,11:29 PM,NordBord-2918,ISO 30,1,2,338.5,319.25,-5.686853766617428,126.42975000000001,119.23987500000001,338.5,195.375,-42.2821270310192,667.3049999999996,706.8999999999997,5.601216579431345,,,,,,,,,,,,,,,,,,,,,,,,,,,,,,,,,,,,,,,,,,,,,,,,,,,,,
fdf84293-add6-4bbf-a0df-e46427a4eb99,08/16/2025,11:29 PM,NordBord-2918,ISO 30,1,1,367.75,335.25,-8.837525492861998,137.35462500000003,125.21587500000001,367.75,335.25,-8.837525492861998,839.3499999999998,849.835,1.233768908082189,,,,,,,,,,,,,,,,,,,,,,,,,,,,,,,,,,,,,,,,,,,,,,,,,,,,,
fd50323c-e3cd-4256-9832-ce6a132b76a1,08/16/2025,11:28 PM,NordBord-2918,ISO 30,1,1,427,431.5,1.0428736964078755,163.32750000000001,165.04875,427,431.5,1.0428736964078755,1033.7700000000007,1069.5700000000006,3.3471395046607455,,,,,,,,,,,,,,,,,,,,,,,,,,,,,,,,,,,,,,,,,,,,,,,,,,,,,
fd50323c-e3cd-4256-9832-ce6a132b76a1,08/16/2025,11:28 PM,NordBord-2918,ISO 30,1,1,400.25,414.25,3.3796016898008485,153.095625,158.450625,400.25,414.25,3.3796016898008485,937.305,1004.8350000000006,6.720506351789157,,,,,,,,,,,,,,,,,,,,,,,,,,,,,,,,,,,,,,,,,,,,,,,,,,,,,
fd50323c-e3cd-4256-9832-ce6a132b76a1,08/16/2025,11:28 PM,NordBord-2918,ISO 30,1,1,410.25,438.5,6.442417331812999,156.920625,167.72625,410.25,438.5,6.442417331812999,975.0250000000003,1077.4100000000003,9.502881911250128,,,,,,,,,,,,,,,,,,,,,,,,,,,,,,,,,,,,,,,,,,,,,,,,,,,,,
8720d9d1-c213-400a-bd49-d989bc14b14d,08/16/2025,11:27 PM,NordBord-2918,ISO 30,1,1,360.5,309,-14.28571428571429,137.89125,118.1925,360.5,309,-14.28571428571429,877.4999999999999,765.9400000000004,-12.71339031339026,,,,,,,,,,,,,,,,,,,,,,,,,,,,,,,,,,,,,,,,,,,,,,,,,,,,,
8720d9d1-c213-400a-bd49-d989bc14b14d,08/16/2025,11:27 PM,NordBord-2918,ISO 30,1,1,322.75,309.25,-4.182804027885356,123.451875,118.28812500000001,322.75,309.25,-4.182804027885356,853.7249999999999,805.6400000000001,-5.632375765029696,,,,,,,,,,,,,,,,,,,,,,,,,,,,,,,,,,,,,,,,,,,,,,,,,,,,,
8720d9d1-c213-400a-bd49-d989bc14b14d,08/16/2025,11:26 PM,NordBord-2918,ISO 30,1,1,328.75,328.5,-0.07604562737643095,125.746875,125.65125,328.75,328.5,-0.07604562737643095,1007.7250000000004,909.8650000000002,-9.710982658959544,,,,,,,,,,,,,,,,,,,,,,,,,,,,,,,,,,,,,,,,,,,,,,,,,,,,,
216d3c0e-24d3-47b2-8bf0-1ff559e3b440,08/16/2025,11:25 PM,NordBord-2918,ISO 30,1,1,278.5,260,-6.642728904847395,99.00675000000001,92.43,278.5,260,-6.642728904847395,678.63,669.5649999999999,-1.3357794379853627,,,,,,,,,,,,,,,,,,,,,,,,,,,,,,,,,,,,,,,,,,,,,,,,,,,,,
216d3c0e-24d3-47b2-8bf0-1ff559e3b440,08/16/2025,11:25 PM,NordBord-2918,ISO 30,1,1,266.75,252.5,-5.34208059981256,94.82962500000001,89.76375000000002,266.75,252.5,-5.34208059981256,765.3199999999999,773.5799999999996,1.0677628687400964,,,,,,,,,,,,,,,,,,,,,,,,,,,,,,,,,,,,,,,,,,,,,,,,,,,,,
216d3c0e-24d3-47b2-8bf0-1ff559e3b440,08/16/2025,11:25 PM,NordBord-2918,ISO 30,1,2,266.25,276.75,3.7940379403794022,94.651875,98.38462500000001,266.25,169.25,-36.431924882629104,714.8599999999998,964.1099999999996,25.85285911358661,,,,,,,,,,,,,,,,,,,,,,,,,,,,,,,,,,,,,,,,,,,,,,,,,,,,,
60cf5fd7-297f-45eb-982f-6780b2558107,08/16/2025,11:24 PM,NordBord-2918,ISO 30,1,1,352.5,308.25,-12.553191489361703,141.17625,123.454125,352.5,308.25,-12.553191489361703,903.8900000000001,768.68,-14.958678600272169,,,,,,,,,,,,,,,,,,,,,,,,,,,,,,,,,,,,,,,,,,,,,,,,,,,,,
60cf5fd7-297f-45eb-982f-6780b2558107,08/16/2025,11:23 PM,NordBord-2918,ISO 30,1,1,343.25,320.5,-6.627822286962859,137.47162500000002,128.36025,343.25,320.5,-6.627822286962859,858.8299999999999,768.6000000000004,-10.506153720759592,,,,,,,,,,,,,,,,,,,,,,,,,,,,,,,,,,,,,,,,,,,,,,,,,,,,,
60cf5fd7-297f-45eb-982f-6780b2558107,08/16/2025,11:23 PM,NordBord-2918,ISO 30,1,1,341.75,331,-3.145574250182881,136.870875,132.56550000000001,341.75,331,-3.145574250182881,1083.5749999999998,929.7950000000001,-14.191911035230586,,,,,,,,,,,,,,,,,,,,,,,,,,,,,,,,,,,,,,,,,,,,,,,,,,,,,
a16341de-4e4c-47a3-bf9c-73beadb84889,08/16/2025,11:22 PM,NordBord-2918,ISO 30,1,1,265.75,271.25,2.027649769585249,96.86587500000002,98.87062500000002,265.75,271.25,2.027649769585249,657.1549999999994,695.9899999999999,5.579821549160258,,,,,,,,,,,,,,,,,,,,,,,,,,,,,,,,,,,,,,,,,,,,,,,,,,,,,
a16341de-4e4c-47a3-bf9c-73beadb84889,08/16/2025,11:22 PM,NordBord-2918,ISO 30,1,1,286.25,304.25,5.916187345932622,104.33812500000002,110.89912500000001,286.25,304.25,5.916187345932622,713.5350000000001,734.3550000000001,2.835141042139022,,,,,,,,,,,,,,,,,,,,,,,,,,,,,,,,,,,,,,,,,,,,,,,,,,,,,
a16341de-4e4c-47a3-bf9c-73beadb84889,08/16/2025,11:22 PM,NordBord-2918,ISO 30,1,1,319.25,316,-1.018010963194993,116.36662500000001,115.18200000000002,319.25,316,-1.018010963194993,756.9450000000005,735.8950000000001,-2.780915390153893,,,,,,,,,,,,,,,,,,,,,,,,,,,,,,,,,,,,,,,,,,,,,,,,,,,,,
3a64a8ed-9513-4652-982a-3a3573852f3d,08/16/2025,11:20 PM,NordBord-2918,ISO 30,1,1,273,359.25,24.00835073068893,101.96550000000002,134.179875,273,359.25,24.00835073068893,564.1299999999998,784.4749999999998,28.088211861436008,,,,,,,,,,,,,,,,,,,,,,,,,,,,,,,,,,,,,,,,,,,,,,,,,,,,,
3a64a8ed-9513-4652-982a-3a3573852f3d,08/16/2025,11:20 PM,NordBord-2918,ISO 30,1,1,265.5,355.5,25.31645569620253,99.16425000000001,132.77925000000002,265.5,355.5,25.31645569620253,618.9350000000001,852.9799999999999,27.43850969542074,,,,,,,,,,,,,,,,,,,,,,,,,,,,,,,,,,,,,,,,,,,,,,,,,,,,,
3a64a8ed-9513-4652-982a-3a3573852f3d,08/16/2025,11:20 PM,NordBord-2918,ISO 30,1,1,274.25,364,24.65659340659341,102.43237500000002,135.954,274.25,364,24.65659340659341,608.4450000000006,835.7950000000002,27.201646336721264,,,,,,,,,,,,,,,,,,,,,,,,,,,,,,,,,,,,,,,,,,,,,,,,,,,,,
db2ade3b-aec7-4930-a714-731303f3ff88,08/16/2025,11:18 PM,NordBord-2918,ISO 30,1,1,301,248.75,-17.358803986710967,117.84150000000001,97.385625,301,248.75,-17.358803986710967,800.135,664.9099999999996,-16.900273078917984,,,,,,,,,,,,,,,,,,,,,,,,,,,,,,,,,,,,,,,,,,,,,,,,,,,,,
db2ade3b-aec7-4930-a714-731303f3ff88,08/16/2025,11:18 PM,NordBord-2918,ISO 30,1,1,327.5,266.75,-18.549618320610683,128.21625,104.432625,327.5,266.75,-18.549618320610683,910.4549999999998,785.7499999999997,-13.696997655018661,,,,,,,,,,,,,,,,,,,,,,,,,,,,,,,,,,,,,,,,,,,,,,,,,,,,,
db2ade3b-aec7-4930-a714-731303f3ff88,08/16/2025,11:18 PM,NordBord-2918,ISO 30,2,2,338.5,298.5,-11.816838995568691,132.52275,116.86275,208.25,189,-9.243697478991598,889.2750000000004,859.8900000000001,-3.3043771611706574,,,,,,,,,,,,,,,,,,,,,,,,,,,,,,,,,,,,,,,,,,,,,,,,,,,,,
244d461e-64e6-4e31-9161-07efb9485361,08/16/2025,11:17 PM,NordBord-2918,ISO 30,2,2,397.5,398,0.12562814070351536,148.46625000000003,148.65300000000002,254.125,274.25,7.338195077484045,899.2950000000001,924.7300000000002,2.750532587890542,,,,,,,,,,,,,,,,,,,,,,,,,,,,,,,,,,,,,,,,,,,,,,,,,,,,,
244d461e-64e6-4e31-9161-07efb9485361,08/16/2025,11:17 PM,NordBord-2918,ISO 30,1,1,428.5,437.75,2.1130782410051396,160.04475000000002,163.49962500000004,428.5,437.75,2.1130782410051396,671.0600000000001,739.3649999999997,9.238332893766898,,,,,,,,,,,,,,,,,,,,,,,,,,,,,,,,,,,,,,,,,,,,,,,,,,,,,
244d461e-64e6-4e31-9161-07efb9485361,08/16/2025,11:17 PM,NordBord-2918,ISO 30,1,1,409.75,446.5,8.230683090705481,153.041625,166.76775000000004,409.75,446.5,8.230683090705481,772.6500000000001,881.9249999999997,12.390509397057537,,,,,,,,,,,,,,,,,,,,,,,,,,,,,,,,,,,,,,,,,,,,,,,,,,,,,
5e0b77df-1117-457d-b219-40f4f4659759,08/16/2025,11:16 PM,NordBord-2918,ISO 30,1,1,475.25,404.25,-14.939505523408735,207.446625,176.455125,475.25,404.25,-14.939505523408735,944.065,810.8799999999998,-14.107609115897768,,,,,,,,,,,,,,,,,,,,,,,,,,,,,,,,,,,,,,,,,,,,,,,,,,,,,
5e0b77df-1117-457d-b219-40f4f4659759,08/16/2025,11:16 PM,NordBord-2918,ISO 30,1,1,479.25,394.5,-17.683881064162755,209.192625,172.19925,479.25,394.5,-17.683881064162755,936.8049999999998,789.7649999999999,-15.69590256243295,,,,,,,,,,,,,,,,,,,,,,,,,,,,,,,,,,,,,,,,,,,,,,,,,,,,,
5e0b77df-1117-457d-b219-40f4f4659759,08/16/2025,11:15 PM,NordBord-2918,ISO 30,1,1,419.5,392,-6.555423122765191,183.11175,171.108,419.5,392,-6.555423122765191,782.625,717.4200000000003,-8.331576425491093,,,,,,,,,,,,,,,,,,,,,,,,,,,,,,,,,,,,,,,,,,,,,,,,,,,,,
c4af5dff-a038-40c0-8eab-be2e9a653245,08/16/2025,11:14 PM,NordBord-2918,ISO 30,1,1,250.25,271.75,7.911683532658698,93.46837500000001,101.49862500000002,250.25,271.75,7.911683532658698,411.205,451.8500000000001,8.995241783777818,,,,,,,,,,,,,,,,,,,,,,,,,,,,,,,,,,,,,,,,,,,,,,,,,,,,,
c4af5dff-a038-40c0-8eab-be2e9a653245,08/16/2025,11:14 PM,NordBord-2918,ISO 30,1,1,271.5,298,8.892617449664431,101.40525000000001,111.30300000000001,271.5,298,8.892617449664431,487.4350000000003,552.3349999999998,11.75011541908435,,,,,,,,,,,,,,,,,,,,,,,,,,,,,,,,,,,,,,,,,,,,,,,,,,,,,
c4af5dff-a038-40c0-8eab-be2e9a653245,08/16/2025,11:14 PM,NordBord-2918,ISO 30,1,2,308,323,4.643962848297212,115.03800000000001,120.64050000000002,308,189.25,-38.5551948051948,621.0150000000002,668.0849999999999,7.045510676036693,,,,,,,,,,,,,,,,,,,,,,,,,,,,,,,,,,,,,,,,,,,,,,,,,,,,,
ea32ada1-3719-4cab-a88b-0b56811dfa1f,08/16/2025,11:13 PM,NordBord-2918,ISO 30,1,1,385,339.25,-11.883116883116884,143.7975,126.70987500000003,385,339.25,-11.883116883116884,618.2800000000003,574.3449999999999,-7.106003752345281,,,,,,,,,,,,,,,,,,,,,,,,,,,,,,,,,,,,,,,,,,,,,,,,,,,,,
ea32ada1-3719-4cab-a88b-0b56811dfa1f,08/16/2025,11:13 PM,NordBord-2918,ISO 30,1,1,369.25,355.5,-3.7237643872715,137.91487500000002,132.77925000000002,369.25,355.5,-3.7237643872715,709.5600000000004,747.4500000000008,5.069235400361283,,,,,,,,,,,,,,,,,,,,,,,,,,,,,,,,,,,,,,,,,,,,,,,,,,,,,
ea32ada1-3719-4cab-a88b-0b56811dfa1f,08/16/2025,11:13 PM,NordBord-2918,ISO 30,1,1,360.5,351.75,-2.4271844660194164,134.64675000000003,131.37862500000003,360.5,351.75,-2.4271844660194164,791.4800000000006,816.3699999999999,3.0488626480639103,,,,,,,,,,,,,,,,,,,,,,,,,,,,,,,,,,,,,,,,,,,,,,,,,,,,,
df79741a-0c54-486b-8a9c-644933bb2932,08/16/2025,11:12 PM,NordBord-2918,ISO 30,1,1,348.25,391.5,11.047254150702424,123.80287500000001,139.17825000000002,348.25,391.5,11.047254150702424,744.9549999999998,866.0549999999997,13.982945655876355,,,,,,,,,,,,,,,,,,,,,,,,,,,,,,,,,,,,,,,,,,,,,,,,,,,,,
df79741a-0c54-486b-8a9c-644933bb2932,08/16/2025,11:12 PM,NordBord-2918,ISO 30,1,1,356.5,393.75,9.460317460317459,126.73575000000001,139.978125,356.5,393.75,9.460317460317459,831.0499999999998,951.4049999999999,12.650238331730446,,,,,,,,,,,,,,,,,,,,,,,,,,,,,,,,,,,,,,,,,,,,,,,,,,,,,
df79741a-0c54-486b-8a9c-644933bb2932,08/16/2025,11:11 PM,NordBord-2918,ISO 30,1,1,376,412.25,8.793208004851428,133.668,146.554875,376,412.25,8.793208004851428,903.6500000000003,1033.125,12.532365396249212,,,,,,,,,,,,,,,,,,,,,,,,,,,,,,,,,,,,,,,,,,,,,,,,,,,,,
dbb4aa40-74a4-42c0-bc11-3a8a85dc7d1a,08/16/2025,11:11 PM,NordBord-2918,ISO 30,1,1,391.75,354,-9.636247606892145,135.741375,122.66100000000002,391.75,354,-9.636247606892145,788.5400000000003,754.4099999999997,-4.32825221295059,,,,,,,,,,,,,,,,,,,,,,,,,,,,,,,,,,,,,,,,,,,,,,,,,,,,,
dbb4aa40-74a4-42c0-bc11-3a8a85dc7d1a,08/16/2025,11:10 PM,NordBord-2918,ISO 30,1,1,379.75,358.25,-5.661619486504277,131.58337500000002,124.13362500000001,379.75,358.25,-5.661619486504277,538.645,575.58,6.417005455366775,,,,,,,,,,,,,,,,,,,,,,,,,,,,,,,,,,,,,,,,,,,,,,,,,,,,,
dbb4aa40-74a4-42c0-bc11-3a8a85dc7d1a,08/16/2025,11:10 PM,NordBord-2918,ISO 30,1,1,351.25,336.75,-4.128113879003559,121.70812500000001,116.68387500000001,351.25,336.75,-4.128113879003559,577.7499999999998,596.6750000000001,3.171743411404915,,,,,,,,,,,,,,,,,,,,,,,,,,,,,,,,,,,,,,,,,,,,,,,,,,,,,
b51cd86a-9d38-40a3-8fb6-1e3893857e88,08/16/2025,11:09 PM,NordBord-2918,ISO 30,2,3,244,243.25,-0.30737704918032405,99.918,99.61087500000001,155.375,127.91666666666666,-17.672298203271662,455.73499999999996,464.4,1.865848406546089,,,,,,,,,,,,,,,,,,,,,,,,,,,,,,,,,,,,,,,,,,,,,,,,,,,,,
b51cd86a-9d38-40a3-8fb6-1e3893857e88,08/16/2025,11:09 PM,NordBord-2918,ISO 30,1,1,249,266.5,6.566604127579733,101.9655,109.13175000000001,249,266.5,6.566604127579733,473.6550000000002,555.5599999999998,14.742782057743476,,,,,,,,,,,,,,,,,,,,,,,,,,,,,,,,,,,,,,,,,,,,,,,,,,,,,
b51cd86a-9d38-40a3-8fb6-1e3893857e88,08/16/2025,11:09 PM,NordBord-2918,ISO 30,1,1,251.5,250.25,-0.497017892644136,102.98925000000001,102.47737500000001,251.5,250.25,-0.497017892644136,546.4000000000002,579.2750000000001,5.675197445082192,,,,,,,,,,,,,,,,,,,,,,,,,,,,,,,,,,,,,,,,,,,,,,,,,,,,,
b680bdf4-68b7-4866-a877-fbc866ff6600,08/16/2025,11:08 PM,NordBord-2918,ISO 30,1,1,230.75,228,-1.1917659804983716,92.41537500000001,91.31400000000001,230.75,228,-1.1917659804983716,442.7649999999999,451.1700000000001,1.8629341489904472,,,,,,,,,,,,,,,,,,,,,,,,,,,,,,,,,,,,,,,,,,,,,,,,,,,,,
b680bdf4-68b7-4866-a877-fbc866ff6600,08/16/2025,11:08 PM,NordBord-2918,ISO 30,1,1,242.75,248,2.116935483870963,97.22137500000001,99.32400000000001,242.75,248,2.116935483870963,495.0099999999998,523.0999999999999,5.369910151022772,,,,,,,,,,,,,,,,,,,,,,,,,,,,,,,,,,,,,,,,,,,,,,,,,,,,,
b680bdf4-68b7-4866-a877-fbc866ff6600,08/16/2025,11:07 PM,NordBord-2918,ISO 30,1,1,259.75,275.25,5.631244323342422,104.029875,110.23762500000001,259.75,275.25,5.631244323342422,670.46,667.9399999999998,-0.3758613489246554,,,,,,,,,,,,,,,,,,,,,,,,,,,,,,,,,,,,,,,,,,,,,,,,,,,,,
fb19e221-2d5c-489c-8784-96a2a0323b94,08/16/2025,10:29 PM,NordBord-2918,ISO 30,2,1,317.5,365.75,13.192071086807932,118.58625000000002,136.607625,188.75,365.75,48.39371155160629,843.7949999999998,911.4799999999994,7.425834905867346,,,,,,,,,,,,,,,,,,,,,,,,,,,,,,,,,,,,,,,,,,,,,,,,,,,,,
fb19e221-2d5c-489c-8784-96a2a0323b94,08/16/2025,10:28 PM,NordBord-2918,ISO 30,1,1,330.5,375.25,11.925383077948037,123.44175000000001,140.155875,330.5,375.25,11.925383077948037,685.0049999999998,853.9050000000003,19.779717884308035,,,,,,,,,,,,,,,,,,,,,,,,,,,,,,,,,,,,,,,,,,,,,,,,,,,,,
fb19e221-2d5c-489c-8784-96a2a0323b94,08/16/2025,10:28 PM,NordBord-2918,ISO 30,2,2,315.75,371,14.892183288409699,117.93262500000002,138.56850000000003,191.75,228,15.899122807017541,849.1050000000004,1051.7549999999999,19.26779525649981,,,,,,,,,,,,,,,,,,,,,,,,,,,,,,,,,,,,,,,,,,,,,,,,,,,,,
6dbf42b5-f353-4cb3-aaba-1918d79b5784,08/16/2025,10:27 PM,NordBord-2918,ISO 30,1,2,253.5,206.75,-18.441814595660755,90.11925000000001,73.49962500000001,253.5,132.5,-47.73175542406312,891.0449999999994,787.825,-11.584151193261782,,,,,,,,,,,,,,,,,,,,,,,,,,,,,,,,,,,,,,,,,,,,,,,,,,,,,
6dbf42b5-f353-4cb3-aaba-1918d79b5784,08/16/2025,10:27 PM,NordBord-2918,ISO 30,1,1,260,227,-12.692307692307692,92.43,80.69850000000001,260,227,-12.692307692307692,963.6899999999995,922.19,-4.3063640797351255,,,,,,,,,,,,,,,,,,,,,,,,,,,,,,,,,,,,,,,,,,,,,,,,,,,,,
6dbf42b5-f353-4cb3-aaba-1918d79b5784,08/16/2025,10:27 PM,NordBord-2918,ISO 30,3,4,255.75,246.5,-3.616813294232646,90.91912500000001,87.63075,132.41666666666666,117.6875,-11.123348017621137,1148.6449999999998,1186.1400000000003,3.1610939686715356,,,,,,,,,,,,,,,,,,,,,,,,,,,,,,,,,,,,,,,,,,,,,,,,,,,,,
06c71e5c-cd0f-430a-bb03-3baa86430007,08/16/2025,10:26 PM,NordBord-2918,ISO 30,1,1,334.25,339,1.4011799410029502,112.809375,114.41250000000001,334.25,339,1.4011799410029502,804.2950000000003,853.5900000000004,5.775020794526653,,,,,,,,,,,,,,,,,,,,,,,,,,,,,,,,,,,,,,,,,,,,,,,,,,,,,
06c71e5c-cd0f-430a-bb03-3baa86430007,08/16/2025,10:26 PM,NordBord-2918,ISO 30,1,1,332.75,335.5,0.8196721311475419,112.30312500000001,113.23125,332.75,335.5,0.8196721311475419,960.0550000000004,968.0500000000003,0.8258870926088457,,,,,,,,,,,,,,,,,,,,,,,,,,,,,,,,,,,,,,,,,,,,,,,,,,,,,
06c71e5c-cd0f-430a-bb03-3baa86430007,08/16/2025,10:25 PM,NordBord-2918,ISO 30,1,3,312,308.5,-1.1217948717948678,105.30000000000001,104.11875,312,151.16666666666666,-51.5491452991453,735.0500000000001,858.3449999999998,14.364270776902032,,,,,,,,,,,,,,,,,,,,,,,,,,,,,,,,,,,,,,,,,,,,,,,,,,,,,
29c053b7-322e-4e20-8773-83b2e6fae05f,08/16/2025,10:24 PM,NordBord-2918,ISO 30,1,1,337.25,357.75,5.730258560447243,113.821875,120.74062500000001,337.25,357.75,5.730258560447243,1220.669999999999,1625.4449999999997,24.902411339663956,,,,,,,,,,,,,,,,,,,,,,,,,,,,,,,,,,,,,,,,,,,,,,,,,,,,,
29c053b7-322e-4e20-8773-83b2e6fae05f,08/16/2025,10:24 PM,NordBord-2918,ISO 30,1,1,336.75,364.5,7.61316872427984,113.653125,123.01875000000001,336.75,364.5,7.61316872427984,1075.1000000000001,1652.069999999995,34.9240649609276,,,,,,,,,,,,,,,,,,,,,,,,,,,,,,,,,,,,,,,,,,,,,,,,,,,,,
29c053b7-322e-4e20-8773-83b2e6fae05f,08/16/2025,10:23 PM,NordBord-2918,ISO 30,2,1,339,372,8.870967741935488,114.41250000000001,125.55000000000001,200.25,372,46.16935483870967,1063.8900000000006,1175.2499999999995,9.475430759412806,,,,,,,,,,,,,,,,,,,,,,,,,,,,,,,,,,,,,,,,,,,,,,,,,,,,,
07d011b6-fe6f-4210-97f8-76db414dee2e,08/16/2025,10:22 PM,NordBord-2918,ISO 30,1,1,289.5,283.75,-1.9861830742659792,102.91725000000001,100.87312500000002,289.5,283.75,-1.9861830742659792,887.4150000000003,906.38,2.0923895055053876,,,,,,,,,,,,,,,,,,,,,,,,,,,,,,,,,,,,,,,,,,,,,,,,,,,,,
07d011b6-fe6f-4210-97f8-76db414dee2e,08/16/2025,10:22 PM,NordBord-2918,ISO 30,1,1,296,286.75,-3.125,105.22800000000001,101.939625,296,286.75,-3.125,916.4700000000005,975.0900000000004,6.011752761283562,,,,,,,,,,,,,,,,,,,,,,,,,,,,,,,,,,,,,,,,,,,,,,,,,,,,,
07d011b6-fe6f-4210-97f8-76db414dee2e,08/16/2025,10:22 PM,NordBord-2918,ISO 30,1,1,301.25,292.25,-2.9875518672199175,107.09437500000001,103.89487500000001,301.25,292.25,-2.9875518672199175,881.61,1089.6999999999998,19.09608149031842,,,,,,,,,,,,,,,,,,,,,,,,,,,,,,,,,,,,,,,,,,,,,,,,,,,,,
a29eddec-b5b1-400f-8bfc-94182622870c,08/16/2025,10:21 PM,NordBord-2918,ISO 30,1,1,256.75,311.75,17.642341619887738,91.27462500000001,110.82712500000001,256.75,311.75,17.642341619887738,694.34,854.8649999999999,18.77781871991483,,,,,,,,,,,,,,,,,,,,,,,,,,,,,,,,,,,,,,,,,,,,,,,,,,,,,
a29eddec-b5b1-400f-8bfc-94182622870c,08/16/2025,10:20 PM,NordBord-2918,ISO 30,1,1,262,311,15.7556270096463,93.141,110.56050000000002,262,311,15.7556270096463,763.8199999999998,878.6300000000003,13.066933749132225,,,,,,,,,,,,,,,,,,,,,,,,,,,,,,,,,,,,,,,,,,,,,,,,,,,,,
a29eddec-b5b1-400f-8bfc-94182622870c,08/16/2025,10:20 PM,NordBord-2918,ISO 30,1,1,281.25,304,7.483552631578949,99.98437500000001,108.07200000000002,281.25,304,7.483552631578949,804.1999999999997,866.6200000000003,7.202695529759362,,,,,,,,,,,,,,,,,,,,,,,,,,,,,,,,,,,,,,,,,,,,,,,,,,,,,
2c1aac33-30d7-4b1e-be00-0c106fcd235b,08/16/2025,10:19 PM,NordBord-2918,ISO 30,1,1,259.75,260.25,0.19212295869356355,99.354375,99.545625,259.75,260.25,0.19212295869356355,770.8200000000003,754.4300000000002,-2.1263070496354675,,,,,,,,,,,,,,,,,,,,,,,,,,,,,,,,,,,,,,,,,,,,,,,,,,,,,
2c1aac33-30d7-4b1e-be00-0c106fcd235b,08/16/2025,10:18 PM,NordBord-2918,ISO 30,1,1,256.25,256.25,0,98.015625,98.015625,256.25,256.25,0,753.1199999999993,783.1000000000004,3.8283744093986716,,,,,,,,,,,,,,,,,,,,,,,,,,,,,,,,,,,,,,,,,,,,,,,,,,,,,
2c1aac33-30d7-4b1e-be00-0c106fcd235b,08/16/2025,10:18 PM,NordBord-2918,ISO 30,2,1,256,250.75,-2.05078125,97.92,95.911875,162.625,250.75,35.14456630109672,812.7849999999995,799.3399999999996,-1.6541889921688924,,,,,,,,,,,,,,,,,,,,,,,,,,,,,,,,,,,,,,,,,,,,,,,,,,,,,
ab4b4d22-e858-4de3-9113-2e5b9c177500,08/16/2025,10:17 PM,NordBord-2918,ISO 30,1,2,334.5,325.5,-2.6905829596412523,121.92525000000002,118.64475000000002,334.5,192.375,-42.48878923766816,1044.8499999999997,1049.3450000000003,0.42836245467415823,,,,,,,,,,,,,,,,,,,,,,,,,,,,,,,,,,,,,,,,,,,,,,,,,,,,,
ab4b4d22-e858-4de3-9113-2e5b9c177500,08/16/2025,10:16 PM,NordBord-2918,ISO 30,1,1,296.5,295.25,-0.4215851602023646,108.07425000000002,107.61862500000001,296.5,295.25,-0.4215851602023646,830.9049999999999,821.5400000000003,-1.127084323719263,,,,,,,,,,,,,,,,,,,,,,,,,,,,,,,,,,,,,,,,,,,,,,,,,,,,,
ab4b4d22-e858-4de3-9113-2e5b9c177500,08/16/2025,10:16 PM,NordBord-2918,ISO 30,1,1,256.5,259.25,1.060752169720347,93.49425000000001,94.49662500000001,256.5,259.25,1.060752169720347,770.9050000000005,868.045,11.190664078475132,,,,,,,,,,,,,,,,,,,,,,,,,,,,,,,,,,,,,,,,,,,,,,,,,,,,,
873ca3b5-8585-4c00-ad99-d85539183582,08/16/2025,10:15 PM,NordBord-2918,ISO 30,1,1,286.75,294.75,2.714164546225617,107.10112500000001,110.08912500000001,286.75,294.75,2.714164546225617,783.0650000000002,1058.295,26.006926235123462,,,,,,,,,,,,,,,,,,,,,,,,,,,,,,,,,,,,,,,,,,,,,,,,,,,,,
873ca3b5-8585-4c00-ad99-d85539183582,08/16/2025,10:15 PM,NordBord-2918,ISO 30,1,1,284.25,301,5.5647840531561465,106.16737500000002,112.42350000000002,284.25,301,5.5647840531561465,761.104999999999,862.6250000000002,11.768729169685688,,,,,,,,,,,,,,,,,,,,,,,,,,,,,,,,,,,,,,,,,,,,,,,,,,,,,
873ca3b5-8585-4c00-ad99-d85539183582,08/16/2025,10:15 PM,NordBord-2918,ISO 30,1,1,290.25,319.25,9.083790133124515,108.40837500000002,119.23987500000001,290.25,319.25,9.083790133124515,905.0600000000001,796.9150000000001,-11.948931562548337,,,,,,,,,,,,,,,,,,,,,,,,,,,,,,,,,,,,,,,,,,,,,,,,,,,,,
f6ed7c54-46ee-4c06-bd75-0552edd35a86,08/16/2025,10:13 PM,NordBord-2918,ISO 30,1,1,295.5,333.75,11.460674157303375,105.05025,118.64812500000001,295.5,333.75,11.460674157303375,795.9749999999997,891.5200000000003,10.71708991385506,,,,,,,,,,,,,,,,,,,,,,,,,,,,,,,,,,,,,,,,,,,,,,,,,,,,,
f6ed7c54-46ee-4c06-bd75-0552edd35a86,08/16/2025,10:13 PM,NordBord-2918,ISO 30,2,1,305,330.5,7.71558245083207,108.42750000000001,117.49275000000002,177.5,330.5,46.29349470499243,754.1449999999996,812.7299999999996,7.208421000824372,,,,,,,,,,,,,,,,,,,,,,,,,,,,,,,,,,,,,,,,,,,,,,,,,,,,,
f6ed7c54-46ee-4c06-bd75-0552edd35a86,08/16/2025,10:13 PM,NordBord-2918,ISO 30,1,2,314.75,345.5,8.900144717800284,111.89362500000001,122.82525000000001,314.75,213.375,-32.208101667990476,865.7349999999994,1026.2549999999999,15.641336704815123,,,,,,,,,,,,,,,,,,,,,,,,,,,,,,,,,,,,,,,,,,,,,,,,,,,,,
9a1b030b-629b-4dd0-b77e-6543ac15dc67,08/16/2025,10:12 PM,NordBord-2918,ISO 30,1,1,200.25,231.25,13.405405405405402,74.79337500000001,86.37187500000002,200.25,231.25,13.405405405405402,585.4250000000004,696.0850000000002,15.897483784307909,,,,,,,,,,,,,,,,,,,,,,,,,,,,,,,,,,,,,,,,,,,,,,,,,,,,,
9a1b030b-629b-4dd0-b77e-6543ac15dc67,08/16/2025,10:11 PM,NordBord-2918,ISO 30,1,1,225.25,221.5,-1.6648168701442811,84.13087500000002,82.73025000000001,225.25,221.5,-1.6648168701442811,592.295,584.7550000000002,-1.2730142918646492,,,,,,,,,,,,,,,,,,,,,,,,,,,,,,,,,,,,,,,,,,,,,,,,,,,,,
9a1b030b-629b-4dd0-b77e-6543ac15dc67,08/16/2025,10:11 PM,NordBord-2918,ISO 30,1,1,241,234.5,-2.697095435684649,90.01350000000001,87.58575000000002,241,234.5,-2.697095435684649,760.4150000000002,755.31,-0.6713439371922258,,,,,,,,,,,,,,,,,,,,,,,,,,,,,,,,,,,,,,,,,,,,,,,,,,,,,
8ebb21d1-84ab-4846-a228-fdcf1f9a34b9,08/16/2025,10:09 PM,NordBord-2918,ISO 30,1,1,277.75,237.75,-14.4014401440144,103.73962500000002,88.799625,277.75,237.75,-14.4014401440144,712.4149999999995,605.6750000000004,-14.982840058112078,,,,,,,,,,,,,,,,,,,,,,,,,,,,,,,,,,,,,,,,,,,,,,,,,,,,,
8ebb21d1-84ab-4846-a228-fdcf1f9a34b9,08/16/2025,10:09 PM,NordBord-2918,ISO 30,1,1,271.5,250.75,-7.642725598526701,101.40525000000001,93.65512500000001,271.5,250.75,-7.642725598526701,776.6250000000008,701.9599999999999,-9.614035087719397,,,,,,,,,,,,,,,,,,,,,,,,,,,,,,,,,,,,,,,,,,,,,,,,,,,,,
8ebb21d1-84ab-4846-a228-fdcf1f9a34b9,08/16/2025,10:09 PM,NordBord-2918,ISO 30,1,4,269,244.75,-9.01486988847584,100.47150000000002,91.41412500000001,269,114.75,-57.34200743494424,720.1349999999999,780.5899999999995,7.744782792503058,,,,,,,,,,,,,,,,,,,,,,,,,,,,,,,,,,,,,,,,,,,,,,,,,,,,,
a4203d99-23a3-4d17-83a5-edfbf9a266c0,08/16/2025,10:07 PM,NordBord-2918,ISO 30,1,2,236.75,210.25,-11.193241816261878,84.16462500000002,74.743875,236.75,134.875,-43.030623020063366,799.1200000000001,713.2599999999995,-10.744318750625759,,,,,,,,,,,,,,,,,,,,,,,,,,,,,,,,,,,,,,,,,,,,,,,,,,,,,
a4203d99-23a3-4d17-83a5-edfbf9a266c0,08/16/2025,10:07 PM,NordBord-2918,ISO 30,1,1,248,211,-14.919354838709676,88.16400000000002,75.01050000000001,248,211,-14.919354838709676,769.3949999999992,648.32,-15.736390280674984,,,,,,,,,,,,,,,,,,,,,,,,,,,,,,,,,,,,,,,,,,,,,,,,,,,,,
a4203d99-23a3-4d17-83a5-edfbf9a266c0,08/16/2025,10:06 PM,NordBord-2918,ISO 30,1,2,254,215.5,-15.157480314960626,90.29700000000001,76.61025000000001,254,144.875,-42.96259842519685,750.8449999999995,734.915,-2.121609653124079,,,,,,,,,,,,,,,,,,,,,,,,,,,,,,,,,,,,,,,,,,,,,,,,,,,,,
4d7548fb-1fdb-4d4f-9ba6-1620af9f1d2f,08/16/2025,10:05 PM,NordBord-2918,ISO 30,1,1,390.25,331.75,-14.990390775144135,149.270625,126.894375,390.25,331.75,-14.990390775144135,1112.1649999999997,959.6600000000001,-13.71244374710584,,,,,,,,,,,,,,,,,,,,,,,,,,,,,,,,,,,,,,,,,,,,,,,,,,,,,
4d7548fb-1fdb-4d4f-9ba6-1620af9f1d2f,08/16/2025,10:05 PM,NordBord-2918,ISO 30,1,1,369.75,377.25,1.988071570576544,141.429375,144.298125,369.75,377.25,1.988071570576544,1122.3649999999993,1100.8950000000002,-1.9129249397476844,,,,,,,,,,,,,,,,,,,,,,,,,,,,,,,,,,,,,,,,,,,,,,,,,,,,,
4d7548fb-1fdb-4d4f-9ba6-1620af9f1d2f,08/16/2025,10:04 PM,NordBord-2918,ISO 30,1,3,364,339.25,-6.7994505494505475,139.23,129.763125,364,148.91666666666666,-59.08882783882784,1125.7199999999998,1086.4549999999997,-3.4879899086806776,,,,,,,,,,,,,,,,,,,,,,,,,,,,,,,,,,,,,,,,,,,,,,,,,,,,,
854f037e-3158-45cf-b5ea-9c709641e417,08/16/2025,10:03 PM,NordBord-2918,ISO 30,1,1,290.5,178.25,-38.64027538726334,103.27275000000002,63.367875000000005,290.5,178.25,-38.64027538726334,706.2599999999999,381.3799999999998,-46.000056636366224,,,,,,,,,,,,,,,,,,,,,,,,,,,,,,,,,,,,,,,,,,,,,,,,,,,,,
854f037e-3158-45cf-b5ea-9c709641e417,08/16/2025,10:03 PM,NordBord-2918,ISO 30,1,1,320.25,189.75,-40.749414519906324,113.848875,67.45612500000001,320.25,189.75,-40.749414519906324,1183.7100000000019,504.4799999999996,-57.381453227564286,,,,,,,,,,,,,,,,,,,,,,,,,,,,,,,,,,,,,,,,,,,,,,,,,,,,,
854f037e-3158-45cf-b5ea-9c709641e417,08/16/2025,10:03 PM,NordBord-2918,ISO 30,1,1,334.75,212.5,-36.51979088872292,119.00362500000001,75.54375,334.75,212.5,-36.51979088872292,998.6300000000001,510.50500000000017,-48.87946486686759,,,,,,,,,,,,,,,,,,,,,,,,,,,,,,,,,,,,,,,,,,,,,,,,,,,,,
3913038f-bf0f-4ed9-90d1-89e8c404fc9b,08/16/2025,10:01 PM,NordBord-2918,ISO 30,1,1,269.75,257.5,-4.54124189063948,98.32387500000002,93.85875000000001,269.75,257.5,-4.54124189063948,1212.5149999999999,986.35,-18.652552751924713,,,,,,,,,,,,,,,,,,,,,,,,,,,,,,,,,,,,,,,,,,,,,,,,,,,,,
3913038f-bf0f-4ed9-90d1-89e8c404fc9b,08/16/2025,10:01 PM,NordBord-2918,ISO 30,1,1,282,270,-4.255319148936165,102.78900000000002,98.415,282,270,-4.255319148936165,1161.6100000000004,818.82,-29.509904356883997,,,,,,,,,,,,,,,,,,,,,,,,,,,,,,,,,,,,,,,,,,,,,,,,,,,,,
3913038f-bf0f-4ed9-90d1-89e8c404fc9b,08/16/2025,10:01 PM,NordBord-2918,ISO 30,1,2,282,268.25,-4.875886524822692,102.78900000000002,97.77712500000001,282,202.75,-28.102836879432623,1643.4600000000003,1241.5250000000003,-24.456634174242144,,,,,,,,,,,,,,,,,,,,,,,,,,,,,,,,,,,,,,,,,,,,,,,,,,,,,
bdfb9b9d-6ac1-4b34-88c0-eadd54d63a2d,08/16/2025,10:00 PM,NordBord-2918,ISO 30,1,1,272,217.5,-20.036764705882348,94.248,75.36375000000001,272,217.5,-20.036764705882348,730.545,571.2,-21.811798041188414,,,,,,,,,,,,,,,,,,,,,,,,,,,,,,,,,,,,,,,,,,,,,,,,,,,,,
bdfb9b9d-6ac1-4b34-88c0-eadd54d63a2d,08/16/2025,10:00 PM,NordBord-2918,ISO 30,1,1,285,227.25,-20.26315789473684,98.75250000000001,78.742125,285,227.25,-20.26315789473684,700.3800000000005,579.9949999999999,-17.188526228618816,,,,,,,,,,,,,,,,,,,,,,,,,,,,,,,,,,,,,,,,,,,,,,,,,,,,,
bdfb9b9d-6ac1-4b34-88c0-eadd54d63a2d,08/16/2025,10:00 PM,NordBord-2918,ISO 30,1,1,292,231,-20.890410958904106,101.17800000000001,80.04150000000001,292,231,-20.890410958904106,707.5250000000001,579.8650000000001,-18.04317868626549,,,,,,,,,,,,,,,,,,,,,,,,,,,,,,,,,,,,,,,,,,,,,,,,,,,,,
f3293177-dfe2-45e1-8f9e-d774d61c92ec,08/16/2025,9:59 PM,NordBord-2918,ISO 30,1,1,174.5,132.5,-24.068767908309454,63.605250000000005,48.29625000000001,174.5,132.5,-24.068767908309454,455.78999999999985,359.4649999999997,-21.133636104346344,,,,,,,,,,,,,,,,,,,,,,,,,,,,,,,,,,,,,,,,,,,,,,,,,,,,,
f3293177-dfe2-45e1-8f9e-d774d61c92ec,08/16/2025,9:58 PM,NordBord-2918,ISO 30,1,1,194.75,146,-25.032092426187425,70.98637500000001,53.217000000000006,194.75,146,-25.032092426187425,422.6950000000001,334.425,-20.88266953713672,,,,,,,,,,,,,,,,,,,,,,,,,,,,,,,,,,,,,,,,,,,,,,,,,,,,,
f3293177-dfe2-45e1-8f9e-d774d61c92ec,08/16/2025,9:58 PM,NordBord-2918,ISO 30,2,2,189.25,163,-13.870541611624832,68.98162500000001,59.413500000000006,124.125,113.125,-8.86203423967774,586.7599999999996,498.025,-15.122878178471556,,,,,,,,,,,,,,,,,,,,,,,,,,,,,,,,,,,,,,,,,,,,,,,,,,,,,
a0df75c5-ae50-43af-9b2a-41855646740c,08/16/2025,9:57 PM,NordBord-2918,ISO 30,1,2,298.25,294.75,-1.1735121542330251,92.606625,91.519875,298.25,175,-41.3243922883487,666.6549999999997,639.9499999999998,-4.005820101851776,,,,,,,,,,,,,,,,,,,,,,,,,,,,,,,,,,,,,,,,,,,,,,,,,,,,,
a0df75c5-ae50-43af-9b2a-41855646740c,08/16/2025,9:56 PM,NordBord-2918,ISO 30,1,1,320,303.25,-5.234375000000002,99.36,94.159125,320,303.25,-5.234375000000002,615.235,583.8650000000001,-5.098864661470803,,,,,,,,,,,,,,,,,,,,,,,,,,,,,,,,,,,,,,,,,,,,,,,,,,,,,
a0df75c5-ae50-43af-9b2a-41855646740c,08/16/2025,9:56 PM,NordBord-2918,ISO 30,1,1,282.75,287.5,1.6521739130434754,87.793875,89.26875,282.75,287.5,1.6521739130434754,629.6150000000002,615.9250000000001,-2.174344639184289,,,,,,,,,,,,,,,,,,,,,,,,,,,,,,,,,,,,,,,,,,,,,,,,,,,,,
3f981991-e2dc-4ee4-bb4b-5733733a12e1,08/16/2025,9:55 PM,NordBord-2918,ISO 30,1,2,269.75,235.25,-12.789620018535686,100.75162500000002,87.86587500000002,269.75,147.75,-45.22706209453198,832.4849999999998,756.855,-9.08484837564638,,,,,,,,,,,,,,,,,,,,,,,,,,,,,,,,,,,,,,,,,,,,,,,,,,,,,
3f981991-e2dc-4ee4-bb4b-5733733a12e1,08/16/2025,9:55 PM,NordBord-2918,ISO 30,1,1,272.5,242,-11.192660550458712,101.77875000000002,90.38700000000001,272.5,242,-11.192660550458712,1005.5350000000001,994.6400000000012,-1.0835028119358214,,,,,,,,,,,,,,,,,,,,,,,,,,,,,,,,,,,,,,,,,,,,,,,,,,,,,
3f981991-e2dc-4ee4-bb4b-5733733a12e1,08/16/2025,9:54 PM,NordBord-2918,ISO 30,2,2,264.75,233,-11.992445703493859,98.88412500000001,87.02550000000001,160.75,155.375,-3.3437013996889586,1296.014999999999,1317.88,1.6591040155401915,,,,,,,,,,,,,,,,,,,,,,,,,,,,,,,,,,,,,,,,,,,,,,,,,,,,,
87e2d9bf-dadc-4202-b483-2e3fee35834a,08/16/2025,9:53 PM,NordBord-2918,ISO 30,1,1,195.5,217.25,10.011507479861914,69.50025000000001,77.232375,195.5,217.25,10.011507479861914,627.0699999999998,683.54,8.26140386809845,,,,,,,,,,,,,,,,,,,,,,,,,,,,,,,,,,,,,,,,,,,,,,,,,,,,,
87e2d9bf-dadc-4202-b483-2e3fee35834a,08/16/2025,9:53 PM,NordBord-2918,ISO 30,1,1,240.75,259.75,7.314725697786328,85.58662500000001,92.341125,240.75,259.75,7.314725697786328,679.7149999999999,729.9700000000001,6.884529501212411,,,,,,,,,,,,,,,,,,,,,,,,,,,,,,,,,,,,,,,,,,,,,,,,,,,,,
87e2d9bf-dadc-4202-b483-2e3fee35834a,08/16/2025,9:53 PM,NordBord-2918,ISO 30,1,1,242.5,253.75,4.433497536945808,86.20875000000001,90.20812500000001,242.5,253.75,4.433497536945808,690.4750000000006,720.5000000000005,4.167244968771666,,,,,,,,,,,,,,,,,,,,,,,,,,,,,,,,,,,,,,,,,,,,,,,,,,,,,
cbe72f8c-5ae1-465a-a3f5-45039d13e470,08/16/2025,9:52 PM,NordBord-2918,ISO 30,1,1,228,267,14.60674157303371,81.054,94.91850000000001,228,267,14.60674157303371,561.2850000000003,625.6900000000004,10.293436046604555,,,,,,,,,,,,,,,,,,,,,,,,,,,,,,,,,,,,,,,,,,,,,,,,,,,,,
cbe72f8c-5ae1-465a-a3f5-45039d13e470,08/16/2025,9:52 PM,NordBord-2918,ISO 30,1,1,246.5,299,17.558528428093645,87.63075,106.29450000000001,246.5,299,17.558528428093645,775.9199999999997,887.2099999999995,12.543817134612977,,,,,,,,,,,,,,,,,,,,,,,,,,,,,,,,,,,,,,,,,,,,,,,,,,,,,
cbe72f8c-5ae1-465a-a3f5-45039d13e470,08/16/2025,9:51 PM,NordBord-2918,ISO 30,1,1,251.75,294.5,14.516129032258062,89.49712500000001,104.69475000000001,251.75,294.5,14.516129032258062,806.9350000000001,825.5349999999997,2.2530843634733455,,,,,,,,,,,,,,,,,,,,,,,,,,,,,,,,,,,,,,,,,,,,,,,,,,,,,
5fd8792f-7d52-4132-9444-5e58d7578023,08/16/2025,9:51 PM,NordBord-2918,ISO 30,1,1,256.5,288.75,11.168831168831172,91.18575000000001,102.650625,256.5,288.75,11.168831168831172,792.7599999999998,1053.6349999999995,24.75952298471481,,,,,,,,,,,,,,,,,,,,,,,,,,,,,,,,,,,,,,,,,,,,,,,,,,,,,
5fd8792f-7d52-4132-9444-5e58d7578023,08/16/2025,9:50 PM,NordBord-2918,ISO 30,1,1,262.25,295.5,11.252115059221657,93.229875,105.05025,262.25,295.5,11.252115059221657,744.2400000000006,952.975,21.90351268396332,,,,,,,,,,,,,,,,,,,,,,,,,,,,,,,,,,,,,,,,,,,,,,,,,,,,,
5fd8792f-7d52-4132-9444-5e58d7578023,08/16/2025,9:50 PM,NordBord-2918,ISO 30,1,1,294.25,331.25,11.169811320754718,104.60587500000001,117.759375,294.25,331.25,11.169811320754718,766.7500000000003,1098.8050000000003,30.219647708192067,,,,,,,,,,,,,,,,,,,,,,,,,,,,,,,,,,,,,,,,,,,,,,,,,,,,,
cdef4326-dae2-4775-b842-4fd3fe5f34a5,08/16/2025,9:49 PM,NordBord-2918,ISO 30,1,1,315,286.5,-9.04761904761905,111.98250000000002,101.85075,315,286.5,-9.04761904761905,709.39,678.275,-4.386162759553979,,,,,,,,,,,,,,,,,,,,,,,,,,,,,,,,,,,,,,,,,,,,,,,,,,,,,
cdef4326-dae2-4775-b842-4fd3fe5f34a5,08/16/2025,9:49 PM,NordBord-2918,ISO 30,1,1,350.5,315.75,-9.914407988587737,124.60275000000001,112.249125,350.5,315.75,-9.914407988587737,782.9699999999998,715.0350000000003,-8.676577646653062,,,,,,,,,,,,,,,,,,,,,,,,,,,,,,,,,,,,,,,,,,,,,,,,,,,,,
cdef4326-dae2-4775-b842-4fd3fe5f34a5,08/16/2025,9:49 PM,NordBord-2918,ISO 30,1,1,322.75,301.75,-6.506584043377228,114.73762500000001,107.27212500000002,322.75,301.75,-6.506584043377228,727.4400000000005,660.5649999999999,-9.193198064445252,,,,,,,,,,,,,,,,,,,,,,,,,,,,,,,,,,,,,,,,,,,,,,,,,,,,,
dd1bb780-41f7-4d52-8f83-3088c584ca70,08/16/2025,9:48 PM,NordBord-2918,ISO 30,1,1,215,210.75,-1.9767441860465085,80.30250000000001,78.71512500000001,215,210.75,-1.9767441860465085,641.7350000000001,686.3,6.493515955121643,,,,,,,,,,,,,,,,,,,,,,,,,,,,,,,,,,,,,,,,,,,,,,,,,,,,,
dd1bb780-41f7-4d52-8f83-3088c584ca70,08/16/2025,9:48 PM,NordBord-2918,ISO 30,1,1,224.75,217.75,-3.1145717463848754,83.94412500000001,81.32962500000001,224.75,217.75,-3.1145717463848754,694.5299999999996,721.5449999999998,3.7440492276989312,,,,,,,,,,,,,,,,,,,,,,,,,,,,,,,,,,,,,,,,,,,,,,,,,,,,,
dd1bb780-41f7-4d52-8f83-3088c584ca70,08/16/2025,9:47 PM,NordBord-2918,ISO 30,1,1,252.5,239.25,-5.247524752475252,94.30875000000002,89.35987500000002,252.5,239.25,-5.247524752475252,760.63,721.0400000000001,-5.204895941522148,,,,,,,,,,,,,,,,,,,,,,,,,,,,,,,,,,,,,,,,,,,,,,,,,,,,,
22254221-cc7b-4ece-831b-7753a96090d1,08/16/2025,9:47 PM,NordBord-2918,ISO 30,1,1,165.75,269.75,38.55421686746988,58.924125000000004,95.89612500000001,165.75,269.75,38.55421686746988,647.9599999999999,1041.24,37.77035073566134,,,,,,,,,,,,,,,,,,,,,,,,,,,,,,,,,,,,,,,,,,,,,,,,,,,,,
22254221-cc7b-4ece-831b-7753a96090d1,08/16/2025,9:46 PM,NordBord-2918,ISO 30,1,1,242.25,286.75,15.518744551002616,86.11987500000001,101.939625,242.25,286.75,15.518744551002616,621.9950000000001,720.3449999999999,13.65318007343701,,,,,,,,,,,,,,,,,,,,,,,,,,,,,,,,,,,,,,,,,,,,,,,,,,,,,
22254221-cc7b-4ece-831b-7753a96090d1,08/16/2025,9:46 PM,NordBord-2918,ISO 30,1,1,246.75,260.75,5.369127516778526,87.71962500000001,92.69662500000001,246.75,260.75,5.369127516778526,858.805000000001,876.8999999999997,2.0635192154178084,,,,,,,,,,,,,,,,,,,,,,,,,,,,,,,,,,,,,,,,,,,,,,,,,,,,,
